ISO-10303-21;
HEADER;
/* Generated by software containing ST-Developer
 * from STEP Tools, Inc. (www.steptools.com) 
 */
/* OPTION: using custom renumber hook */

FILE_DESCRIPTION(
/* description */ ('STEP AP242',
'CAx-IF Rec.Pracs.---Representation and Presentation of Product Manufa
cturing Information (PMI)---4.0---2014-10-13',
'CAx-IF Rec.Pracs.---3D Tessellated Geometry---0.4---2014-09-14','2;1',
'CAx-IF Rec.Pracs.---User Defined Attributes---1.5---2016-08-15'),
/* implementation_level */ '2;1');

FILE_NAME(
/* name */ '691ec5ad37321b193ed5f0c8',
/* time_stamp */ '2025-11-20T07:39:26Z',
/* author */ (''),
/* organization */ (''),
/* preprocessor_version */ 'ST-DEVELOPER v20',
/* originating_system */ 'ONSHAPE BY PTC INC, 1.206',
/* authorisation */ '  ');

FILE_SCHEMA (('AP242_MANAGED_MODEL_BASED_3D_ENGINEERING_MIM_LF { 1 0 10303 442 1 1 4 }'));
ENDSEC;

DATA;
#10=SHAPE_REPRESENTATION_RELATIONSHIP('','',#3960,#11);
#11=ADVANCED_BREP_SHAPE_REPRESENTATION('',(#3958),#6508);
#12=CONICAL_SURFACE('',#4103,0.0012,0.785398163397427);
#13=CONICAL_SURFACE('',#4105,0.0012,0.785398163397427);
#14=CONICAL_SURFACE('',#4226,0.0028,0.785398163397454);
#15=CONICAL_SURFACE('',#4227,0.0028,0.785398163397448);
#16=CONICAL_SURFACE('',#4228,0.000875,0.78539816339745);
#17=CONICAL_SURFACE('',#4231,0.000875,0.785398163397446);
#18=CONICAL_SURFACE('',#4233,0.001175,0.785398163397456);
#19=CONICAL_SURFACE('',#4234,0.001175,0.785398163397452);
#20=CONICAL_SURFACE('',#4236,0.000875,0.78539816339745);
#21=CONICAL_SURFACE('',#4239,0.000875,0.785398163397446);
#22=CONICAL_SURFACE('',#4241,0.00117499999999812,0.785398163397446);
#23=CONICAL_SURFACE('',#4242,0.00117500000000189,0.78539816339745);
#24=CONICAL_SURFACE('',#4253,0.002,0.785398163397445);
#25=CONICAL_SURFACE('',#4271,0.0011,0.78539816339745);
#26=CONICAL_SURFACE('',#4273,0.0016,0.785398163397449);
#27=CONICAL_SURFACE('',#4276,0.0005,0.785398163397448);
#28=CONICAL_SURFACE('',#4278,0.0005,0.785398163397443);
#29=CONICAL_SURFACE('',#4281,0.0005,0.785398163397446);
#30=CONICAL_SURFACE('',#4283,0.0005,0.785398163397443);
#31=B_SPLINE_CURVE_WITH_KNOTS('',3,(#5952,#5953,#5954,#5955),
 .UNSPECIFIED.,.F.,.F.,(4,4),(0.,0.00127524172861816),.UNSPECIFIED.);
#32=B_SPLINE_CURVE_WITH_KNOTS('',3,(#6027,#6028,#6029,#6030),
 .UNSPECIFIED.,.F.,.F.,(4,4),(0.,0.00128583186151573),.UNSPECIFIED.);
#33=ELLIPSE('',#4068,0.000565685424949238,0.0004);
#34=ELLIPSE('',#4086,0.000565685424949238,0.0004);
#35=ELLIPSE('',#4107,0.000565685424949237,0.0004);
#36=ELLIPSE('',#4127,0.000707106781186547,0.0005);
#37=ELLIPSE('',#4130,0.000707106781186548,0.0005);
#38=ELLIPSE('',#4132,0.000707106781186548,0.0005);
#39=ELLIPSE('',#4134,0.000707106781186548,0.0005);
#40=ELLIPSE('',#4139,0.000707106781186548,0.0005);
#41=ELLIPSE('',#4142,0.000707106781186548,0.0005);
#42=ELLIPSE('',#4145,0.000707106781186548,0.0005);
#43=ELLIPSE('',#4147,0.000707106781186547,0.0005);
#44=ELLIPSE('',#4151,0.000565685424949238,0.0004);
#45=ELLIPSE('',#4152,0.000565685424951016,0.0004);
#46=ELLIPSE('',#4154,0.000565685424949237,0.0004);
#47=ELLIPSE('',#4156,0.000565685424947461,0.0004);
#48=ELLIPSE('',#4157,0.00056568542494924,0.0004);
#49=CYLINDRICAL_SURFACE('',#3998,0.0002375);
#50=CYLINDRICAL_SURFACE('',#4000,0.0002375);
#51=CYLINDRICAL_SURFACE('',#4002,0.0021);
#52=CYLINDRICAL_SURFACE('',#4007,0.0021);
#53=CYLINDRICAL_SURFACE('',#4090,0.0011);
#54=CYLINDRICAL_SURFACE('',#4097,0.0011);
#55=CYLINDRICAL_SURFACE('',#4118,0.0017);
#56=CYLINDRICAL_SURFACE('',#4128,0.0005);
#57=CYLINDRICAL_SURFACE('',#4136,0.0005);
#58=CYLINDRICAL_SURFACE('',#4140,0.0005);
#59=CYLINDRICAL_SURFACE('',#4148,0.0005);
#60=CYLINDRICAL_SURFACE('',#4150,0.0004);
#61=CYLINDRICAL_SURFACE('',#4155,0.0004);
#62=CYLINDRICAL_SURFACE('',#4158,0.0017);
#63=CYLINDRICAL_SURFACE('',#4164,0.0002375);
#64=CYLINDRICAL_SURFACE('',#4167,0.0002375);
#65=CYLINDRICAL_SURFACE('',#4191,0.000875);
#66=CYLINDRICAL_SURFACE('',#4195,0.000875);
#67=CYLINDRICAL_SURFACE('',#4199,0.000875);
#68=CYLINDRICAL_SURFACE('',#4203,0.000875);
#69=CYLINDRICAL_SURFACE('',#4206,0.00185);
#70=CYLINDRICAL_SURFACE('',#4209,0.0025);
#71=CYLINDRICAL_SURFACE('',#4211,0.00185);
#72=CYLINDRICAL_SURFACE('',#4214,0.0025);
#73=CIRCLE('',#3976,0.0002375);
#74=CIRCLE('',#3977,0.0002375);
#75=CIRCLE('',#3979,0.0017);
#76=CIRCLE('',#3981,0.0017);
#77=CIRCLE('',#3983,0.0021);
#78=CIRCLE('',#3984,0.0002375);
#79=CIRCLE('',#3986,0.0017);
#80=CIRCLE('',#3988,0.0021);
#81=CIRCLE('',#3989,0.0002375);
#82=CIRCLE('',#3991,0.0002375);
#83=CIRCLE('',#3993,0.0017);
#84=CIRCLE('',#3995,0.0021);
#85=CIRCLE('',#3997,0.0021);
#86=CIRCLE('',#3999,0.0002375);
#87=CIRCLE('',#4001,0.0002375);
#88=CIRCLE('',#4003,0.0021);
#89=CIRCLE('',#4008,0.0021);
#90=CIRCLE('',#4018,0.0025);
#91=CIRCLE('',#4019,0.00185);
#92=CIRCLE('',#4021,0.00185);
#93=CIRCLE('',#4022,0.0025);
#94=CIRCLE('',#4024,0.0025);
#95=CIRCLE('',#4026,0.00185);
#96=CIRCLE('',#4027,0.0025);
#97=CIRCLE('',#4029,0.0025);
#98=CIRCLE('',#4031,0.00185);
#99=CIRCLE('',#4032,0.0025);
#100=CIRCLE('',#4034,0.0025);
#101=CIRCLE('',#4044,0.0025);
#102=CIRCLE('',#4045,0.00185);
#103=CIRCLE('',#4047,0.00185);
#104=CIRCLE('',#4048,0.0025);
#105=CIRCLE('',#4050,0.0025);
#106=CIRCLE('',#4052,0.00185);
#107=CIRCLE('',#4053,0.0025);
#108=CIRCLE('',#4055,0.0025);
#109=CIRCLE('',#4057,0.00185);
#110=CIRCLE('',#4058,0.0025);
#111=CIRCLE('',#4060,0.0025);
#112=CIRCLE('',#4062,0.001175);
#113=CIRCLE('',#4063,0.001175);
#114=CIRCLE('',#4064,0.00185);
#115=CIRCLE('',#4070,0.0028000000000176);
#116=CIRCLE('',#4071,0.0028000000000176);
#117=CIRCLE('',#4072,0.00117499999999074);
#118=CIRCLE('',#4073,0.00117500000000927);
#119=CIRCLE('',#4074,0.00117500000000927);
#120=CIRCLE('',#4075,0.00117499999999074);
#121=CIRCLE('',#4076,0.002);
#122=CIRCLE('',#4077,0.0014);
#123=CIRCLE('',#4078,0.0014);
#124=CIRCLE('',#4080,0.001175);
#125=CIRCLE('',#4081,0.001175);
#126=CIRCLE('',#4082,0.00185);
#127=CIRCLE('',#4091,0.0011);
#128=CIRCLE('',#4092,0.0011);
#129=CIRCLE('',#4098,0.0011);
#130=CIRCLE('',#4099,0.0011);
#131=CIRCLE('',#4119,0.0017);
#132=CIRCLE('',#4120,0.0017);
#133=CIRCLE('',#4122,0.0017);
#134=CIRCLE('',#4123,0.0016);
#135=CIRCLE('',#4124,0.0016);
#136=CIRCLE('',#4129,0.0005);
#137=CIRCLE('',#4137,0.0005);
#138=CIRCLE('',#4141,0.0005);
#139=CIRCLE('',#4149,0.0005);
#140=CIRCLE('',#4161,0.0002375);
#141=CIRCLE('',#4162,0.0002375);
#142=CIRCLE('',#4166,0.0002375);
#143=CIRCLE('',#4192,0.000875);
#144=CIRCLE('',#4193,0.000875);
#145=CIRCLE('',#4196,0.000875);
#146=CIRCLE('',#4197,0.000875);
#147=CIRCLE('',#4200,0.000875);
#148=CIRCLE('',#4201,0.000875);
#149=CIRCLE('',#4204,0.000875);
#150=CIRCLE('',#4205,0.000875);
#151=CIRCLE('',#4208,0.0025);
#152=CIRCLE('',#4210,0.0025);
#153=CIRCLE('',#4213,0.0025);
#154=CIRCLE('',#4215,0.0025);
#155=ORIENTED_EDGE('',*,*,#1257,.F.);
#156=ORIENTED_EDGE('',*,*,#1258,.F.);
#157=ORIENTED_EDGE('',*,*,#1259,.T.);
#158=ORIENTED_EDGE('',*,*,#1260,.T.);
#159=ORIENTED_EDGE('',*,*,#1261,.T.);
#160=ORIENTED_EDGE('',*,*,#1262,.F.);
#161=ORIENTED_EDGE('',*,*,#1261,.F.);
#162=ORIENTED_EDGE('',*,*,#1263,.T.);
#163=ORIENTED_EDGE('',*,*,#1264,.T.);
#164=ORIENTED_EDGE('',*,*,#1265,.T.);
#165=ORIENTED_EDGE('',*,*,#1266,.F.);
#166=ORIENTED_EDGE('',*,*,#1267,.F.);
#167=ORIENTED_EDGE('',*,*,#1268,.T.);
#168=ORIENTED_EDGE('',*,*,#1269,.T.);
#169=ORIENTED_EDGE('',*,*,#1270,.T.);
#170=ORIENTED_EDGE('',*,*,#1271,.F.);
#171=ORIENTED_EDGE('',*,*,#1270,.F.);
#172=ORIENTED_EDGE('',*,*,#1272,.T.);
#173=ORIENTED_EDGE('',*,*,#1273,.T.);
#174=ORIENTED_EDGE('',*,*,#1274,.T.);
#175=ORIENTED_EDGE('',*,*,#1275,.T.);
#176=ORIENTED_EDGE('',*,*,#1276,.F.);
#177=ORIENTED_EDGE('',*,*,#1277,.F.);
#178=ORIENTED_EDGE('',*,*,#1273,.F.);
#179=ORIENTED_EDGE('',*,*,#1278,.F.);
#180=ORIENTED_EDGE('',*,*,#1274,.F.);
#181=ORIENTED_EDGE('',*,*,#1279,.T.);
#182=ORIENTED_EDGE('',*,*,#1280,.T.);
#183=ORIENTED_EDGE('',*,*,#1281,.F.);
#184=ORIENTED_EDGE('',*,*,#1280,.F.);
#185=ORIENTED_EDGE('',*,*,#1282,.T.);
#186=ORIENTED_EDGE('',*,*,#1258,.T.);
#187=ORIENTED_EDGE('',*,*,#1283,.T.);
#188=ORIENTED_EDGE('',*,*,#1259,.F.);
#189=ORIENTED_EDGE('',*,*,#1284,.F.);
#190=ORIENTED_EDGE('',*,*,#1285,.T.);
#191=ORIENTED_EDGE('',*,*,#1286,.F.);
#192=ORIENTED_EDGE('',*,*,#1287,.F.);
#193=ORIENTED_EDGE('',*,*,#1288,.T.);
#194=ORIENTED_EDGE('',*,*,#1267,.T.);
#195=ORIENTED_EDGE('',*,*,#1289,.T.);
#196=ORIENTED_EDGE('',*,*,#1268,.F.);
#197=ORIENTED_EDGE('',*,*,#1290,.F.);
#198=ORIENTED_EDGE('',*,*,#1291,.T.);
#199=ORIENTED_EDGE('',*,*,#1292,.T.);
#200=ORIENTED_EDGE('',*,*,#1293,.F.);
#201=ORIENTED_EDGE('',*,*,#1294,.F.);
#202=ORIENTED_EDGE('',*,*,#1264,.F.);
#203=ORIENTED_EDGE('',*,*,#1295,.F.);
#204=ORIENTED_EDGE('',*,*,#1265,.F.);
#205=ORIENTED_EDGE('',*,*,#1296,.T.);
#206=ORIENTED_EDGE('',*,*,#1287,.T.);
#207=ORIENTED_EDGE('',*,*,#1297,.T.);
#208=ORIENTED_EDGE('',*,*,#1298,.T.);
#209=ORIENTED_EDGE('',*,*,#1263,.F.);
#210=ORIENTED_EDGE('',*,*,#1260,.F.);
#211=ORIENTED_EDGE('',*,*,#1299,.T.);
#212=ORIENTED_EDGE('',*,*,#1269,.F.);
#213=ORIENTED_EDGE('',*,*,#1300,.T.);
#214=ORIENTED_EDGE('',*,*,#1301,.F.);
#215=ORIENTED_EDGE('',*,*,#1302,.T.);
#216=ORIENTED_EDGE('',*,*,#1303,.T.);
#217=ORIENTED_EDGE('',*,*,#1304,.T.);
#218=ORIENTED_EDGE('',*,*,#1272,.F.);
#219=ORIENTED_EDGE('',*,*,#1262,.T.);
#220=ORIENTED_EDGE('',*,*,#1295,.T.);
#221=ORIENTED_EDGE('',*,*,#1305,.F.);
#222=ORIENTED_EDGE('',*,*,#1306,.F.);
#223=ORIENTED_EDGE('',*,*,#1286,.T.);
#224=ORIENTED_EDGE('',*,*,#1266,.T.);
#225=ORIENTED_EDGE('',*,*,#1307,.F.);
#226=ORIENTED_EDGE('',*,*,#1284,.T.);
#227=ORIENTED_EDGE('',*,*,#1282,.F.);
#228=ORIENTED_EDGE('',*,*,#1279,.F.);
#229=ORIENTED_EDGE('',*,*,#1277,.T.);
#230=ORIENTED_EDGE('',*,*,#1308,.F.);
#231=ORIENTED_EDGE('',*,*,#1309,.T.);
#232=ORIENTED_EDGE('',*,*,#1281,.T.);
#233=ORIENTED_EDGE('',*,*,#1257,.T.);
#234=ORIENTED_EDGE('',*,*,#1310,.F.);
#235=ORIENTED_EDGE('',*,*,#1296,.F.);
#236=ORIENTED_EDGE('',*,*,#1294,.T.);
#237=ORIENTED_EDGE('',*,*,#1311,.F.);
#238=ORIENTED_EDGE('',*,*,#1312,.T.);
#239=ORIENTED_EDGE('',*,*,#1313,.F.);
#240=ORIENTED_EDGE('',*,*,#1290,.T.);
#241=ORIENTED_EDGE('',*,*,#1288,.F.);
#242=ORIENTED_EDGE('',*,*,#1300,.F.);
#243=ORIENTED_EDGE('',*,*,#1289,.F.);
#244=ORIENTED_EDGE('',*,*,#1314,.F.);
#245=ORIENTED_EDGE('',*,*,#1315,.F.);
#246=ORIENTED_EDGE('',*,*,#1271,.T.);
#247=ORIENTED_EDGE('',*,*,#1278,.T.);
#248=ORIENTED_EDGE('',*,*,#1316,.F.);
#249=ORIENTED_EDGE('',*,*,#1298,.F.);
#250=ORIENTED_EDGE('',*,*,#1317,.T.);
#251=ORIENTED_EDGE('',*,*,#1318,.T.);
#252=ORIENTED_EDGE('',*,*,#1319,.F.);
#253=ORIENTED_EDGE('',*,*,#1292,.F.);
#254=ORIENTED_EDGE('',*,*,#1283,.F.);
#255=ORIENTED_EDGE('',*,*,#1320,.F.);
#256=ORIENTED_EDGE('',*,*,#1321,.T.);
#257=ORIENTED_EDGE('',*,*,#1322,.T.);
#258=ORIENTED_EDGE('',*,*,#1299,.F.);
#259=ORIENTED_EDGE('',*,*,#1309,.F.);
#260=ORIENTED_EDGE('',*,*,#1323,.F.);
#261=ORIENTED_EDGE('',*,*,#1324,.F.);
#262=ORIENTED_EDGE('',*,*,#1325,.T.);
#263=ORIENTED_EDGE('',*,*,#1312,.F.);
#264=ORIENTED_EDGE('',*,*,#1326,.T.);
#265=ORIENTED_EDGE('',*,*,#1327,.F.);
#266=ORIENTED_EDGE('',*,*,#1328,.T.);
#267=ORIENTED_EDGE('',*,*,#1326,.F.);
#268=ORIENTED_EDGE('',*,*,#1311,.T.);
#269=ORIENTED_EDGE('',*,*,#1293,.T.);
#270=ORIENTED_EDGE('',*,*,#1319,.T.);
#271=ORIENTED_EDGE('',*,*,#1329,.T.);
#272=ORIENTED_EDGE('',*,*,#1330,.T.);
#273=ORIENTED_EDGE('',*,*,#1331,.F.);
#274=ORIENTED_EDGE('',*,*,#1332,.T.);
#275=ORIENTED_EDGE('',*,*,#1321,.F.);
#276=ORIENTED_EDGE('',*,*,#1333,.F.);
#277=ORIENTED_EDGE('',*,*,#1318,.F.);
#278=ORIENTED_EDGE('',*,*,#1334,.T.);
#279=ORIENTED_EDGE('',*,*,#1335,.F.);
#280=ORIENTED_EDGE('',*,*,#1329,.F.);
#281=ORIENTED_EDGE('',*,*,#1314,.T.);
#282=ORIENTED_EDGE('',*,*,#1291,.F.);
#283=ORIENTED_EDGE('',*,*,#1313,.T.);
#284=ORIENTED_EDGE('',*,*,#1328,.F.);
#285=ORIENTED_EDGE('',*,*,#1336,.F.);
#286=ORIENTED_EDGE('',*,*,#1337,.T.);
#287=ORIENTED_EDGE('',*,*,#1333,.T.);
#288=ORIENTED_EDGE('',*,*,#1320,.T.);
#289=ORIENTED_EDGE('',*,*,#1285,.F.);
#290=ORIENTED_EDGE('',*,*,#1307,.T.);
#291=ORIENTED_EDGE('',*,*,#1325,.F.);
#292=ORIENTED_EDGE('',*,*,#1338,.T.);
#293=ORIENTED_EDGE('',*,*,#1339,.F.);
#294=ORIENTED_EDGE('',*,*,#1340,.F.);
#295=ORIENTED_EDGE('',*,*,#1341,.T.);
#296=ORIENTED_EDGE('',*,*,#1342,.T.);
#297=ORIENTED_EDGE('',*,*,#1343,.F.);
#298=ORIENTED_EDGE('',*,*,#1344,.F.);
#299=ORIENTED_EDGE('',*,*,#1345,.T.);
#300=ORIENTED_EDGE('',*,*,#1340,.T.);
#301=ORIENTED_EDGE('',*,*,#1346,.F.);
#302=ORIENTED_EDGE('',*,*,#1347,.F.);
#303=ORIENTED_EDGE('',*,*,#1348,.T.);
#304=ORIENTED_EDGE('',*,*,#1349,.T.);
#305=ORIENTED_EDGE('',*,*,#1350,.F.);
#306=ORIENTED_EDGE('',*,*,#1351,.F.);
#307=ORIENTED_EDGE('',*,*,#1352,.T.);
#308=ORIENTED_EDGE('',*,*,#1347,.T.);
#309=ORIENTED_EDGE('',*,*,#1353,.F.);
#310=ORIENTED_EDGE('',*,*,#1354,.F.);
#311=ORIENTED_EDGE('',*,*,#1355,.T.);
#312=ORIENTED_EDGE('',*,*,#1356,.T.);
#313=ORIENTED_EDGE('',*,*,#1357,.F.);
#314=ORIENTED_EDGE('',*,*,#1358,.F.);
#315=ORIENTED_EDGE('',*,*,#1359,.T.);
#316=ORIENTED_EDGE('',*,*,#1354,.T.);
#317=ORIENTED_EDGE('',*,*,#1360,.F.);
#318=ORIENTED_EDGE('',*,*,#1361,.F.);
#319=ORIENTED_EDGE('',*,*,#1362,.T.);
#320=ORIENTED_EDGE('',*,*,#1363,.T.);
#321=ORIENTED_EDGE('',*,*,#1364,.F.);
#322=ORIENTED_EDGE('',*,*,#1365,.F.);
#323=ORIENTED_EDGE('',*,*,#1366,.T.);
#324=ORIENTED_EDGE('',*,*,#1361,.T.);
#325=ORIENTED_EDGE('',*,*,#1367,.F.);
#326=ORIENTED_EDGE('',*,*,#1357,.T.);
#327=ORIENTED_EDGE('',*,*,#1368,.T.);
#328=ORIENTED_EDGE('',*,*,#1346,.T.);
#329=ORIENTED_EDGE('',*,*,#1369,.T.);
#330=ORIENTED_EDGE('',*,*,#1353,.T.);
#331=ORIENTED_EDGE('',*,*,#1370,.F.);
#332=ORIENTED_EDGE('',*,*,#1343,.T.);
#333=ORIENTED_EDGE('',*,*,#1359,.F.);
#334=ORIENTED_EDGE('',*,*,#1371,.F.);
#335=ORIENTED_EDGE('',*,*,#1355,.F.);
#336=ORIENTED_EDGE('',*,*,#1372,.T.);
#337=ORIENTED_EDGE('',*,*,#1339,.T.);
#338=ORIENTED_EDGE('',*,*,#1373,.F.);
#339=ORIENTED_EDGE('',*,*,#1364,.T.);
#340=ORIENTED_EDGE('',*,*,#1345,.F.);
#341=ORIENTED_EDGE('',*,*,#1374,.F.);
#342=ORIENTED_EDGE('',*,*,#1341,.F.);
#343=ORIENTED_EDGE('',*,*,#1375,.T.);
#344=ORIENTED_EDGE('',*,*,#1360,.T.);
#345=ORIENTED_EDGE('',*,*,#1376,.F.);
#346=ORIENTED_EDGE('',*,*,#1350,.T.);
#347=ORIENTED_EDGE('',*,*,#1366,.F.);
#348=ORIENTED_EDGE('',*,*,#1377,.F.);
#349=ORIENTED_EDGE('',*,*,#1362,.F.);
#350=ORIENTED_EDGE('',*,*,#1378,.F.);
#351=ORIENTED_EDGE('',*,*,#1379,.F.);
#352=ORIENTED_EDGE('',*,*,#1380,.T.);
#353=ORIENTED_EDGE('',*,*,#1381,.T.);
#354=ORIENTED_EDGE('',*,*,#1382,.F.);
#355=ORIENTED_EDGE('',*,*,#1383,.F.);
#356=ORIENTED_EDGE('',*,*,#1384,.T.);
#357=ORIENTED_EDGE('',*,*,#1379,.T.);
#358=ORIENTED_EDGE('',*,*,#1385,.F.);
#359=ORIENTED_EDGE('',*,*,#1386,.F.);
#360=ORIENTED_EDGE('',*,*,#1387,.T.);
#361=ORIENTED_EDGE('',*,*,#1388,.T.);
#362=ORIENTED_EDGE('',*,*,#1389,.F.);
#363=ORIENTED_EDGE('',*,*,#1390,.F.);
#364=ORIENTED_EDGE('',*,*,#1391,.T.);
#365=ORIENTED_EDGE('',*,*,#1386,.T.);
#366=ORIENTED_EDGE('',*,*,#1392,.F.);
#367=ORIENTED_EDGE('',*,*,#1393,.F.);
#368=ORIENTED_EDGE('',*,*,#1394,.T.);
#369=ORIENTED_EDGE('',*,*,#1395,.T.);
#370=ORIENTED_EDGE('',*,*,#1396,.F.);
#371=ORIENTED_EDGE('',*,*,#1397,.F.);
#372=ORIENTED_EDGE('',*,*,#1398,.T.);
#373=ORIENTED_EDGE('',*,*,#1393,.T.);
#374=ORIENTED_EDGE('',*,*,#1399,.F.);
#375=ORIENTED_EDGE('',*,*,#1400,.F.);
#376=ORIENTED_EDGE('',*,*,#1401,.T.);
#377=ORIENTED_EDGE('',*,*,#1402,.T.);
#378=ORIENTED_EDGE('',*,*,#1403,.F.);
#379=ORIENTED_EDGE('',*,*,#1404,.F.);
#380=ORIENTED_EDGE('',*,*,#1405,.T.);
#381=ORIENTED_EDGE('',*,*,#1400,.T.);
#382=ORIENTED_EDGE('',*,*,#1406,.F.);
#383=ORIENTED_EDGE('',*,*,#1396,.T.);
#384=ORIENTED_EDGE('',*,*,#1407,.T.);
#385=ORIENTED_EDGE('',*,*,#1385,.T.);
#386=ORIENTED_EDGE('',*,*,#1408,.T.);
#387=ORIENTED_EDGE('',*,*,#1392,.T.);
#388=ORIENTED_EDGE('',*,*,#1409,.F.);
#389=ORIENTED_EDGE('',*,*,#1382,.T.);
#390=ORIENTED_EDGE('',*,*,#1398,.F.);
#391=ORIENTED_EDGE('',*,*,#1410,.F.);
#392=ORIENTED_EDGE('',*,*,#1394,.F.);
#393=ORIENTED_EDGE('',*,*,#1411,.T.);
#394=ORIENTED_EDGE('',*,*,#1378,.T.);
#395=ORIENTED_EDGE('',*,*,#1412,.F.);
#396=ORIENTED_EDGE('',*,*,#1403,.T.);
#397=ORIENTED_EDGE('',*,*,#1384,.F.);
#398=ORIENTED_EDGE('',*,*,#1413,.F.);
#399=ORIENTED_EDGE('',*,*,#1380,.F.);
#400=ORIENTED_EDGE('',*,*,#1414,.T.);
#401=ORIENTED_EDGE('',*,*,#1399,.T.);
#402=ORIENTED_EDGE('',*,*,#1415,.F.);
#403=ORIENTED_EDGE('',*,*,#1389,.T.);
#404=ORIENTED_EDGE('',*,*,#1405,.F.);
#405=ORIENTED_EDGE('',*,*,#1416,.F.);
#406=ORIENTED_EDGE('',*,*,#1401,.F.);
#407=ORIENTED_EDGE('',*,*,#1417,.T.);
#408=ORIENTED_EDGE('',*,*,#1418,.T.);
#409=ORIENTED_EDGE('',*,*,#1419,.T.);
#410=ORIENTED_EDGE('',*,*,#1420,.T.);
#411=ORIENTED_EDGE('',*,*,#1421,.T.);
#412=ORIENTED_EDGE('',*,*,#1422,.T.);
#413=ORIENTED_EDGE('',*,*,#1423,.T.);
#414=ORIENTED_EDGE('',*,*,#1424,.T.);
#415=ORIENTED_EDGE('',*,*,#1425,.T.);
#416=ORIENTED_EDGE('',*,*,#1426,.T.);
#417=ORIENTED_EDGE('',*,*,#1427,.T.);
#418=ORIENTED_EDGE('',*,*,#1428,.T.);
#419=ORIENTED_EDGE('',*,*,#1429,.F.);
#420=ORIENTED_EDGE('',*,*,#1430,.T.);
#421=ORIENTED_EDGE('',*,*,#1431,.T.);
#422=ORIENTED_EDGE('',*,*,#1432,.T.);
#423=ORIENTED_EDGE('',*,*,#1433,.F.);
#424=ORIENTED_EDGE('',*,*,#1434,.T.);
#425=ORIENTED_EDGE('',*,*,#1435,.T.);
#426=ORIENTED_EDGE('',*,*,#1436,.T.);
#427=ORIENTED_EDGE('',*,*,#1437,.T.);
#428=ORIENTED_EDGE('',*,*,#1438,.T.);
#429=ORIENTED_EDGE('',*,*,#1439,.T.);
#430=ORIENTED_EDGE('',*,*,#1440,.T.);
#431=ORIENTED_EDGE('',*,*,#1441,.F.);
#432=ORIENTED_EDGE('',*,*,#1442,.T.);
#433=ORIENTED_EDGE('',*,*,#1443,.T.);
#434=ORIENTED_EDGE('',*,*,#1444,.T.);
#435=ORIENTED_EDGE('',*,*,#1445,.T.);
#436=ORIENTED_EDGE('',*,*,#1446,.T.);
#437=ORIENTED_EDGE('',*,*,#1447,.T.);
#438=ORIENTED_EDGE('',*,*,#1448,.T.);
#439=ORIENTED_EDGE('',*,*,#1449,.T.);
#440=ORIENTED_EDGE('',*,*,#1450,.T.);
#441=ORIENTED_EDGE('',*,*,#1451,.T.);
#442=ORIENTED_EDGE('',*,*,#1452,.T.);
#443=ORIENTED_EDGE('',*,*,#1453,.T.);
#444=ORIENTED_EDGE('',*,*,#1454,.T.);
#445=ORIENTED_EDGE('',*,*,#1455,.F.);
#446=ORIENTED_EDGE('',*,*,#1456,.F.);
#447=ORIENTED_EDGE('',*,*,#1457,.F.);
#448=ORIENTED_EDGE('',*,*,#1458,.F.);
#449=ORIENTED_EDGE('',*,*,#1459,.F.);
#450=ORIENTED_EDGE('',*,*,#1460,.F.);
#451=ORIENTED_EDGE('',*,*,#1461,.F.);
#452=ORIENTED_EDGE('',*,*,#1462,.F.);
#453=ORIENTED_EDGE('',*,*,#1463,.F.);
#454=ORIENTED_EDGE('',*,*,#1464,.F.);
#455=ORIENTED_EDGE('',*,*,#1465,.F.);
#456=ORIENTED_EDGE('',*,*,#1466,.F.);
#457=ORIENTED_EDGE('',*,*,#1467,.F.);
#458=ORIENTED_EDGE('',*,*,#1468,.F.);
#459=ORIENTED_EDGE('',*,*,#1469,.F.);
#460=ORIENTED_EDGE('',*,*,#1470,.F.);
#461=ORIENTED_EDGE('',*,*,#1471,.F.);
#462=ORIENTED_EDGE('',*,*,#1472,.F.);
#463=ORIENTED_EDGE('',*,*,#1439,.F.);
#464=ORIENTED_EDGE('',*,*,#1473,.T.);
#465=ORIENTED_EDGE('',*,*,#1474,.T.);
#466=ORIENTED_EDGE('',*,*,#1475,.T.);
#467=ORIENTED_EDGE('',*,*,#1476,.T.);
#468=ORIENTED_EDGE('',*,*,#1477,.T.);
#469=ORIENTED_EDGE('',*,*,#1478,.T.);
#470=ORIENTED_EDGE('',*,*,#1479,.T.);
#471=ORIENTED_EDGE('',*,*,#1480,.T.);
#472=ORIENTED_EDGE('',*,*,#1481,.T.);
#473=ORIENTED_EDGE('',*,*,#1482,.T.);
#474=ORIENTED_EDGE('',*,*,#1483,.T.);
#475=ORIENTED_EDGE('',*,*,#1484,.T.);
#476=ORIENTED_EDGE('',*,*,#1485,.T.);
#477=ORIENTED_EDGE('',*,*,#1486,.T.);
#478=ORIENTED_EDGE('',*,*,#1487,.T.);
#479=ORIENTED_EDGE('',*,*,#1488,.T.);
#480=ORIENTED_EDGE('',*,*,#1489,.T.);
#481=ORIENTED_EDGE('',*,*,#1490,.T.);
#482=ORIENTED_EDGE('',*,*,#1491,.T.);
#483=ORIENTED_EDGE('',*,*,#1492,.T.);
#484=ORIENTED_EDGE('',*,*,#1493,.T.);
#485=ORIENTED_EDGE('',*,*,#1494,.F.);
#486=ORIENTED_EDGE('',*,*,#1495,.F.);
#487=ORIENTED_EDGE('',*,*,#1496,.T.);
#488=ORIENTED_EDGE('',*,*,#1497,.T.);
#489=ORIENTED_EDGE('',*,*,#1498,.F.);
#490=ORIENTED_EDGE('',*,*,#1499,.T.);
#491=ORIENTED_EDGE('',*,*,#1500,.F.);
#492=ORIENTED_EDGE('',*,*,#1501,.T.);
#493=ORIENTED_EDGE('',*,*,#1502,.F.);
#494=ORIENTED_EDGE('',*,*,#1437,.F.);
#495=ORIENTED_EDGE('',*,*,#1455,.T.);
#496=ORIENTED_EDGE('',*,*,#1503,.T.);
#497=ORIENTED_EDGE('',*,*,#1495,.T.);
#498=ORIENTED_EDGE('',*,*,#1504,.F.);
#499=ORIENTED_EDGE('',*,*,#1505,.F.);
#500=ORIENTED_EDGE('',*,*,#1506,.T.);
#501=ORIENTED_EDGE('',*,*,#1507,.T.);
#502=ORIENTED_EDGE('',*,*,#1508,.T.);
#503=ORIENTED_EDGE('',*,*,#1509,.F.);
#504=ORIENTED_EDGE('',*,*,#1510,.T.);
#505=ORIENTED_EDGE('',*,*,#1511,.T.);
#506=ORIENTED_EDGE('',*,*,#1512,.F.);
#507=ORIENTED_EDGE('',*,*,#1513,.F.);
#508=ORIENTED_EDGE('',*,*,#1514,.F.);
#509=ORIENTED_EDGE('',*,*,#1515,.T.);
#510=ORIENTED_EDGE('',*,*,#1516,.F.);
#511=ORIENTED_EDGE('',*,*,#1517,.F.);
#512=ORIENTED_EDGE('',*,*,#1518,.F.);
#513=ORIENTED_EDGE('',*,*,#1519,.T.);
#514=ORIENTED_EDGE('',*,*,#1520,.F.);
#515=ORIENTED_EDGE('',*,*,#1521,.F.);
#516=ORIENTED_EDGE('',*,*,#1522,.F.);
#517=ORIENTED_EDGE('',*,*,#1523,.T.);
#518=ORIENTED_EDGE('',*,*,#1518,.T.);
#519=ORIENTED_EDGE('',*,*,#1524,.F.);
#520=ORIENTED_EDGE('',*,*,#1525,.F.);
#521=ORIENTED_EDGE('',*,*,#1526,.T.);
#522=ORIENTED_EDGE('',*,*,#1527,.F.);
#523=ORIENTED_EDGE('',*,*,#1528,.T.);
#524=ORIENTED_EDGE('',*,*,#1527,.T.);
#525=ORIENTED_EDGE('',*,*,#1529,.T.);
#526=ORIENTED_EDGE('',*,*,#1510,.F.);
#527=ORIENTED_EDGE('',*,*,#1530,.T.);
#528=ORIENTED_EDGE('',*,*,#1531,.F.);
#529=ORIENTED_EDGE('',*,*,#1532,.T.);
#530=ORIENTED_EDGE('',*,*,#1525,.T.);
#531=ORIENTED_EDGE('',*,*,#1533,.T.);
#532=ORIENTED_EDGE('',*,*,#1534,.T.);
#533=ORIENTED_EDGE('',*,*,#1535,.F.);
#534=ORIENTED_EDGE('',*,*,#1536,.F.);
#535=ORIENTED_EDGE('',*,*,#1535,.T.);
#536=ORIENTED_EDGE('',*,*,#1537,.T.);
#537=ORIENTED_EDGE('',*,*,#1538,.T.);
#538=ORIENTED_EDGE('',*,*,#1539,.F.);
#539=ORIENTED_EDGE('',*,*,#1538,.F.);
#540=ORIENTED_EDGE('',*,*,#1540,.T.);
#541=ORIENTED_EDGE('',*,*,#1541,.T.);
#542=ORIENTED_EDGE('',*,*,#1542,.F.);
#543=ORIENTED_EDGE('',*,*,#1543,.F.);
#544=ORIENTED_EDGE('',*,*,#1544,.T.);
#545=ORIENTED_EDGE('',*,*,#1545,.T.);
#546=ORIENTED_EDGE('',*,*,#1546,.F.);
#547=ORIENTED_EDGE('',*,*,#1458,.T.);
#548=ORIENTED_EDGE('',*,*,#1547,.F.);
#549=ORIENTED_EDGE('',*,*,#1542,.T.);
#550=ORIENTED_EDGE('',*,*,#1548,.F.);
#551=ORIENTED_EDGE('',*,*,#1549,.F.);
#552=ORIENTED_EDGE('',*,*,#1539,.T.);
#553=ORIENTED_EDGE('',*,*,#1547,.T.);
#554=ORIENTED_EDGE('',*,*,#1457,.T.);
#555=ORIENTED_EDGE('',*,*,#1524,.T.);
#556=ORIENTED_EDGE('',*,*,#1550,.F.);
#557=ORIENTED_EDGE('',*,*,#1470,.T.);
#558=ORIENTED_EDGE('',*,*,#1551,.T.);
#559=ORIENTED_EDGE('',*,*,#1552,.F.);
#560=ORIENTED_EDGE('',*,*,#1471,.T.);
#561=ORIENTED_EDGE('',*,*,#1550,.T.);
#562=ORIENTED_EDGE('',*,*,#1521,.T.);
#563=ORIENTED_EDGE('',*,*,#1553,.F.);
#564=ORIENTED_EDGE('',*,*,#1440,.F.);
#565=ORIENTED_EDGE('',*,*,#1472,.T.);
#566=ORIENTED_EDGE('',*,*,#1552,.T.);
#567=ORIENTED_EDGE('',*,*,#1554,.T.);
#568=ORIENTED_EDGE('',*,*,#1555,.T.);
#569=ORIENTED_EDGE('',*,*,#1556,.T.);
#570=ORIENTED_EDGE('',*,*,#1557,.T.);
#571=ORIENTED_EDGE('',*,*,#1558,.T.);
#572=ORIENTED_EDGE('',*,*,#1559,.T.);
#573=ORIENTED_EDGE('',*,*,#1560,.T.);
#574=ORIENTED_EDGE('',*,*,#1561,.T.);
#575=ORIENTED_EDGE('',*,*,#1562,.T.);
#576=ORIENTED_EDGE('',*,*,#1563,.T.);
#577=ORIENTED_EDGE('',*,*,#1564,.T.);
#578=ORIENTED_EDGE('',*,*,#1565,.T.);
#579=ORIENTED_EDGE('',*,*,#1566,.T.);
#580=ORIENTED_EDGE('',*,*,#1567,.F.);
#581=ORIENTED_EDGE('',*,*,#1568,.T.);
#582=ORIENTED_EDGE('',*,*,#1569,.F.);
#583=ORIENTED_EDGE('',*,*,#1554,.F.);
#584=ORIENTED_EDGE('',*,*,#1520,.T.);
#585=ORIENTED_EDGE('',*,*,#1570,.T.);
#586=ORIENTED_EDGE('',*,*,#1571,.F.);
#587=ORIENTED_EDGE('',*,*,#1572,.T.);
#588=ORIENTED_EDGE('',*,*,#1573,.T.);
#589=ORIENTED_EDGE('',*,*,#1567,.T.);
#590=ORIENTED_EDGE('',*,*,#1574,.F.);
#591=ORIENTED_EDGE('',*,*,#1512,.T.);
#592=ORIENTED_EDGE('',*,*,#1575,.T.);
#593=ORIENTED_EDGE('',*,*,#1572,.F.);
#594=ORIENTED_EDGE('',*,*,#1576,.F.);
#595=ORIENTED_EDGE('',*,*,#1577,.T.);
#596=ORIENTED_EDGE('',*,*,#1578,.F.);
#597=ORIENTED_EDGE('',*,*,#1541,.F.);
#598=ORIENTED_EDGE('',*,*,#1579,.T.);
#599=ORIENTED_EDGE('',*,*,#1580,.F.);
#600=ORIENTED_EDGE('',*,*,#1545,.F.);
#601=ORIENTED_EDGE('',*,*,#1581,.T.);
#602=ORIENTED_EDGE('',*,*,#1582,.T.);
#603=ORIENTED_EDGE('',*,*,#1583,.F.);
#604=ORIENTED_EDGE('',*,*,#1584,.T.);
#605=ORIENTED_EDGE('',*,*,#1585,.T.);
#606=ORIENTED_EDGE('',*,*,#1586,.T.);
#607=ORIENTED_EDGE('',*,*,#1522,.T.);
#608=ORIENTED_EDGE('',*,*,#1587,.F.);
#609=ORIENTED_EDGE('',*,*,#1588,.T.);
#610=ORIENTED_EDGE('',*,*,#1589,.T.);
#611=ORIENTED_EDGE('',*,*,#1590,.F.);
#612=ORIENTED_EDGE('',*,*,#1591,.F.);
#613=ORIENTED_EDGE('',*,*,#1592,.F.);
#614=ORIENTED_EDGE('',*,*,#1593,.T.);
#615=ORIENTED_EDGE('',*,*,#1588,.F.);
#616=ORIENTED_EDGE('',*,*,#1594,.F.);
#617=ORIENTED_EDGE('',*,*,#1577,.F.);
#618=ORIENTED_EDGE('',*,*,#1595,.F.);
#619=ORIENTED_EDGE('',*,*,#1596,.T.);
#620=ORIENTED_EDGE('',*,*,#1597,.T.);
#621=ORIENTED_EDGE('',*,*,#1598,.F.);
#622=ORIENTED_EDGE('',*,*,#1584,.F.);
#623=ORIENTED_EDGE('',*,*,#1599,.T.);
#624=ORIENTED_EDGE('',*,*,#1600,.T.);
#625=ORIENTED_EDGE('',*,*,#1601,.F.);
#626=ORIENTED_EDGE('',*,*,#1571,.T.);
#627=ORIENTED_EDGE('',*,*,#1602,.T.);
#628=ORIENTED_EDGE('',*,*,#1603,.T.);
#629=ORIENTED_EDGE('',*,*,#1585,.F.);
#630=ORIENTED_EDGE('',*,*,#1598,.T.);
#631=ORIENTED_EDGE('',*,*,#1604,.T.);
#632=ORIENTED_EDGE('',*,*,#1605,.T.);
#633=ORIENTED_EDGE('',*,*,#1606,.T.);
#634=ORIENTED_EDGE('',*,*,#1607,.T.);
#635=ORIENTED_EDGE('',*,*,#1608,.T.);
#636=ORIENTED_EDGE('',*,*,#1609,.F.);
#637=ORIENTED_EDGE('',*,*,#1610,.T.);
#638=ORIENTED_EDGE('',*,*,#1611,.T.);
#639=ORIENTED_EDGE('',*,*,#1612,.T.);
#640=ORIENTED_EDGE('',*,*,#1613,.T.);
#641=ORIENTED_EDGE('',*,*,#1614,.T.);
#642=ORIENTED_EDGE('',*,*,#1592,.T.);
#643=ORIENTED_EDGE('',*,*,#1580,.T.);
#644=ORIENTED_EDGE('',*,*,#1615,.T.);
#645=ORIENTED_EDGE('',*,*,#1616,.T.);
#646=ORIENTED_EDGE('',*,*,#1533,.F.);
#647=ORIENTED_EDGE('',*,*,#1528,.F.);
#648=ORIENTED_EDGE('',*,*,#1530,.F.);
#649=ORIENTED_EDGE('',*,*,#1513,.T.);
#650=ORIENTED_EDGE('',*,*,#1576,.T.);
#651=ORIENTED_EDGE('',*,*,#1574,.T.);
#652=ORIENTED_EDGE('',*,*,#1617,.F.);
#653=ORIENTED_EDGE('',*,*,#1618,.T.);
#654=ORIENTED_EDGE('',*,*,#1596,.F.);
#655=ORIENTED_EDGE('',*,*,#1619,.F.);
#656=ORIENTED_EDGE('',*,*,#1620,.F.);
#657=ORIENTED_EDGE('',*,*,#1619,.T.);
#658=ORIENTED_EDGE('',*,*,#1595,.T.);
#659=ORIENTED_EDGE('',*,*,#1587,.T.);
#660=ORIENTED_EDGE('',*,*,#1551,.F.);
#661=ORIENTED_EDGE('',*,*,#1469,.T.);
#662=ORIENTED_EDGE('',*,*,#1621,.F.);
#663=ORIENTED_EDGE('',*,*,#1516,.T.);
#664=ORIENTED_EDGE('',*,*,#1622,.T.);
#665=ORIENTED_EDGE('',*,*,#1617,.T.);
#666=ORIENTED_EDGE('',*,*,#1620,.T.);
#667=ORIENTED_EDGE('',*,*,#1623,.T.);
#668=ORIENTED_EDGE('',*,*,#1624,.F.);
#669=ORIENTED_EDGE('',*,*,#1517,.T.);
#670=ORIENTED_EDGE('',*,*,#1623,.F.);
#671=ORIENTED_EDGE('',*,*,#1621,.T.);
#672=ORIENTED_EDGE('',*,*,#1468,.T.);
#673=ORIENTED_EDGE('',*,*,#1625,.T.);
#674=ORIENTED_EDGE('',*,*,#1626,.F.);
#675=ORIENTED_EDGE('',*,*,#1625,.F.);
#676=ORIENTED_EDGE('',*,*,#1467,.T.);
#677=ORIENTED_EDGE('',*,*,#1627,.T.);
#678=ORIENTED_EDGE('',*,*,#1628,.T.);
#679=ORIENTED_EDGE('',*,*,#1508,.F.);
#680=ORIENTED_EDGE('',*,*,#1629,.T.);
#681=ORIENTED_EDGE('',*,*,#1630,.F.);
#682=ORIENTED_EDGE('',*,*,#1628,.F.);
#683=ORIENTED_EDGE('',*,*,#1630,.T.);
#684=ORIENTED_EDGE('',*,*,#1631,.T.);
#685=ORIENTED_EDGE('',*,*,#1514,.T.);
#686=ORIENTED_EDGE('',*,*,#1624,.T.);
#687=ORIENTED_EDGE('',*,*,#1626,.T.);
#688=ORIENTED_EDGE('',*,*,#1632,.F.);
#689=ORIENTED_EDGE('',*,*,#1546,.T.);
#690=ORIENTED_EDGE('',*,*,#1633,.F.);
#691=ORIENTED_EDGE('',*,*,#1461,.T.);
#692=ORIENTED_EDGE('',*,*,#1634,.T.);
#693=ORIENTED_EDGE('',*,*,#1635,.T.);
#694=ORIENTED_EDGE('',*,*,#1636,.T.);
#695=ORIENTED_EDGE('',*,*,#1543,.T.);
#696=ORIENTED_EDGE('',*,*,#1632,.T.);
#697=ORIENTED_EDGE('',*,*,#1637,.T.);
#698=ORIENTED_EDGE('',*,*,#1638,.F.);
#699=ORIENTED_EDGE('',*,*,#1639,.T.);
#700=ORIENTED_EDGE('',*,*,#1635,.F.);
#701=ORIENTED_EDGE('',*,*,#1640,.F.);
#702=ORIENTED_EDGE('',*,*,#1641,.F.);
#703=ORIENTED_EDGE('',*,*,#1640,.T.);
#704=ORIENTED_EDGE('',*,*,#1637,.F.);
#705=ORIENTED_EDGE('',*,*,#1634,.F.);
#706=ORIENTED_EDGE('',*,*,#1460,.T.);
#707=ORIENTED_EDGE('',*,*,#1642,.T.);
#708=ORIENTED_EDGE('',*,*,#1643,.F.);
#709=ORIENTED_EDGE('',*,*,#1642,.F.);
#710=ORIENTED_EDGE('',*,*,#1459,.T.);
#711=ORIENTED_EDGE('',*,*,#1548,.T.);
#712=ORIENTED_EDGE('',*,*,#1578,.T.);
#713=ORIENTED_EDGE('',*,*,#1594,.T.);
#714=ORIENTED_EDGE('',*,*,#1591,.T.);
#715=ORIENTED_EDGE('',*,*,#1590,.T.);
#716=ORIENTED_EDGE('',*,*,#1644,.T.);
#717=ORIENTED_EDGE('',*,*,#1638,.T.);
#718=ORIENTED_EDGE('',*,*,#1641,.T.);
#719=ORIENTED_EDGE('',*,*,#1643,.T.);
#720=ORIENTED_EDGE('',*,*,#1645,.T.);
#721=ORIENTED_EDGE('',*,*,#1646,.T.);
#722=ORIENTED_EDGE('',*,*,#1498,.T.);
#723=ORIENTED_EDGE('',*,*,#1441,.T.);
#724=ORIENTED_EDGE('',*,*,#1553,.T.);
#725=ORIENTED_EDGE('',*,*,#1569,.T.);
#726=ORIENTED_EDGE('',*,*,#1647,.F.);
#727=ORIENTED_EDGE('',*,*,#1536,.T.);
#728=ORIENTED_EDGE('',*,*,#1549,.T.);
#729=ORIENTED_EDGE('',*,*,#1456,.T.);
#730=ORIENTED_EDGE('',*,*,#1505,.T.);
#731=ORIENTED_EDGE('',*,*,#1648,.T.);
#732=ORIENTED_EDGE('',*,*,#1649,.T.);
#733=ORIENTED_EDGE('',*,*,#1531,.T.);
#734=ORIENTED_EDGE('',*,*,#1647,.T.);
#735=ORIENTED_EDGE('',*,*,#1504,.T.);
#736=ORIENTED_EDGE('',*,*,#1494,.T.);
#737=ORIENTED_EDGE('',*,*,#1316,.T.);
#738=ORIENTED_EDGE('',*,*,#1310,.T.);
#739=ORIENTED_EDGE('',*,*,#1305,.T.);
#740=ORIENTED_EDGE('',*,*,#1306,.T.);
#741=ORIENTED_EDGE('',*,*,#1601,.T.);
#742=ORIENTED_EDGE('',*,*,#1650,.T.);
#743=ORIENTED_EDGE('',*,*,#1651,.F.);
#744=ORIENTED_EDGE('',*,*,#1652,.T.);
#745=ORIENTED_EDGE('',*,*,#1302,.F.);
#746=ORIENTED_EDGE('',*,*,#1335,.T.);
#747=ORIENTED_EDGE('',*,*,#1653,.T.);
#748=ORIENTED_EDGE('',*,*,#1331,.T.);
#749=ORIENTED_EDGE('',*,*,#1338,.F.);
#750=ORIENTED_EDGE('',*,*,#1324,.T.);
#751=ORIENTED_EDGE('',*,*,#1654,.F.);
#752=ORIENTED_EDGE('',*,*,#1655,.T.);
#753=ORIENTED_EDGE('',*,*,#1651,.T.);
#754=ORIENTED_EDGE('',*,*,#1656,.F.);
#755=ORIENTED_EDGE('',*,*,#1336,.T.);
#756=ORIENTED_EDGE('',*,*,#1327,.T.);
#757=ORIENTED_EDGE('',*,*,#1330,.F.);
#758=ORIENTED_EDGE('',*,*,#1600,.F.);
#759=ORIENTED_EDGE('',*,*,#1323,.T.);
#760=ORIENTED_EDGE('',*,*,#1308,.T.);
#761=ORIENTED_EDGE('',*,*,#1276,.T.);
#762=ORIENTED_EDGE('',*,*,#1657,.T.);
#763=ORIENTED_EDGE('',*,*,#1658,.F.);
#764=ORIENTED_EDGE('',*,*,#1654,.T.);
#765=ORIENTED_EDGE('',*,*,#1301,.T.);
#766=ORIENTED_EDGE('',*,*,#1315,.T.);
#767=ORIENTED_EDGE('',*,*,#1337,.F.);
#768=ORIENTED_EDGE('',*,*,#1656,.T.);
#769=ORIENTED_EDGE('',*,*,#1650,.F.);
#770=ORIENTED_EDGE('',*,*,#1304,.F.);
#771=ORIENTED_EDGE('',*,*,#1659,.T.);
#772=ORIENTED_EDGE('',*,*,#1657,.F.);
#773=ORIENTED_EDGE('',*,*,#1275,.F.);
#774=ORIENTED_EDGE('',*,*,#1303,.F.);
#775=ORIENTED_EDGE('',*,*,#1652,.F.);
#776=ORIENTED_EDGE('',*,*,#1655,.F.);
#777=ORIENTED_EDGE('',*,*,#1658,.T.);
#778=ORIENTED_EDGE('',*,*,#1659,.F.);
#779=ORIENTED_EDGE('',*,*,#1660,.T.);
#780=ORIENTED_EDGE('',*,*,#1661,.T.);
#781=ORIENTED_EDGE('',*,*,#1662,.T.);
#782=ORIENTED_EDGE('',*,*,#1663,.T.);
#783=ORIENTED_EDGE('',*,*,#1664,.T.);
#784=ORIENTED_EDGE('',*,*,#1665,.F.);
#785=ORIENTED_EDGE('',*,*,#1666,.T.);
#786=ORIENTED_EDGE('',*,*,#1667,.F.);
#787=ORIENTED_EDGE('',*,*,#1668,.F.);
#788=ORIENTED_EDGE('',*,*,#1669,.F.);
#789=ORIENTED_EDGE('',*,*,#1670,.T.);
#790=ORIENTED_EDGE('',*,*,#1671,.T.);
#791=ORIENTED_EDGE('',*,*,#1672,.F.);
#792=ORIENTED_EDGE('',*,*,#1668,.T.);
#793=ORIENTED_EDGE('',*,*,#1673,.F.);
#794=ORIENTED_EDGE('',*,*,#1674,.T.);
#795=ORIENTED_EDGE('',*,*,#1464,.T.);
#796=ORIENTED_EDGE('',*,*,#1675,.T.);
#797=ORIENTED_EDGE('',*,*,#1676,.F.);
#798=ORIENTED_EDGE('',*,*,#1664,.F.);
#799=ORIENTED_EDGE('',*,*,#1677,.F.);
#800=ORIENTED_EDGE('',*,*,#1609,.T.);
#801=ORIENTED_EDGE('',*,*,#1678,.F.);
#802=ORIENTED_EDGE('',*,*,#1666,.F.);
#803=ORIENTED_EDGE('',*,*,#1679,.F.);
#804=ORIENTED_EDGE('',*,*,#1680,.F.);
#805=ORIENTED_EDGE('',*,*,#1670,.F.);
#806=ORIENTED_EDGE('',*,*,#1681,.F.);
#807=ORIENTED_EDGE('',*,*,#1608,.F.);
#808=ORIENTED_EDGE('',*,*,#1682,.T.);
#809=ORIENTED_EDGE('',*,*,#1506,.F.);
#810=ORIENTED_EDGE('',*,*,#1683,.T.);
#811=ORIENTED_EDGE('',*,*,#1684,.T.);
#812=ORIENTED_EDGE('',*,*,#1685,.T.);
#813=ORIENTED_EDGE('',*,*,#1679,.T.);
#814=ORIENTED_EDGE('',*,*,#1665,.T.);
#815=ORIENTED_EDGE('',*,*,#1676,.T.);
#816=ORIENTED_EDGE('',*,*,#1685,.F.);
#817=ORIENTED_EDGE('',*,*,#1686,.F.);
#818=ORIENTED_EDGE('',*,*,#1673,.T.);
#819=ORIENTED_EDGE('',*,*,#1667,.T.);
#820=ORIENTED_EDGE('',*,*,#1678,.T.);
#821=ORIENTED_EDGE('',*,*,#1687,.T.);
#822=ORIENTED_EDGE('',*,*,#1681,.T.);
#823=ORIENTED_EDGE('',*,*,#1669,.T.);
#824=ORIENTED_EDGE('',*,*,#1672,.T.);
#825=ORIENTED_EDGE('',*,*,#1688,.F.);
#826=ORIENTED_EDGE('',*,*,#1582,.F.);
#827=ORIENTED_EDGE('',*,*,#1689,.T.);
#828=ORIENTED_EDGE('',*,*,#1610,.F.);
#829=ORIENTED_EDGE('',*,*,#1677,.T.);
#830=ORIENTED_EDGE('',*,*,#1671,.F.);
#831=ORIENTED_EDGE('',*,*,#1680,.T.);
#832=ORIENTED_EDGE('',*,*,#1687,.F.);
#833=ORIENTED_EDGE('',*,*,#1690,.T.);
#834=ORIENTED_EDGE('',*,*,#1691,.T.);
#835=ORIENTED_EDGE('',*,*,#1683,.F.);
#836=ORIENTED_EDGE('',*,*,#1509,.T.);
#837=ORIENTED_EDGE('',*,*,#1627,.F.);
#838=ORIENTED_EDGE('',*,*,#1466,.T.);
#839=ORIENTED_EDGE('',*,*,#1692,.F.);
#840=ORIENTED_EDGE('',*,*,#1691,.F.);
#841=ORIENTED_EDGE('',*,*,#1693,.F.);
#842=ORIENTED_EDGE('',*,*,#1462,.T.);
#843=ORIENTED_EDGE('',*,*,#1633,.T.);
#844=ORIENTED_EDGE('',*,*,#1583,.T.);
#845=ORIENTED_EDGE('',*,*,#1684,.F.);
#846=ORIENTED_EDGE('',*,*,#1692,.T.);
#847=ORIENTED_EDGE('',*,*,#1465,.T.);
#848=ORIENTED_EDGE('',*,*,#1674,.F.);
#849=ORIENTED_EDGE('',*,*,#1686,.T.);
#850=ORIENTED_EDGE('',*,*,#1690,.F.);
#851=ORIENTED_EDGE('',*,*,#1688,.T.);
#852=ORIENTED_EDGE('',*,*,#1675,.F.);
#853=ORIENTED_EDGE('',*,*,#1463,.T.);
#854=ORIENTED_EDGE('',*,*,#1693,.T.);
#855=ORIENTED_EDGE('',*,*,#1500,.T.);
#856=ORIENTED_EDGE('',*,*,#1694,.T.);
#857=ORIENTED_EDGE('',*,*,#1695,.F.);
#858=ORIENTED_EDGE('',*,*,#1487,.F.);
#859=ORIENTED_EDGE('',*,*,#1696,.T.);
#860=ORIENTED_EDGE('',*,*,#1695,.T.);
#861=ORIENTED_EDGE('',*,*,#1697,.T.);
#862=ORIENTED_EDGE('',*,*,#1698,.F.);
#863=ORIENTED_EDGE('',*,*,#1428,.F.);
#864=ORIENTED_EDGE('',*,*,#1699,.T.);
#865=ORIENTED_EDGE('',*,*,#1700,.F.);
#866=ORIENTED_EDGE('',*,*,#1701,.T.);
#867=ORIENTED_EDGE('',*,*,#1702,.T.);
#868=ORIENTED_EDGE('',*,*,#1703,.T.);
#869=ORIENTED_EDGE('',*,*,#1488,.F.);
#870=ORIENTED_EDGE('',*,*,#1698,.T.);
#871=ORIENTED_EDGE('',*,*,#1704,.T.);
#872=ORIENTED_EDGE('',*,*,#1492,.F.);
#873=ORIENTED_EDGE('',*,*,#1705,.T.);
#874=ORIENTED_EDGE('',*,*,#1422,.F.);
#875=ORIENTED_EDGE('',*,*,#1435,.F.);
#876=ORIENTED_EDGE('',*,*,#1706,.T.);
#877=ORIENTED_EDGE('',*,*,#1502,.T.);
#878=ORIENTED_EDGE('',*,*,#1707,.T.);
#879=ORIENTED_EDGE('',*,*,#1708,.F.);
#880=ORIENTED_EDGE('',*,*,#1709,.T.);
#881=ORIENTED_EDGE('',*,*,#1433,.T.);
#882=ORIENTED_EDGE('',*,*,#1710,.T.);
#883=ORIENTED_EDGE('',*,*,#1702,.F.);
#884=ORIENTED_EDGE('',*,*,#1711,.T.);
#885=ORIENTED_EDGE('',*,*,#1708,.T.);
#886=ORIENTED_EDGE('',*,*,#1712,.T.);
#887=ORIENTED_EDGE('',*,*,#1713,.F.);
#888=ORIENTED_EDGE('',*,*,#1714,.T.);
#889=ORIENTED_EDGE('',*,*,#1700,.T.);
#890=ORIENTED_EDGE('',*,*,#1715,.T.);
#891=ORIENTED_EDGE('',*,*,#1431,.F.);
#892=ORIENTED_EDGE('',*,*,#1716,.T.);
#893=ORIENTED_EDGE('',*,*,#1713,.T.);
#894=ORIENTED_EDGE('',*,*,#1717,.T.);
#895=ORIENTED_EDGE('',*,*,#1496,.F.);
#896=ORIENTED_EDGE('',*,*,#1718,.T.);
#897=ORIENTED_EDGE('',*,*,#1429,.T.);
#898=ORIENTED_EDGE('',*,*,#1719,.T.);
#899=ORIENTED_EDGE('',*,*,#1720,.T.);
#900=ORIENTED_EDGE('',*,*,#1721,.T.);
#901=ORIENTED_EDGE('',*,*,#1722,.F.);
#902=ORIENTED_EDGE('',*,*,#1723,.T.);
#903=ORIENTED_EDGE('',*,*,#1722,.T.);
#904=ORIENTED_EDGE('',*,*,#1724,.T.);
#905=ORIENTED_EDGE('',*,*,#1725,.F.);
#906=ORIENTED_EDGE('',*,*,#1726,.T.);
#907=ORIENTED_EDGE('',*,*,#1725,.T.);
#908=ORIENTED_EDGE('',*,*,#1727,.T.);
#909=ORIENTED_EDGE('',*,*,#1728,.F.);
#910=ORIENTED_EDGE('',*,*,#1729,.T.);
#911=ORIENTED_EDGE('',*,*,#1728,.T.);
#912=ORIENTED_EDGE('',*,*,#1730,.T.);
#913=ORIENTED_EDGE('',*,*,#1720,.F.);
#914=ORIENTED_EDGE('',*,*,#1731,.T.);
#915=ORIENTED_EDGE('',*,*,#1732,.T.);
#916=ORIENTED_EDGE('',*,*,#1733,.T.);
#917=ORIENTED_EDGE('',*,*,#1734,.F.);
#918=ORIENTED_EDGE('',*,*,#1735,.T.);
#919=ORIENTED_EDGE('',*,*,#1734,.T.);
#920=ORIENTED_EDGE('',*,*,#1736,.T.);
#921=ORIENTED_EDGE('',*,*,#1737,.F.);
#922=ORIENTED_EDGE('',*,*,#1738,.T.);
#923=ORIENTED_EDGE('',*,*,#1737,.T.);
#924=ORIENTED_EDGE('',*,*,#1739,.T.);
#925=ORIENTED_EDGE('',*,*,#1740,.F.);
#926=ORIENTED_EDGE('',*,*,#1741,.T.);
#927=ORIENTED_EDGE('',*,*,#1740,.T.);
#928=ORIENTED_EDGE('',*,*,#1742,.T.);
#929=ORIENTED_EDGE('',*,*,#1732,.F.);
#930=ORIENTED_EDGE('',*,*,#1743,.T.);
#931=ORIENTED_EDGE('',*,*,#1484,.F.);
#932=ORIENTED_EDGE('',*,*,#1414,.F.);
#933=ORIENTED_EDGE('',*,*,#1407,.F.);
#934=ORIENTED_EDGE('',*,*,#1408,.F.);
#935=ORIENTED_EDGE('',*,*,#1411,.F.);
#936=ORIENTED_EDGE('',*,*,#1391,.F.);
#937=ORIENTED_EDGE('',*,*,#1744,.F.);
#938=ORIENTED_EDGE('',*,*,#1387,.F.);
#939=ORIENTED_EDGE('',*,*,#1745,.T.);
#940=ORIENTED_EDGE('',*,*,#1744,.T.);
#941=ORIENTED_EDGE('',*,*,#1390,.T.);
#942=ORIENTED_EDGE('',*,*,#1415,.T.);
#943=ORIENTED_EDGE('',*,*,#1402,.F.);
#944=ORIENTED_EDGE('',*,*,#1416,.T.);
#945=ORIENTED_EDGE('',*,*,#1404,.T.);
#946=ORIENTED_EDGE('',*,*,#1412,.T.);
#947=ORIENTED_EDGE('',*,*,#1381,.F.);
#948=ORIENTED_EDGE('',*,*,#1413,.T.);
#949=ORIENTED_EDGE('',*,*,#1383,.T.);
#950=ORIENTED_EDGE('',*,*,#1409,.T.);
#951=ORIENTED_EDGE('',*,*,#1395,.F.);
#952=ORIENTED_EDGE('',*,*,#1410,.T.);
#953=ORIENTED_EDGE('',*,*,#1397,.T.);
#954=ORIENTED_EDGE('',*,*,#1406,.T.);
#955=ORIENTED_EDGE('',*,*,#1388,.F.);
#956=ORIENTED_EDGE('',*,*,#1421,.F.);
#957=ORIENTED_EDGE('',*,*,#1375,.F.);
#958=ORIENTED_EDGE('',*,*,#1368,.F.);
#959=ORIENTED_EDGE('',*,*,#1369,.F.);
#960=ORIENTED_EDGE('',*,*,#1372,.F.);
#961=ORIENTED_EDGE('',*,*,#1352,.F.);
#962=ORIENTED_EDGE('',*,*,#1746,.F.);
#963=ORIENTED_EDGE('',*,*,#1348,.F.);
#964=ORIENTED_EDGE('',*,*,#1747,.T.);
#965=ORIENTED_EDGE('',*,*,#1746,.T.);
#966=ORIENTED_EDGE('',*,*,#1351,.T.);
#967=ORIENTED_EDGE('',*,*,#1376,.T.);
#968=ORIENTED_EDGE('',*,*,#1363,.F.);
#969=ORIENTED_EDGE('',*,*,#1377,.T.);
#970=ORIENTED_EDGE('',*,*,#1365,.T.);
#971=ORIENTED_EDGE('',*,*,#1373,.T.);
#972=ORIENTED_EDGE('',*,*,#1342,.F.);
#973=ORIENTED_EDGE('',*,*,#1374,.T.);
#974=ORIENTED_EDGE('',*,*,#1344,.T.);
#975=ORIENTED_EDGE('',*,*,#1370,.T.);
#976=ORIENTED_EDGE('',*,*,#1356,.F.);
#977=ORIENTED_EDGE('',*,*,#1371,.T.);
#978=ORIENTED_EDGE('',*,*,#1358,.T.);
#979=ORIENTED_EDGE('',*,*,#1367,.T.);
#980=ORIENTED_EDGE('',*,*,#1349,.F.);
#981=ORIENTED_EDGE('',*,*,#1699,.F.);
#982=ORIENTED_EDGE('',*,*,#1427,.F.);
#983=ORIENTED_EDGE('',*,*,#1748,.F.);
#984=ORIENTED_EDGE('',*,*,#1715,.F.);
#985=ORIENTED_EDGE('',*,*,#1748,.T.);
#986=ORIENTED_EDGE('',*,*,#1426,.F.);
#987=ORIENTED_EDGE('',*,*,#1749,.F.);
#988=ORIENTED_EDGE('',*,*,#1717,.F.);
#989=ORIENTED_EDGE('',*,*,#1749,.T.);
#990=ORIENTED_EDGE('',*,*,#1425,.F.);
#991=ORIENTED_EDGE('',*,*,#1750,.F.);
#992=ORIENTED_EDGE('',*,*,#1432,.F.);
#993=ORIENTED_EDGE('',*,*,#1750,.T.);
#994=ORIENTED_EDGE('',*,*,#1424,.F.);
#995=ORIENTED_EDGE('',*,*,#1751,.F.);
#996=ORIENTED_EDGE('',*,*,#1719,.F.);
#997=ORIENTED_EDGE('',*,*,#1705,.F.);
#998=ORIENTED_EDGE('',*,*,#1497,.F.);
#999=ORIENTED_EDGE('',*,*,#1751,.T.);
#1000=ORIENTED_EDGE('',*,*,#1423,.F.);
#1001=ORIENTED_EDGE('',*,*,#1703,.F.);
#1002=ORIENTED_EDGE('',*,*,#1712,.F.);
#1003=ORIENTED_EDGE('',*,*,#1752,.F.);
#1004=ORIENTED_EDGE('',*,*,#1489,.F.);
#1005=ORIENTED_EDGE('',*,*,#1752,.T.);
#1006=ORIENTED_EDGE('',*,*,#1710,.F.);
#1007=ORIENTED_EDGE('',*,*,#1753,.F.);
#1008=ORIENTED_EDGE('',*,*,#1490,.F.);
#1009=ORIENTED_EDGE('',*,*,#1753,.T.);
#1010=ORIENTED_EDGE('',*,*,#1436,.F.);
#1011=ORIENTED_EDGE('',*,*,#1754,.F.);
#1012=ORIENTED_EDGE('',*,*,#1491,.F.);
#1013=ORIENTED_EDGE('',*,*,#1754,.T.);
#1014=ORIENTED_EDGE('',*,*,#1707,.F.);
#1015=ORIENTED_EDGE('',*,*,#1755,.F.);
#1016=ORIENTED_EDGE('',*,*,#1485,.F.);
#1017=ORIENTED_EDGE('',*,*,#1696,.F.);
#1018=ORIENTED_EDGE('',*,*,#1486,.F.);
#1019=ORIENTED_EDGE('',*,*,#1755,.T.);
#1020=ORIENTED_EDGE('',*,*,#1501,.F.);
#1021=ORIENTED_EDGE('',*,*,#1745,.F.);
#1022=ORIENTED_EDGE('',*,*,#1442,.F.);
#1023=ORIENTED_EDGE('',*,*,#1747,.F.);
#1024=ORIENTED_EDGE('',*,*,#1443,.F.);
#1025=ORIENTED_EDGE('',*,*,#1756,.F.);
#1026=ORIENTED_EDGE('',*,*,#1420,.F.);
#1027=ORIENTED_EDGE('',*,*,#1757,.F.);
#1028=ORIENTED_EDGE('',*,*,#1724,.F.);
#1029=ORIENTED_EDGE('',*,*,#1757,.T.);
#1030=ORIENTED_EDGE('',*,*,#1419,.F.);
#1031=ORIENTED_EDGE('',*,*,#1758,.F.);
#1032=ORIENTED_EDGE('',*,*,#1727,.F.);
#1033=ORIENTED_EDGE('',*,*,#1756,.T.);
#1034=ORIENTED_EDGE('',*,*,#1721,.F.);
#1035=ORIENTED_EDGE('',*,*,#1759,.F.);
#1036=ORIENTED_EDGE('',*,*,#1417,.F.);
#1037=ORIENTED_EDGE('',*,*,#1758,.T.);
#1038=ORIENTED_EDGE('',*,*,#1418,.F.);
#1039=ORIENTED_EDGE('',*,*,#1759,.T.);
#1040=ORIENTED_EDGE('',*,*,#1730,.F.);
#1041=ORIENTED_EDGE('',*,*,#1760,.F.);
#1042=ORIENTED_EDGE('',*,*,#1483,.F.);
#1043=ORIENTED_EDGE('',*,*,#1761,.F.);
#1044=ORIENTED_EDGE('',*,*,#1733,.F.);
#1045=ORIENTED_EDGE('',*,*,#1761,.T.);
#1046=ORIENTED_EDGE('',*,*,#1482,.F.);
#1047=ORIENTED_EDGE('',*,*,#1762,.F.);
#1048=ORIENTED_EDGE('',*,*,#1736,.F.);
#1049=ORIENTED_EDGE('',*,*,#1760,.T.);
#1050=ORIENTED_EDGE('',*,*,#1742,.F.);
#1051=ORIENTED_EDGE('',*,*,#1763,.F.);
#1052=ORIENTED_EDGE('',*,*,#1480,.F.);
#1053=ORIENTED_EDGE('',*,*,#1762,.T.);
#1054=ORIENTED_EDGE('',*,*,#1481,.F.);
#1055=ORIENTED_EDGE('',*,*,#1763,.T.);
#1056=ORIENTED_EDGE('',*,*,#1739,.F.);
#1057=ORIENTED_EDGE('',*,*,#1764,.F.);
#1058=ORIENTED_EDGE('',*,*,#1447,.F.);
#1059=ORIENTED_EDGE('',*,*,#1765,.F.);
#1060=ORIENTED_EDGE('',*,*,#1726,.F.);
#1061=ORIENTED_EDGE('',*,*,#1765,.T.);
#1062=ORIENTED_EDGE('',*,*,#1446,.F.);
#1063=ORIENTED_EDGE('',*,*,#1766,.F.);
#1064=ORIENTED_EDGE('',*,*,#1723,.F.);
#1065=ORIENTED_EDGE('',*,*,#1764,.T.);
#1066=ORIENTED_EDGE('',*,*,#1729,.F.);
#1067=ORIENTED_EDGE('',*,*,#1767,.F.);
#1068=ORIENTED_EDGE('',*,*,#1444,.F.);
#1069=ORIENTED_EDGE('',*,*,#1766,.T.);
#1070=ORIENTED_EDGE('',*,*,#1445,.F.);
#1071=ORIENTED_EDGE('',*,*,#1767,.T.);
#1072=ORIENTED_EDGE('',*,*,#1731,.F.);
#1073=ORIENTED_EDGE('',*,*,#1768,.F.);
#1074=ORIENTED_EDGE('',*,*,#1451,.F.);
#1075=ORIENTED_EDGE('',*,*,#1769,.F.);
#1076=ORIENTED_EDGE('',*,*,#1735,.F.);
#1077=ORIENTED_EDGE('',*,*,#1769,.T.);
#1078=ORIENTED_EDGE('',*,*,#1450,.F.);
#1079=ORIENTED_EDGE('',*,*,#1770,.F.);
#1080=ORIENTED_EDGE('',*,*,#1743,.F.);
#1081=ORIENTED_EDGE('',*,*,#1768,.T.);
#1082=ORIENTED_EDGE('',*,*,#1738,.F.);
#1083=ORIENTED_EDGE('',*,*,#1771,.F.);
#1084=ORIENTED_EDGE('',*,*,#1448,.F.);
#1085=ORIENTED_EDGE('',*,*,#1770,.T.);
#1086=ORIENTED_EDGE('',*,*,#1449,.F.);
#1087=ORIENTED_EDGE('',*,*,#1771,.T.);
#1088=ORIENTED_EDGE('',*,*,#1741,.F.);
#1089=ORIENTED_EDGE('',*,*,#1438,.F.);
#1090=ORIENTED_EDGE('',*,*,#1706,.F.);
#1091=ORIENTED_EDGE('',*,*,#1772,.F.);
#1092=ORIENTED_EDGE('',*,*,#1473,.F.);
#1093=ORIENTED_EDGE('',*,*,#1772,.T.);
#1094=ORIENTED_EDGE('',*,*,#1434,.F.);
#1095=ORIENTED_EDGE('',*,*,#1773,.F.);
#1096=ORIENTED_EDGE('',*,*,#1474,.F.);
#1097=ORIENTED_EDGE('',*,*,#1773,.T.);
#1098=ORIENTED_EDGE('',*,*,#1709,.F.);
#1099=ORIENTED_EDGE('',*,*,#1774,.F.);
#1100=ORIENTED_EDGE('',*,*,#1475,.F.);
#1101=ORIENTED_EDGE('',*,*,#1774,.T.);
#1102=ORIENTED_EDGE('',*,*,#1711,.F.);
#1103=ORIENTED_EDGE('',*,*,#1775,.F.);
#1104=ORIENTED_EDGE('',*,*,#1476,.F.);
#1105=ORIENTED_EDGE('',*,*,#1775,.T.);
#1106=ORIENTED_EDGE('',*,*,#1701,.F.);
#1107=ORIENTED_EDGE('',*,*,#1776,.F.);
#1108=ORIENTED_EDGE('',*,*,#1477,.F.);
#1109=ORIENTED_EDGE('',*,*,#1776,.T.);
#1110=ORIENTED_EDGE('',*,*,#1714,.F.);
#1111=ORIENTED_EDGE('',*,*,#1777,.F.);
#1112=ORIENTED_EDGE('',*,*,#1478,.F.);
#1113=ORIENTED_EDGE('',*,*,#1777,.T.);
#1114=ORIENTED_EDGE('',*,*,#1716,.F.);
#1115=ORIENTED_EDGE('',*,*,#1778,.F.);
#1116=ORIENTED_EDGE('',*,*,#1479,.F.);
#1117=ORIENTED_EDGE('',*,*,#1778,.T.);
#1118=ORIENTED_EDGE('',*,*,#1430,.F.);
#1119=ORIENTED_EDGE('',*,*,#1779,.F.);
#1120=ORIENTED_EDGE('',*,*,#1453,.F.);
#1121=ORIENTED_EDGE('',*,*,#1503,.F.);
#1122=ORIENTED_EDGE('',*,*,#1454,.F.);
#1123=ORIENTED_EDGE('',*,*,#1779,.T.);
#1124=ORIENTED_EDGE('',*,*,#1718,.F.);
#1125=ORIENTED_EDGE('',*,*,#1599,.F.);
#1126=ORIENTED_EDGE('',*,*,#1452,.F.);
#1127=ORIENTED_EDGE('',*,*,#1780,.F.);
#1128=ORIENTED_EDGE('',*,*,#1332,.F.);
#1129=ORIENTED_EDGE('',*,*,#1781,.F.);
#1130=ORIENTED_EDGE('',*,*,#1663,.F.);
#1131=ORIENTED_EDGE('',*,*,#1781,.T.);
#1132=ORIENTED_EDGE('',*,*,#1653,.F.);
#1133=ORIENTED_EDGE('',*,*,#1782,.F.);
#1134=ORIENTED_EDGE('',*,*,#1660,.F.);
#1135=ORIENTED_EDGE('',*,*,#1780,.T.);
#1136=ORIENTED_EDGE('',*,*,#1662,.F.);
#1137=ORIENTED_EDGE('',*,*,#1783,.F.);
#1138=ORIENTED_EDGE('',*,*,#1317,.F.);
#1139=ORIENTED_EDGE('',*,*,#1297,.F.);
#1140=ORIENTED_EDGE('',*,*,#1322,.F.);
#1141=ORIENTED_EDGE('',*,*,#1782,.T.);
#1142=ORIENTED_EDGE('',*,*,#1334,.F.);
#1143=ORIENTED_EDGE('',*,*,#1783,.T.);
#1144=ORIENTED_EDGE('',*,*,#1661,.F.);
#1145=ORIENTED_EDGE('',*,*,#1784,.F.);
#1146=ORIENTED_EDGE('',*,*,#1562,.F.);
#1147=ORIENTED_EDGE('',*,*,#1785,.F.);
#1148=ORIENTED_EDGE('',*,*,#1526,.F.);
#1149=ORIENTED_EDGE('',*,*,#1785,.T.);
#1150=ORIENTED_EDGE('',*,*,#1561,.F.);
#1151=ORIENTED_EDGE('',*,*,#1786,.F.);
#1152=ORIENTED_EDGE('',*,*,#1529,.F.);
#1153=ORIENTED_EDGE('',*,*,#1532,.F.);
#1154=ORIENTED_EDGE('',*,*,#1649,.F.);
#1155=ORIENTED_EDGE('',*,*,#1787,.F.);
#1156=ORIENTED_EDGE('',*,*,#1563,.F.);
#1157=ORIENTED_EDGE('',*,*,#1784,.T.);
#1158=ORIENTED_EDGE('',*,*,#1786,.T.);
#1159=ORIENTED_EDGE('',*,*,#1560,.F.);
#1160=ORIENTED_EDGE('',*,*,#1788,.F.);
#1161=ORIENTED_EDGE('',*,*,#1511,.F.);
#1162=ORIENTED_EDGE('',*,*,#1648,.F.);
#1163=ORIENTED_EDGE('',*,*,#1493,.F.);
#1164=ORIENTED_EDGE('',*,*,#1789,.F.);
#1165=ORIENTED_EDGE('',*,*,#1564,.F.);
#1166=ORIENTED_EDGE('',*,*,#1787,.T.);
#1167=ORIENTED_EDGE('',*,*,#1788,.T.);
#1168=ORIENTED_EDGE('',*,*,#1559,.F.);
#1169=ORIENTED_EDGE('',*,*,#1790,.F.);
#1170=ORIENTED_EDGE('',*,*,#1575,.F.);
#1171=ORIENTED_EDGE('',*,*,#1789,.T.);
#1172=ORIENTED_EDGE('',*,*,#1704,.F.);
#1173=ORIENTED_EDGE('',*,*,#1791,.F.);
#1174=ORIENTED_EDGE('',*,*,#1565,.F.);
#1175=ORIENTED_EDGE('',*,*,#1790,.T.);
#1176=ORIENTED_EDGE('',*,*,#1558,.F.);
#1177=ORIENTED_EDGE('',*,*,#1792,.F.);
#1178=ORIENTED_EDGE('',*,*,#1573,.F.);
#1179=ORIENTED_EDGE('',*,*,#1791,.T.);
#1180=ORIENTED_EDGE('',*,*,#1697,.F.);
#1181=ORIENTED_EDGE('',*,*,#1793,.F.);
#1182=ORIENTED_EDGE('',*,*,#1566,.F.);
#1183=ORIENTED_EDGE('',*,*,#1792,.T.);
#1184=ORIENTED_EDGE('',*,*,#1557,.F.);
#1185=ORIENTED_EDGE('',*,*,#1794,.F.);
#1186=ORIENTED_EDGE('',*,*,#1645,.F.);
#1187=ORIENTED_EDGE('',*,*,#1568,.F.);
#1188=ORIENTED_EDGE('',*,*,#1793,.T.);
#1189=ORIENTED_EDGE('',*,*,#1694,.F.);
#1190=ORIENTED_EDGE('',*,*,#1795,.F.);
#1191=ORIENTED_EDGE('',*,*,#1555,.F.);
#1192=ORIENTED_EDGE('',*,*,#1794,.T.);
#1193=ORIENTED_EDGE('',*,*,#1556,.F.);
#1194=ORIENTED_EDGE('',*,*,#1795,.T.);
#1195=ORIENTED_EDGE('',*,*,#1499,.F.);
#1196=ORIENTED_EDGE('',*,*,#1646,.F.);
#1197=ORIENTED_EDGE('',*,*,#1586,.F.);
#1198=ORIENTED_EDGE('',*,*,#1603,.F.);
#1199=ORIENTED_EDGE('',*,*,#1796,.F.);
#1200=ORIENTED_EDGE('',*,*,#1523,.F.);
#1201=ORIENTED_EDGE('',*,*,#1796,.T.);
#1202=ORIENTED_EDGE('',*,*,#1602,.F.);
#1203=ORIENTED_EDGE('',*,*,#1570,.F.);
#1204=ORIENTED_EDGE('',*,*,#1519,.F.);
#1205=ORIENTED_EDGE('',*,*,#1579,.F.);
#1206=ORIENTED_EDGE('',*,*,#1540,.F.);
#1207=ORIENTED_EDGE('',*,*,#1797,.F.);
#1208=ORIENTED_EDGE('',*,*,#1615,.F.);
#1209=ORIENTED_EDGE('',*,*,#1797,.T.);
#1210=ORIENTED_EDGE('',*,*,#1537,.F.);
#1211=ORIENTED_EDGE('',*,*,#1534,.F.);
#1212=ORIENTED_EDGE('',*,*,#1616,.F.);
#1213=ORIENTED_EDGE('',*,*,#1682,.F.);
#1214=ORIENTED_EDGE('',*,*,#1607,.F.);
#1215=ORIENTED_EDGE('',*,*,#1798,.F.);
#1216=ORIENTED_EDGE('',*,*,#1507,.F.);
#1217=ORIENTED_EDGE('',*,*,#1799,.F.);
#1218=ORIENTED_EDGE('',*,*,#1629,.F.);
#1219=ORIENTED_EDGE('',*,*,#1798,.T.);
#1220=ORIENTED_EDGE('',*,*,#1606,.F.);
#1221=ORIENTED_EDGE('',*,*,#1631,.F.);
#1222=ORIENTED_EDGE('',*,*,#1799,.T.);
#1223=ORIENTED_EDGE('',*,*,#1800,.F.);
#1224=ORIENTED_EDGE('',*,*,#1801,.F.);
#1225=ORIENTED_EDGE('',*,*,#1515,.F.);
#1226=ORIENTED_EDGE('',*,*,#1800,.T.);
#1227=ORIENTED_EDGE('',*,*,#1605,.F.);
#1228=ORIENTED_EDGE('',*,*,#1622,.F.);
#1229=ORIENTED_EDGE('',*,*,#1801,.T.);
#1230=ORIENTED_EDGE('',*,*,#1802,.F.);
#1231=ORIENTED_EDGE('',*,*,#1597,.F.);
#1232=ORIENTED_EDGE('',*,*,#1618,.F.);
#1233=ORIENTED_EDGE('',*,*,#1802,.T.);
#1234=ORIENTED_EDGE('',*,*,#1604,.F.);
#1235=ORIENTED_EDGE('',*,*,#1803,.F.);
#1236=ORIENTED_EDGE('',*,*,#1589,.F.);
#1237=ORIENTED_EDGE('',*,*,#1593,.F.);
#1238=ORIENTED_EDGE('',*,*,#1614,.F.);
#1239=ORIENTED_EDGE('',*,*,#1644,.F.);
#1240=ORIENTED_EDGE('',*,*,#1803,.T.);
#1241=ORIENTED_EDGE('',*,*,#1804,.F.);
#1242=ORIENTED_EDGE('',*,*,#1805,.F.);
#1243=ORIENTED_EDGE('',*,*,#1639,.F.);
#1244=ORIENTED_EDGE('',*,*,#1804,.T.);
#1245=ORIENTED_EDGE('',*,*,#1613,.F.);
#1246=ORIENTED_EDGE('',*,*,#1636,.F.);
#1247=ORIENTED_EDGE('',*,*,#1805,.T.);
#1248=ORIENTED_EDGE('',*,*,#1806,.F.);
#1249=ORIENTED_EDGE('',*,*,#1806,.T.);
#1250=ORIENTED_EDGE('',*,*,#1612,.F.);
#1251=ORIENTED_EDGE('',*,*,#1807,.F.);
#1252=ORIENTED_EDGE('',*,*,#1544,.F.);
#1253=ORIENTED_EDGE('',*,*,#1689,.F.);
#1254=ORIENTED_EDGE('',*,*,#1581,.F.);
#1255=ORIENTED_EDGE('',*,*,#1807,.T.);
#1256=ORIENTED_EDGE('',*,*,#1611,.F.);
#1257=EDGE_CURVE('',#1808,#1809,#2144,.F.);
#1258=EDGE_CURVE('',#1810,#1808,#2145,.T.);
#1259=EDGE_CURVE('',#1810,#1811,#2146,.F.);
#1260=EDGE_CURVE('',#1811,#1812,#2147,.F.);
#1261=EDGE_CURVE('',#1812,#1809,#2148,.F.);
#1262=EDGE_CURVE('',#1809,#1813,#2149,.F.);
#1263=EDGE_CURVE('',#1812,#1814,#2150,.F.);
#1264=EDGE_CURVE('',#1814,#1815,#2151,.T.);
#1265=EDGE_CURVE('',#1815,#1813,#2152,.T.);
#1266=EDGE_CURVE('',#1816,#1817,#2153,.T.);
#1267=EDGE_CURVE('',#1818,#1816,#2154,.T.);
#1268=EDGE_CURVE('',#1818,#1819,#2155,.F.);
#1269=EDGE_CURVE('',#1819,#1820,#2156,.T.);
#1270=EDGE_CURVE('',#1820,#1817,#2157,.F.);
#1271=EDGE_CURVE('',#1817,#1821,#2158,.T.);
#1272=EDGE_CURVE('',#1820,#1822,#2159,.T.);
#1273=EDGE_CURVE('',#1822,#1823,#2160,.T.);
#1274=EDGE_CURVE('',#1823,#1821,#2161,.T.);
#1275=EDGE_CURVE('',#1822,#1824,#2162,.F.);
#1276=EDGE_CURVE('',#1825,#1824,#2163,.T.);
#1277=EDGE_CURVE('',#1823,#1825,#2164,.F.);
#1278=EDGE_CURVE('',#1821,#1826,#2165,.F.);
#1279=EDGE_CURVE('',#1823,#1827,#2166,.F.);
#1280=EDGE_CURVE('',#1827,#1826,#2167,.F.);
#1281=EDGE_CURVE('',#1826,#1808,#2168,.F.);
#1282=EDGE_CURVE('',#1827,#1810,#2169,.F.);
#1283=EDGE_CURVE('',#1828,#1811,#2170,.T.);
#1284=EDGE_CURVE('',#1829,#1810,#2171,.T.);
#1285=EDGE_CURVE('',#1829,#1828,#2172,.F.);
#1286=EDGE_CURVE('',#1830,#1816,#2173,.T.);
#1287=EDGE_CURVE('',#1831,#1830,#2174,.F.);
#1288=EDGE_CURVE('',#1831,#1818,#2175,.T.);
#1289=EDGE_CURVE('',#1832,#1819,#2176,.F.);
#1290=EDGE_CURVE('',#1833,#1818,#2177,.F.);
#1291=EDGE_CURVE('',#1833,#1832,#2178,.T.);
#1292=EDGE_CURVE('',#1814,#1834,#2179,.T.);
#1293=EDGE_CURVE('',#1835,#1834,#2180,.T.);
#1294=EDGE_CURVE('',#1815,#1835,#2181,.T.);
#1295=EDGE_CURVE('',#1813,#1830,#2182,.T.);
#1296=EDGE_CURVE('',#1815,#1831,#2183,.T.);
#1297=EDGE_CURVE('',#1836,#1837,#2184,.F.);
#1298=EDGE_CURVE('',#1837,#1814,#2185,.T.);
#1299=EDGE_CURVE('',#1811,#1836,#2186,.F.);
#1300=EDGE_CURVE('',#1819,#1838,#2187,.T.);
#1301=EDGE_CURVE('',#1839,#1838,#73,.F.);
#1302=EDGE_CURVE('',#1839,#1840,#2188,.T.);
#1303=EDGE_CURVE('',#1840,#1841,#74,.T.);
#1304=EDGE_CURVE('',#1841,#1822,#2189,.F.);
#1305=EDGE_CURVE('',#1809,#1830,#75,.T.);
#1306=EDGE_CURVE('',#1830,#1817,#76,.T.);
#1307=EDGE_CURVE('',#1829,#1842,#77,.T.);
#1308=EDGE_CURVE('',#1843,#1825,#2190,.T.);
#1309=EDGE_CURVE('',#1843,#1842,#78,.T.);
#1310=EDGE_CURVE('',#1826,#1809,#79,.T.);
#1311=EDGE_CURVE('',#1844,#1835,#80,.T.);
#1312=EDGE_CURVE('',#1844,#1845,#81,.T.);
#1313=EDGE_CURVE('',#1833,#1845,#2191,.T.);
#1314=EDGE_CURVE('',#1846,#1832,#2192,.T.);
#1315=EDGE_CURVE('',#1838,#1846,#82,.F.);
#1316=EDGE_CURVE('',#1817,#1826,#83,.T.);
#1317=EDGE_CURVE('',#1837,#1847,#2193,.F.);
#1318=EDGE_CURVE('',#1847,#1848,#2194,.T.);
#1319=EDGE_CURVE('',#1834,#1848,#84,.T.);
#1320=EDGE_CURVE('',#1849,#1828,#85,.T.);
#1321=EDGE_CURVE('',#1849,#1850,#2195,.T.);
#1322=EDGE_CURVE('',#1850,#1836,#2196,.F.);
#1323=EDGE_CURVE('',#1851,#1843,#2197,.T.);
#1324=EDGE_CURVE('',#1852,#1851,#86,.F.);
#1325=EDGE_CURVE('',#1852,#1842,#2198,.T.);
#1326=EDGE_CURVE('',#1844,#1853,#2199,.T.);
#1327=EDGE_CURVE('',#1854,#1853,#87,.F.);
#1328=EDGE_CURVE('',#1854,#1845,#2200,.T.);
#1329=EDGE_CURVE('',#1848,#1855,#2201,.T.);
#1330=EDGE_CURVE('',#1855,#1853,#88,.F.);
#1331=EDGE_CURVE('',#1856,#1857,#2202,.T.);
#1332=EDGE_CURVE('',#1856,#1850,#2203,.T.);
#1333=EDGE_CURVE('',#1857,#1849,#2204,.T.);
#1334=EDGE_CURVE('',#1847,#1858,#2205,.T.);
#1335=EDGE_CURVE('',#1855,#1858,#2206,.T.);
#1336=EDGE_CURVE('',#1859,#1854,#2207,.T.);
#1337=EDGE_CURVE('',#1859,#1846,#2208,.T.);
#1338=EDGE_CURVE('',#1852,#1857,#89,.F.);
#1339=EDGE_CURVE('',#1860,#1861,#2209,.T.);
#1340=EDGE_CURVE('',#1862,#1860,#2210,.F.);
#1341=EDGE_CURVE('',#1862,#1863,#2211,.T.);
#1342=EDGE_CURVE('',#1863,#1861,#2212,.T.);
#1343=EDGE_CURVE('',#1864,#1860,#2213,.T.);
#1344=EDGE_CURVE('',#1865,#1864,#2214,.T.);
#1345=EDGE_CURVE('',#1865,#1862,#2215,.T.);
#1346=EDGE_CURVE('',#1866,#1867,#2216,.T.);
#1347=EDGE_CURVE('',#1868,#1866,#2217,.F.);
#1348=EDGE_CURVE('',#1868,#1869,#2218,.T.);
#1349=EDGE_CURVE('',#1869,#1867,#2219,.T.);
#1350=EDGE_CURVE('',#1870,#1866,#2220,.T.);
#1351=EDGE_CURVE('',#1871,#1870,#2221,.T.);
#1352=EDGE_CURVE('',#1871,#1868,#2222,.T.);
#1353=EDGE_CURVE('',#1872,#1873,#2223,.T.);
#1354=EDGE_CURVE('',#1874,#1872,#2224,.F.);
#1355=EDGE_CURVE('',#1874,#1875,#2225,.T.);
#1356=EDGE_CURVE('',#1875,#1873,#2226,.T.);
#1357=EDGE_CURVE('',#1876,#1872,#2227,.T.);
#1358=EDGE_CURVE('',#1877,#1876,#2228,.T.);
#1359=EDGE_CURVE('',#1877,#1874,#2229,.T.);
#1360=EDGE_CURVE('',#1878,#1879,#2230,.T.);
#1361=EDGE_CURVE('',#1880,#1878,#2231,.F.);
#1362=EDGE_CURVE('',#1880,#1881,#2232,.T.);
#1363=EDGE_CURVE('',#1881,#1879,#2233,.T.);
#1364=EDGE_CURVE('',#1882,#1878,#2234,.T.);
#1365=EDGE_CURVE('',#1883,#1882,#2235,.T.);
#1366=EDGE_CURVE('',#1883,#1880,#2236,.T.);
#1367=EDGE_CURVE('',#1876,#1867,#90,.T.);
#1368=EDGE_CURVE('',#1872,#1866,#91,.T.);
#1369=EDGE_CURVE('',#1860,#1872,#92,.T.);
#1370=EDGE_CURVE('',#1864,#1873,#93,.T.);
#1371=EDGE_CURVE('',#1875,#1877,#94,.F.);
#1372=EDGE_CURVE('',#1878,#1860,#95,.T.);
#1373=EDGE_CURVE('',#1882,#1861,#96,.T.);
#1374=EDGE_CURVE('',#1863,#1865,#97,.F.);
#1375=EDGE_CURVE('',#1866,#1878,#98,.T.);
#1376=EDGE_CURVE('',#1870,#1879,#99,.T.);
#1377=EDGE_CURVE('',#1881,#1883,#100,.F.);
#1378=EDGE_CURVE('',#1884,#1885,#2237,.T.);
#1379=EDGE_CURVE('',#1886,#1884,#2238,.F.);
#1380=EDGE_CURVE('',#1886,#1887,#2239,.T.);
#1381=EDGE_CURVE('',#1887,#1885,#2240,.T.);
#1382=EDGE_CURVE('',#1888,#1884,#2241,.T.);
#1383=EDGE_CURVE('',#1889,#1888,#2242,.T.);
#1384=EDGE_CURVE('',#1889,#1886,#2243,.T.);
#1385=EDGE_CURVE('',#1890,#1891,#2244,.T.);
#1386=EDGE_CURVE('',#1892,#1890,#2245,.F.);
#1387=EDGE_CURVE('',#1892,#1893,#2246,.T.);
#1388=EDGE_CURVE('',#1893,#1891,#2247,.T.);
#1389=EDGE_CURVE('',#1894,#1890,#2248,.T.);
#1390=EDGE_CURVE('',#1895,#1894,#2249,.T.);
#1391=EDGE_CURVE('',#1895,#1892,#2250,.T.);
#1392=EDGE_CURVE('',#1896,#1897,#2251,.T.);
#1393=EDGE_CURVE('',#1898,#1896,#2252,.F.);
#1394=EDGE_CURVE('',#1898,#1899,#2253,.T.);
#1395=EDGE_CURVE('',#1899,#1897,#2254,.T.);
#1396=EDGE_CURVE('',#1900,#1896,#2255,.T.);
#1397=EDGE_CURVE('',#1901,#1900,#2256,.T.);
#1398=EDGE_CURVE('',#1901,#1898,#2257,.T.);
#1399=EDGE_CURVE('',#1902,#1903,#2258,.T.);
#1400=EDGE_CURVE('',#1904,#1902,#2259,.F.);
#1401=EDGE_CURVE('',#1904,#1905,#2260,.T.);
#1402=EDGE_CURVE('',#1905,#1903,#2261,.T.);
#1403=EDGE_CURVE('',#1906,#1902,#2262,.T.);
#1404=EDGE_CURVE('',#1907,#1906,#2263,.T.);
#1405=EDGE_CURVE('',#1907,#1904,#2264,.T.);
#1406=EDGE_CURVE('',#1900,#1891,#101,.T.);
#1407=EDGE_CURVE('',#1896,#1890,#102,.T.);
#1408=EDGE_CURVE('',#1884,#1896,#103,.T.);
#1409=EDGE_CURVE('',#1888,#1897,#104,.T.);
#1410=EDGE_CURVE('',#1899,#1901,#105,.F.);
#1411=EDGE_CURVE('',#1902,#1884,#106,.T.);
#1412=EDGE_CURVE('',#1906,#1885,#107,.T.);
#1413=EDGE_CURVE('',#1887,#1889,#108,.F.);
#1414=EDGE_CURVE('',#1890,#1902,#109,.T.);
#1415=EDGE_CURVE('',#1894,#1903,#110,.T.);
#1416=EDGE_CURVE('',#1905,#1907,#111,.F.);
#1417=EDGE_CURVE('',#1908,#1909,#2265,.T.);
#1418=EDGE_CURVE('',#1909,#1910,#112,.F.);
#1419=EDGE_CURVE('',#1910,#1911,#2266,.T.);
#1420=EDGE_CURVE('',#1911,#1908,#113,.F.);
#1421=EDGE_CURVE('',#1912,#1912,#114,.F.);
#1422=EDGE_CURVE('',#1913,#1914,#2267,.T.);
#1423=EDGE_CURVE('',#1914,#1915,#2268,.T.);
#1424=EDGE_CURVE('',#1915,#1916,#2269,.T.);
#1425=EDGE_CURVE('',#1916,#1917,#2270,.T.);
#1426=EDGE_CURVE('',#1917,#1918,#2271,.T.);
#1427=EDGE_CURVE('',#1918,#1919,#2272,.T.);
#1428=EDGE_CURVE('',#1919,#1913,#2273,.T.);
#1429=EDGE_CURVE('',#1920,#1921,#2274,.T.);
#1430=EDGE_CURVE('',#1920,#1922,#2275,.T.);
#1431=EDGE_CURVE('',#1922,#1923,#2276,.T.);
#1432=EDGE_CURVE('',#1923,#1921,#2277,.T.);
#1433=EDGE_CURVE('',#1924,#1925,#2278,.T.);
#1434=EDGE_CURVE('',#1924,#1926,#2279,.T.);
#1435=EDGE_CURVE('',#1926,#1927,#2280,.T.);
#1436=EDGE_CURVE('',#1927,#1925,#2281,.T.);
#1437=EDGE_CURVE('',#1928,#1929,#2282,.T.);
#1438=EDGE_CURVE('',#1929,#1930,#2283,.F.);
#1439=EDGE_CURVE('',#1930,#1931,#2284,.T.);
#1440=EDGE_CURVE('',#1931,#1932,#2285,.T.);
#1441=EDGE_CURVE('',#1928,#1932,#33,.F.);
#1442=EDGE_CURVE('',#1933,#1933,#115,.F.);
#1443=EDGE_CURVE('',#1934,#1934,#116,.F.);
#1444=EDGE_CURVE('',#1935,#1936,#2286,.T.);
#1445=EDGE_CURVE('',#1936,#1937,#117,.F.);
#1446=EDGE_CURVE('',#1937,#1938,#2287,.T.);
#1447=EDGE_CURVE('',#1938,#1935,#118,.F.);
#1448=EDGE_CURVE('',#1939,#1940,#119,.F.);
#1449=EDGE_CURVE('',#1940,#1941,#2288,.T.);
#1450=EDGE_CURVE('',#1941,#1942,#120,.F.);
#1451=EDGE_CURVE('',#1942,#1939,#2289,.T.);
#1452=EDGE_CURVE('',#1943,#1943,#121,.F.);
#1453=EDGE_CURVE('',#1944,#1945,#2290,.T.);
#1454=EDGE_CURVE('',#1945,#1946,#2291,.T.);
#1455=EDGE_CURVE('',#1947,#1946,#2292,.T.);
#1456=EDGE_CURVE('',#1948,#1947,#2293,.T.);
#1457=EDGE_CURVE('',#1949,#1948,#122,.T.);
#1458=EDGE_CURVE('',#1950,#1949,#2294,.T.);
#1459=EDGE_CURVE('',#1951,#1950,#2295,.T.);
#1460=EDGE_CURVE('',#1952,#1951,#2296,.T.);
#1461=EDGE_CURVE('',#1953,#1952,#2297,.T.);
#1462=EDGE_CURVE('',#1954,#1953,#2298,.T.);
#1463=EDGE_CURVE('',#1955,#1954,#2299,.T.);
#1464=EDGE_CURVE('',#1956,#1955,#2300,.T.);
#1465=EDGE_CURVE('',#1957,#1956,#2301,.T.);
#1466=EDGE_CURVE('',#1958,#1957,#2302,.T.);
#1467=EDGE_CURVE('',#1959,#1958,#2303,.T.);
#1468=EDGE_CURVE('',#1960,#1959,#2304,.T.);
#1469=EDGE_CURVE('',#1961,#1960,#2305,.T.);
#1470=EDGE_CURVE('',#1962,#1961,#2306,.T.);
#1471=EDGE_CURVE('',#1963,#1962,#123,.T.);
#1472=EDGE_CURVE('',#1931,#1963,#2307,.T.);
#1473=EDGE_CURVE('',#1930,#1964,#2308,.T.);
#1474=EDGE_CURVE('',#1964,#1965,#2309,.T.);
#1475=EDGE_CURVE('',#1965,#1966,#2310,.T.);
#1476=EDGE_CURVE('',#1966,#1967,#2311,.T.);
#1477=EDGE_CURVE('',#1967,#1968,#2312,.T.);
#1478=EDGE_CURVE('',#1968,#1969,#2313,.T.);
#1479=EDGE_CURVE('',#1969,#1944,#2314,.T.);
#1480=EDGE_CURVE('',#1970,#1971,#124,.F.);
#1481=EDGE_CURVE('',#1971,#1972,#2315,.T.);
#1482=EDGE_CURVE('',#1972,#1973,#125,.F.);
#1483=EDGE_CURVE('',#1973,#1970,#2316,.T.);
#1484=EDGE_CURVE('',#1974,#1974,#126,.F.);
#1485=EDGE_CURVE('',#1975,#1976,#2317,.T.);
#1486=EDGE_CURVE('',#1976,#1977,#2318,.T.);
#1487=EDGE_CURVE('',#1977,#1978,#2319,.T.);
#1488=EDGE_CURVE('',#1978,#1979,#2320,.T.);
#1489=EDGE_CURVE('',#1979,#1980,#2321,.T.);
#1490=EDGE_CURVE('',#1980,#1981,#2322,.T.);
#1491=EDGE_CURVE('',#1981,#1975,#2323,.T.);
#1492=EDGE_CURVE('',#1982,#1983,#2324,.T.);
#1493=EDGE_CURVE('',#1983,#1984,#2325,.T.);
#1494=EDGE_CURVE('',#1985,#1984,#2326,.F.);
#1495=EDGE_CURVE('',#1986,#1985,#2327,.T.);
#1496=EDGE_CURVE('',#1986,#1987,#2328,.T.);
#1497=EDGE_CURVE('',#1987,#1982,#2329,.T.);
#1498=EDGE_CURVE('',#1988,#1928,#2330,.T.);
#1499=EDGE_CURVE('',#1988,#1989,#2331,.T.);
#1500=EDGE_CURVE('',#1990,#1989,#2332,.T.);
#1501=EDGE_CURVE('',#1990,#1991,#2333,.T.);
#1502=EDGE_CURVE('',#1929,#1991,#2334,.T.);
#1503=EDGE_CURVE('',#1946,#1986,#2335,.T.);
#1504=EDGE_CURVE('',#1992,#1985,#34,.F.);
#1505=EDGE_CURVE('',#1947,#1992,#2336,.T.);
#1506=EDGE_CURVE('',#1993,#1994,#2337,.T.);
#1507=EDGE_CURVE('',#1994,#1995,#2338,.T.);
#1508=EDGE_CURVE('',#1995,#1996,#2339,.T.);
#1509=EDGE_CURVE('',#1993,#1996,#2340,.T.);
#1510=EDGE_CURVE('',#1997,#1998,#2341,.T.);
#1511=EDGE_CURVE('',#1998,#1999,#2342,.T.);
#1512=EDGE_CURVE('',#2000,#1999,#2343,.T.);
#1513=EDGE_CURVE('',#1997,#2000,#2344,.T.);
#1514=EDGE_CURVE('',#2001,#2002,#2345,.T.);
#1515=EDGE_CURVE('',#2001,#2003,#2346,.T.);
#1516=EDGE_CURVE('',#2004,#2003,#2347,.T.);
#1517=EDGE_CURVE('',#2002,#2004,#2348,.T.);
#1518=EDGE_CURVE('',#2005,#2006,#2349,.T.);
#1519=EDGE_CURVE('',#2005,#2007,#127,.F.);
#1520=EDGE_CURVE('',#2008,#2007,#2350,.F.);
#1521=EDGE_CURVE('',#2006,#2008,#128,.F.);
#1522=EDGE_CURVE('',#2009,#2010,#2351,.T.);
#1523=EDGE_CURVE('',#2009,#2005,#2352,.T.);
#1524=EDGE_CURVE('',#2010,#2006,#2353,.T.);
#1525=EDGE_CURVE('',#2011,#2012,#2354,.F.);
#1526=EDGE_CURVE('',#2011,#2013,#2355,.T.);
#1527=EDGE_CURVE('',#2014,#2013,#2356,.T.);
#1528=EDGE_CURVE('',#2014,#2012,#2357,.T.);
#1529=EDGE_CURVE('',#2013,#1998,#2358,.T.);
#1530=EDGE_CURVE('',#1997,#2014,#2359,.T.);
#1531=EDGE_CURVE('',#2015,#2016,#2360,.T.);
#1532=EDGE_CURVE('',#2015,#2011,#2361,.F.);
#1533=EDGE_CURVE('',#2012,#2017,#2362,.F.);
#1534=EDGE_CURVE('',#2017,#2018,#31,.T.);
#1535=EDGE_CURVE('',#2019,#2018,#2363,.F.);
#1536=EDGE_CURVE('',#2016,#2019,#2364,.F.);
#1537=EDGE_CURVE('',#2018,#2020,#129,.F.);
#1538=EDGE_CURVE('',#2020,#2021,#2365,.T.);
#1539=EDGE_CURVE('',#2019,#2021,#130,.F.);
#1540=EDGE_CURVE('',#2020,#2022,#2366,.T.);
#1541=EDGE_CURVE('',#2022,#2023,#2367,.F.);
#1542=EDGE_CURVE('',#2021,#2023,#2368,.T.);
#1543=EDGE_CURVE('',#2024,#2025,#2369,.T.);
#1544=EDGE_CURVE('',#2024,#2026,#2370,.F.);
#1545=EDGE_CURVE('',#2026,#2027,#2371,.T.);
#1546=EDGE_CURVE('',#2025,#2027,#2372,.T.);
#1547=EDGE_CURVE('',#2021,#1949,#2373,.T.);
#1548=EDGE_CURVE('',#1950,#2023,#2374,.T.);
#1549=EDGE_CURVE('',#2019,#1948,#2375,.T.);
#1550=EDGE_CURVE('',#1962,#2006,#2376,.T.);
#1551=EDGE_CURVE('',#1961,#2010,#2377,.T.);
#1552=EDGE_CURVE('',#1963,#2008,#2378,.T.);
#1553=EDGE_CURVE('',#1932,#2028,#35,.F.);
#1554=EDGE_CURVE('',#2008,#2028,#2379,.T.);
#1555=EDGE_CURVE('',#2029,#2030,#2380,.T.);
#1556=EDGE_CURVE('',#2030,#2031,#2381,.T.);
#1557=EDGE_CURVE('',#2031,#2032,#2382,.T.);
#1558=EDGE_CURVE('',#2032,#2033,#2383,.T.);
#1559=EDGE_CURVE('',#2033,#2034,#2384,.T.);
#1560=EDGE_CURVE('',#2034,#2035,#2385,.T.);
#1561=EDGE_CURVE('',#2035,#2036,#2386,.T.);
#1562=EDGE_CURVE('',#2036,#2037,#2387,.T.);
#1563=EDGE_CURVE('',#2037,#2038,#2388,.T.);
#1564=EDGE_CURVE('',#2038,#2039,#2389,.T.);
#1565=EDGE_CURVE('',#2039,#2040,#2390,.T.);
#1566=EDGE_CURVE('',#2040,#2029,#2391,.T.);
#1567=EDGE_CURVE('',#2041,#2042,#2392,.T.);
#1568=EDGE_CURVE('',#2041,#2043,#2393,.T.);
#1569=EDGE_CURVE('',#2028,#2043,#2394,.F.);
#1570=EDGE_CURVE('',#2007,#2044,#32,.T.);
#1571=EDGE_CURVE('',#2042,#2044,#2395,.T.);
#1572=EDGE_CURVE('',#2045,#2046,#2396,.T.);
#1573=EDGE_CURVE('',#2046,#2041,#2397,.T.);
#1574=EDGE_CURVE('',#2045,#2042,#2398,.T.);
#1575=EDGE_CURVE('',#1999,#2046,#2399,.T.);
#1576=EDGE_CURVE('',#2000,#2045,#2400,.T.);
#1577=EDGE_CURVE('',#2047,#2048,#2401,.F.);
#1578=EDGE_CURVE('',#2023,#2048,#2402,.F.);
#1579=EDGE_CURVE('',#2022,#2049,#2403,.F.);
#1580=EDGE_CURVE('',#2047,#2049,#2404,.F.);
#1581=EDGE_CURVE('',#2026,#2050,#2405,.T.);
#1582=EDGE_CURVE('',#2050,#2051,#2406,.T.);
#1583=EDGE_CURVE('',#2027,#2051,#2407,.T.);
#1584=EDGE_CURVE('',#2052,#2053,#2408,.T.);
#1585=EDGE_CURVE('',#2053,#2054,#2409,.T.);
#1586=EDGE_CURVE('',#2054,#2009,#2410,.F.);
#1587=EDGE_CURVE('',#2052,#2010,#2411,.T.);
#1588=EDGE_CURVE('',#2055,#2056,#2412,.F.);
#1589=EDGE_CURVE('',#2056,#2057,#2413,.F.);
#1590=EDGE_CURVE('',#2058,#2057,#2414,.T.);
#1591=EDGE_CURVE('',#2055,#2058,#2415,.F.);
#1592=EDGE_CURVE('',#2059,#2047,#2416,.T.);
#1593=EDGE_CURVE('',#2059,#2056,#2417,.F.);
#1594=EDGE_CURVE('',#2048,#2055,#2418,.T.);
#1595=EDGE_CURVE('',#2060,#2052,#2419,.T.);
#1596=EDGE_CURVE('',#2060,#2061,#2420,.T.);
#1597=EDGE_CURVE('',#2061,#2062,#2421,.F.);
#1598=EDGE_CURVE('',#2053,#2062,#2422,.T.);
#1599=EDGE_CURVE('',#2063,#2063,#131,.T.);
#1600=EDGE_CURVE('',#2064,#2064,#132,.F.);
#1601=EDGE_CURVE('',#2065,#2065,#133,.F.);
#1602=EDGE_CURVE('',#2044,#2066,#134,.T.);
#1603=EDGE_CURVE('',#2066,#2054,#2423,.T.);
#1604=EDGE_CURVE('',#2062,#2067,#2424,.T.);
#1605=EDGE_CURVE('',#2067,#2068,#2425,.T.);
#1606=EDGE_CURVE('',#2068,#2069,#2426,.T.);
#1607=EDGE_CURVE('',#2069,#2070,#2427,.T.);
#1608=EDGE_CURVE('',#2070,#2071,#2428,.T.);
#1609=EDGE_CURVE('',#2072,#2071,#2429,.T.);
#1610=EDGE_CURVE('',#2072,#2073,#2430,.T.);
#1611=EDGE_CURVE('',#2073,#2074,#2431,.T.);
#1612=EDGE_CURVE('',#2074,#2075,#2432,.T.);
#1613=EDGE_CURVE('',#2075,#2076,#2433,.T.);
#1614=EDGE_CURVE('',#2076,#2059,#2434,.T.);
#1615=EDGE_CURVE('',#2049,#2077,#2435,.T.);
#1616=EDGE_CURVE('',#2077,#2017,#135,.T.);
#1617=EDGE_CURVE('',#2078,#2079,#2436,.T.);
#1618=EDGE_CURVE('',#2078,#2061,#2437,.T.);
#1619=EDGE_CURVE('',#2079,#2060,#2438,.T.);
#1620=EDGE_CURVE('',#2079,#2080,#36,.F.);
#1621=EDGE_CURVE('',#2080,#1960,#2439,.T.);
#1622=EDGE_CURVE('',#2003,#2078,#136,.T.);
#1623=EDGE_CURVE('',#2080,#2004,#37,.T.);
#1624=EDGE_CURVE('',#2002,#2081,#38,.T.);
#1625=EDGE_CURVE('',#1959,#2081,#2440,.T.);
#1626=EDGE_CURVE('',#2081,#2082,#39,.T.);
#1627=EDGE_CURVE('',#1958,#1996,#2441,.T.);
#1628=EDGE_CURVE('',#1996,#2082,#2442,.T.);
#1629=EDGE_CURVE('',#1995,#2083,#2443,.T.);
#1630=EDGE_CURVE('',#2082,#2083,#2444,.T.);
#1631=EDGE_CURVE('',#2083,#2001,#137,.T.);
#1632=EDGE_CURVE('',#2025,#2084,#40,.T.);
#1633=EDGE_CURVE('',#1953,#2027,#2445,.T.);
#1634=EDGE_CURVE('',#1952,#2084,#2446,.T.);
#1635=EDGE_CURVE('',#2085,#2086,#2447,.T.);
#1636=EDGE_CURVE('',#2086,#2024,#138,.T.);
#1637=EDGE_CURVE('',#2084,#2085,#41,.T.);
#1638=EDGE_CURVE('',#2087,#2088,#2448,.T.);
#1639=EDGE_CURVE('',#2087,#2086,#2449,.T.);
#1640=EDGE_CURVE('',#2088,#2085,#2450,.T.);
#1641=EDGE_CURVE('',#2088,#2089,#42,.T.);
#1642=EDGE_CURVE('',#1951,#2089,#2451,.T.);
#1643=EDGE_CURVE('',#2089,#2058,#43,.F.);
#1644=EDGE_CURVE('',#2057,#2087,#139,.T.);
#1645=EDGE_CURVE('',#2043,#2090,#44,.F.);
#1646=EDGE_CURVE('',#2090,#1988,#45,.F.);
#1647=EDGE_CURVE('',#2016,#1992,#46,.F.);
#1648=EDGE_CURVE('',#1984,#2091,#47,.T.);
#1649=EDGE_CURVE('',#2091,#2015,#48,.F.);
#1650=EDGE_CURVE('',#1839,#2092,#2452,.T.);
#1651=EDGE_CURVE('',#2093,#2092,#2453,.T.);
#1652=EDGE_CURVE('',#2093,#1840,#2454,.T.);
#1653=EDGE_CURVE('',#1858,#1856,#2455,.T.);
#1654=EDGE_CURVE('',#2094,#1851,#2456,.T.);
#1655=EDGE_CURVE('',#2094,#2093,#140,.F.);
#1656=EDGE_CURVE('',#1859,#2092,#141,.T.);
#1657=EDGE_CURVE('',#1824,#2095,#2457,.T.);
#1658=EDGE_CURVE('',#2094,#2095,#2458,.T.);
#1659=EDGE_CURVE('',#1841,#2095,#142,.T.);
#1660=EDGE_CURVE('',#2096,#2097,#2459,.T.);
#1661=EDGE_CURVE('',#2097,#2098,#2460,.T.);
#1662=EDGE_CURVE('',#2098,#2099,#2461,.T.);
#1663=EDGE_CURVE('',#2099,#2096,#2462,.T.);
#1664=EDGE_CURVE('',#2100,#2101,#2463,.T.);
#1665=EDGE_CURVE('',#2102,#2101,#2464,.T.);
#1666=EDGE_CURVE('',#2102,#2103,#2465,.T.);
#1667=EDGE_CURVE('',#2104,#2103,#2466,.T.);
#1668=EDGE_CURVE('',#2105,#2104,#2467,.T.);
#1669=EDGE_CURVE('',#2106,#2105,#2468,.T.);
#1670=EDGE_CURVE('',#2106,#2107,#2469,.T.);
#1671=EDGE_CURVE('',#2107,#2100,#2470,.T.);
#1672=EDGE_CURVE('',#2105,#2108,#2471,.T.);
#1673=EDGE_CURVE('',#2109,#2104,#2472,.T.);
#1674=EDGE_CURVE('',#2109,#1956,#2473,.T.);
#1675=EDGE_CURVE('',#1955,#2108,#2474,.T.);
#1676=EDGE_CURVE('',#2101,#2071,#2475,.T.);
#1677=EDGE_CURVE('',#2072,#2100,#2476,.T.);
#1678=EDGE_CURVE('',#2103,#2110,#2477,.T.);
#1679=EDGE_CURVE('',#2110,#2102,#2478,.T.);
#1680=EDGE_CURVE('',#2107,#2111,#2479,.T.);
#1681=EDGE_CURVE('',#2111,#2106,#2480,.T.);
#1682=EDGE_CURVE('',#2070,#1994,#2481,.F.);
#1683=EDGE_CURVE('',#1993,#2112,#2482,.T.);
#1684=EDGE_CURVE('',#2112,#2113,#2483,.T.);
#1685=EDGE_CURVE('',#2113,#2110,#2484,.T.);
#1686=EDGE_CURVE('',#2109,#2113,#2485,.T.);
#1687=EDGE_CURVE('',#2114,#2111,#2486,.T.);
#1688=EDGE_CURVE('',#2114,#2108,#2487,.T.);
#1689=EDGE_CURVE('',#2050,#2073,#2488,.T.);
#1690=EDGE_CURVE('',#2114,#2115,#2489,.T.);
#1691=EDGE_CURVE('',#2115,#2051,#2490,.T.);
#1692=EDGE_CURVE('',#2112,#1957,#2491,.T.);
#1693=EDGE_CURVE('',#1954,#2115,#2492,.T.);
#1694=EDGE_CURVE('',#1989,#2116,#2493,.T.);
#1695=EDGE_CURVE('',#1978,#2116,#2494,.T.);
#1696=EDGE_CURVE('',#1977,#1990,#2495,.F.);
#1697=EDGE_CURVE('',#2116,#2117,#2496,.T.);
#1698=EDGE_CURVE('',#1913,#2117,#2497,.T.);
#1699=EDGE_CURVE('',#1919,#2118,#2498,.T.);
#1700=EDGE_CURVE('',#2119,#2118,#2499,.T.);
#1701=EDGE_CURVE('',#2119,#2120,#2500,.T.);
#1702=EDGE_CURVE('',#2120,#2121,#2501,.T.);
#1703=EDGE_CURVE('',#2121,#1979,#2502,.F.);
#1704=EDGE_CURVE('',#2117,#1983,#2503,.T.);
#1705=EDGE_CURVE('',#1982,#1914,#2504,.T.);
#1706=EDGE_CURVE('',#1926,#1929,#2505,.T.);
#1707=EDGE_CURVE('',#1991,#1927,#2506,.T.);
#1708=EDGE_CURVE('',#2122,#2123,#2507,.T.);
#1709=EDGE_CURVE('',#2122,#1924,#2508,.T.);
#1710=EDGE_CURVE('',#1925,#2123,#2509,.T.);
#1711=EDGE_CURVE('',#2120,#2122,#2510,.T.);
#1712=EDGE_CURVE('',#2123,#2121,#2511,.T.);
#1713=EDGE_CURVE('',#2124,#2125,#2512,.T.);
#1714=EDGE_CURVE('',#2124,#2119,#2513,.T.);
#1715=EDGE_CURVE('',#2118,#2125,#2514,.T.);
#1716=EDGE_CURVE('',#1922,#2124,#2515,.T.);
#1717=EDGE_CURVE('',#2125,#1923,#2516,.T.);
#1718=EDGE_CURVE('',#1986,#1920,#2517,.T.);
#1719=EDGE_CURVE('',#1921,#1987,#2518,.T.);
#1720=EDGE_CURVE('',#2126,#2127,#2519,.T.);
#1721=EDGE_CURVE('',#2127,#2128,#2520,.T.);
#1722=EDGE_CURVE('',#2129,#2128,#2521,.T.);
#1723=EDGE_CURVE('',#2129,#2126,#2522,.T.);
#1724=EDGE_CURVE('',#2128,#2130,#143,.T.);
#1725=EDGE_CURVE('',#2131,#2130,#2523,.T.);
#1726=EDGE_CURVE('',#2131,#2129,#144,.T.);
#1727=EDGE_CURVE('',#2130,#2132,#2524,.T.);
#1728=EDGE_CURVE('',#2133,#2132,#2525,.T.);
#1729=EDGE_CURVE('',#2133,#2131,#2526,.T.);
#1730=EDGE_CURVE('',#2132,#2127,#145,.T.);
#1731=EDGE_CURVE('',#2126,#2133,#146,.T.);
#1732=EDGE_CURVE('',#2134,#2135,#2527,.T.);
#1733=EDGE_CURVE('',#2135,#2136,#2528,.T.);
#1734=EDGE_CURVE('',#2137,#2136,#2529,.T.);
#1735=EDGE_CURVE('',#2137,#2134,#2530,.T.);
#1736=EDGE_CURVE('',#2136,#2138,#147,.T.);
#1737=EDGE_CURVE('',#2139,#2138,#2531,.T.);
#1738=EDGE_CURVE('',#2139,#2137,#148,.T.);
#1739=EDGE_CURVE('',#2138,#2140,#2532,.T.);
#1740=EDGE_CURVE('',#2141,#2140,#2533,.T.);
#1741=EDGE_CURVE('',#2141,#2139,#2534,.T.);
#1742=EDGE_CURVE('',#2140,#2135,#149,.T.);
#1743=EDGE_CURVE('',#2134,#2141,#150,.T.);
#1744=EDGE_CURVE('',#1893,#1895,#151,.F.);
#1745=EDGE_CURVE('',#2142,#2142,#152,.T.);
#1746=EDGE_CURVE('',#1869,#1871,#153,.F.);
#1747=EDGE_CURVE('',#2143,#2143,#154,.T.);
#1748=EDGE_CURVE('',#2125,#1918,#2535,.F.);
#1749=EDGE_CURVE('',#1923,#1917,#2536,.F.);
#1750=EDGE_CURVE('',#1921,#1916,#2537,.F.);
#1751=EDGE_CURVE('',#1987,#1915,#2538,.F.);
#1752=EDGE_CURVE('',#1980,#2123,#2539,.F.);
#1753=EDGE_CURVE('',#1981,#1925,#2540,.T.);
#1754=EDGE_CURVE('',#1975,#1927,#2541,.T.);
#1755=EDGE_CURVE('',#1976,#1991,#2542,.F.);
#1756=EDGE_CURVE('',#1908,#2128,#2543,.T.);
#1757=EDGE_CURVE('',#2130,#1911,#2544,.T.);
#1758=EDGE_CURVE('',#2132,#1910,#2545,.T.);
#1759=EDGE_CURVE('',#1909,#2127,#2546,.T.);
#1760=EDGE_CURVE('',#1970,#2135,#2547,.T.);
#1761=EDGE_CURVE('',#2136,#1973,#2548,.T.);
#1762=EDGE_CURVE('',#2138,#1972,#2549,.T.);
#1763=EDGE_CURVE('',#1971,#2140,#2550,.T.);
#1764=EDGE_CURVE('',#1935,#2131,#2551,.T.);
#1765=EDGE_CURVE('',#2129,#1938,#2552,.T.);
#1766=EDGE_CURVE('',#2126,#1937,#2553,.T.);
#1767=EDGE_CURVE('',#1936,#2133,#2554,.T.);
#1768=EDGE_CURVE('',#1939,#2137,#2555,.T.);
#1769=EDGE_CURVE('',#2134,#1942,#2556,.T.);
#1770=EDGE_CURVE('',#2141,#1941,#2557,.T.);
#1771=EDGE_CURVE('',#1940,#2139,#2558,.T.);
#1772=EDGE_CURVE('',#1964,#1926,#2559,.T.);
#1773=EDGE_CURVE('',#1965,#1924,#2560,.T.);
#1774=EDGE_CURVE('',#1966,#2122,#2561,.F.);
#1775=EDGE_CURVE('',#1967,#2120,#2562,.T.);
#1776=EDGE_CURVE('',#1968,#2119,#2563,.F.);
#1777=EDGE_CURVE('',#1969,#2124,#2564,.F.);
#1778=EDGE_CURVE('',#1944,#1922,#2565,.F.);
#1779=EDGE_CURVE('',#1945,#1920,#2566,.F.);
#1780=EDGE_CURVE('',#1850,#2099,#2567,.T.);
#1781=EDGE_CURVE('',#2096,#1856,#2568,.T.);
#1782=EDGE_CURVE('',#2097,#1858,#2569,.F.);
#1783=EDGE_CURVE('',#1847,#2098,#2570,.T.);
#1784=EDGE_CURVE('',#2037,#2011,#2571,.F.);
#1785=EDGE_CURVE('',#2013,#2036,#2572,.T.);
#1786=EDGE_CURVE('',#1998,#2035,#2573,.T.);
#1787=EDGE_CURVE('',#2038,#2091,#2574,.F.);
#1788=EDGE_CURVE('',#1999,#2034,#2575,.F.);
#1789=EDGE_CURVE('',#2039,#1983,#2576,.T.);
#1790=EDGE_CURVE('',#2046,#2033,#2577,.T.);
#1791=EDGE_CURVE('',#2040,#2117,#2578,.T.);
#1792=EDGE_CURVE('',#2041,#2032,#2579,.F.);
#1793=EDGE_CURVE('',#2029,#2116,#2580,.T.);
#1794=EDGE_CURVE('',#2090,#2031,#2581,.F.);
#1795=EDGE_CURVE('',#2030,#1989,#2582,.T.);
#1796=EDGE_CURVE('',#2005,#2066,#2583,.T.);
#1797=EDGE_CURVE('',#2077,#2020,#2584,.T.);
#1798=EDGE_CURVE('',#1995,#2069,#2585,.F.);
#1799=EDGE_CURVE('',#2083,#2068,#2586,.T.);
#1800=EDGE_CURVE('',#2001,#2068,#2587,.T.);
#1801=EDGE_CURVE('',#2003,#2067,#2588,.T.);
#1802=EDGE_CURVE('',#2078,#2067,#2589,.T.);
#1803=EDGE_CURVE('',#2057,#2076,#2590,.T.);
#1804=EDGE_CURVE('',#2087,#2076,#2591,.T.);
#1805=EDGE_CURVE('',#2086,#2075,#2592,.T.);
#1806=EDGE_CURVE('',#2024,#2075,#2593,.T.);
#1807=EDGE_CURVE('',#2026,#2074,#2594,.T.);
#1808=VERTEX_POINT('',#5390);
#1809=VERTEX_POINT('',#5391);
#1810=VERTEX_POINT('',#5393);
#1811=VERTEX_POINT('',#5395);
#1812=VERTEX_POINT('',#5397);
#1813=VERTEX_POINT('',#5401);
#1814=VERTEX_POINT('',#5403);
#1815=VERTEX_POINT('',#5405);
#1816=VERTEX_POINT('',#5409);
#1817=VERTEX_POINT('',#5410);
#1818=VERTEX_POINT('',#5412);
#1819=VERTEX_POINT('',#5414);
#1820=VERTEX_POINT('',#5416);
#1821=VERTEX_POINT('',#5420);
#1822=VERTEX_POINT('',#5422);
#1823=VERTEX_POINT('',#5424);
#1824=VERTEX_POINT('',#5428);
#1825=VERTEX_POINT('',#5430);
#1826=VERTEX_POINT('',#5434);
#1827=VERTEX_POINT('',#5436);
#1828=VERTEX_POINT('',#5443);
#1829=VERTEX_POINT('',#5445);
#1830=VERTEX_POINT('',#5449);
#1831=VERTEX_POINT('',#5451);
#1832=VERTEX_POINT('',#5455);
#1833=VERTEX_POINT('',#5457);
#1834=VERTEX_POINT('',#5461);
#1835=VERTEX_POINT('',#5463);
#1836=VERTEX_POINT('',#5470);
#1837=VERTEX_POINT('',#5471);
#1838=VERTEX_POINT('',#5476);
#1839=VERTEX_POINT('',#5478);
#1840=VERTEX_POINT('',#5480);
#1841=VERTEX_POINT('',#5482);
#1842=VERTEX_POINT('',#5490);
#1843=VERTEX_POINT('',#5492);
#1844=VERTEX_POINT('',#5498);
#1845=VERTEX_POINT('',#5500);
#1846=VERTEX_POINT('',#5504);
#1847=VERTEX_POINT('',#5510);
#1848=VERTEX_POINT('',#5512);
#1849=VERTEX_POINT('',#5516);
#1850=VERTEX_POINT('',#5518);
#1851=VERTEX_POINT('',#5522);
#1852=VERTEX_POINT('',#5524);
#1853=VERTEX_POINT('',#5528);
#1854=VERTEX_POINT('',#5530);
#1855=VERTEX_POINT('',#5534);
#1856=VERTEX_POINT('',#5538);
#1857=VERTEX_POINT('',#5539);
#1858=VERTEX_POINT('',#5544);
#1859=VERTEX_POINT('',#5548);
#1860=VERTEX_POINT('',#5554);
#1861=VERTEX_POINT('',#5555);
#1862=VERTEX_POINT('',#5557);
#1863=VERTEX_POINT('',#5559);
#1864=VERTEX_POINT('',#5563);
#1865=VERTEX_POINT('',#5565);
#1866=VERTEX_POINT('',#5569);
#1867=VERTEX_POINT('',#5570);
#1868=VERTEX_POINT('',#5572);
#1869=VERTEX_POINT('',#5574);
#1870=VERTEX_POINT('',#5578);
#1871=VERTEX_POINT('',#5580);
#1872=VERTEX_POINT('',#5584);
#1873=VERTEX_POINT('',#5585);
#1874=VERTEX_POINT('',#5587);
#1875=VERTEX_POINT('',#5589);
#1876=VERTEX_POINT('',#5593);
#1877=VERTEX_POINT('',#5595);
#1878=VERTEX_POINT('',#5599);
#1879=VERTEX_POINT('',#5600);
#1880=VERTEX_POINT('',#5602);
#1881=VERTEX_POINT('',#5604);
#1882=VERTEX_POINT('',#5608);
#1883=VERTEX_POINT('',#5610);
#1884=VERTEX_POINT('',#5632);
#1885=VERTEX_POINT('',#5633);
#1886=VERTEX_POINT('',#5635);
#1887=VERTEX_POINT('',#5637);
#1888=VERTEX_POINT('',#5641);
#1889=VERTEX_POINT('',#5643);
#1890=VERTEX_POINT('',#5647);
#1891=VERTEX_POINT('',#5648);
#1892=VERTEX_POINT('',#5650);
#1893=VERTEX_POINT('',#5652);
#1894=VERTEX_POINT('',#5656);
#1895=VERTEX_POINT('',#5658);
#1896=VERTEX_POINT('',#5662);
#1897=VERTEX_POINT('',#5663);
#1898=VERTEX_POINT('',#5665);
#1899=VERTEX_POINT('',#5667);
#1900=VERTEX_POINT('',#5671);
#1901=VERTEX_POINT('',#5673);
#1902=VERTEX_POINT('',#5677);
#1903=VERTEX_POINT('',#5678);
#1904=VERTEX_POINT('',#5680);
#1905=VERTEX_POINT('',#5682);
#1906=VERTEX_POINT('',#5686);
#1907=VERTEX_POINT('',#5688);
#1908=VERTEX_POINT('',#5710);
#1909=VERTEX_POINT('',#5711);
#1910=VERTEX_POINT('',#5713);
#1911=VERTEX_POINT('',#5715);
#1912=VERTEX_POINT('',#5718);
#1913=VERTEX_POINT('',#5720);
#1914=VERTEX_POINT('',#5721);
#1915=VERTEX_POINT('',#5723);
#1916=VERTEX_POINT('',#5725);
#1917=VERTEX_POINT('',#5727);
#1918=VERTEX_POINT('',#5729);
#1919=VERTEX_POINT('',#5731);
#1920=VERTEX_POINT('',#5735);
#1921=VERTEX_POINT('',#5736);
#1922=VERTEX_POINT('',#5738);
#1923=VERTEX_POINT('',#5740);
#1924=VERTEX_POINT('',#5744);
#1925=VERTEX_POINT('',#5745);
#1926=VERTEX_POINT('',#5747);
#1927=VERTEX_POINT('',#5749);
#1928=VERTEX_POINT('',#5753);
#1929=VERTEX_POINT('',#5754);
#1930=VERTEX_POINT('',#5756);
#1931=VERTEX_POINT('',#5758);
#1932=VERTEX_POINT('',#5760);
#1933=VERTEX_POINT('',#5764);
#1934=VERTEX_POINT('',#5766);
#1935=VERTEX_POINT('',#5768);
#1936=VERTEX_POINT('',#5769);
#1937=VERTEX_POINT('',#5771);
#1938=VERTEX_POINT('',#5773);
#1939=VERTEX_POINT('',#5776);
#1940=VERTEX_POINT('',#5777);
#1941=VERTEX_POINT('',#5779);
#1942=VERTEX_POINT('',#5781);
#1943=VERTEX_POINT('',#5784);
#1944=VERTEX_POINT('',#5786);
#1945=VERTEX_POINT('',#5787);
#1946=VERTEX_POINT('',#5789);
#1947=VERTEX_POINT('',#5791);
#1948=VERTEX_POINT('',#5793);
#1949=VERTEX_POINT('',#5795);
#1950=VERTEX_POINT('',#5797);
#1951=VERTEX_POINT('',#5799);
#1952=VERTEX_POINT('',#5801);
#1953=VERTEX_POINT('',#5803);
#1954=VERTEX_POINT('',#5805);
#1955=VERTEX_POINT('',#5807);
#1956=VERTEX_POINT('',#5809);
#1957=VERTEX_POINT('',#5811);
#1958=VERTEX_POINT('',#5813);
#1959=VERTEX_POINT('',#5815);
#1960=VERTEX_POINT('',#5817);
#1961=VERTEX_POINT('',#5819);
#1962=VERTEX_POINT('',#5821);
#1963=VERTEX_POINT('',#5823);
#1964=VERTEX_POINT('',#5826);
#1965=VERTEX_POINT('',#5828);
#1966=VERTEX_POINT('',#5830);
#1967=VERTEX_POINT('',#5832);
#1968=VERTEX_POINT('',#5834);
#1969=VERTEX_POINT('',#5836);
#1970=VERTEX_POINT('',#5840);
#1971=VERTEX_POINT('',#5841);
#1972=VERTEX_POINT('',#5843);
#1973=VERTEX_POINT('',#5845);
#1974=VERTEX_POINT('',#5848);
#1975=VERTEX_POINT('',#5850);
#1976=VERTEX_POINT('',#5851);
#1977=VERTEX_POINT('',#5853);
#1978=VERTEX_POINT('',#5855);
#1979=VERTEX_POINT('',#5857);
#1980=VERTEX_POINT('',#5859);
#1981=VERTEX_POINT('',#5861);
#1982=VERTEX_POINT('',#5865);
#1983=VERTEX_POINT('',#5866);
#1984=VERTEX_POINT('',#5868);
#1985=VERTEX_POINT('',#5870);
#1986=VERTEX_POINT('',#5872);
#1987=VERTEX_POINT('',#5874);
#1988=VERTEX_POINT('',#5878);
#1989=VERTEX_POINT('',#5880);
#1990=VERTEX_POINT('',#5882);
#1991=VERTEX_POINT('',#5884);
#1992=VERTEX_POINT('',#5889);
#1993=VERTEX_POINT('',#5893);
#1994=VERTEX_POINT('',#5894);
#1995=VERTEX_POINT('',#5896);
#1996=VERTEX_POINT('',#5898);
#1997=VERTEX_POINT('',#5902);
#1998=VERTEX_POINT('',#5903);
#1999=VERTEX_POINT('',#5905);
#2000=VERTEX_POINT('',#5907);
#2001=VERTEX_POINT('',#5911);
#2002=VERTEX_POINT('',#5912);
#2003=VERTEX_POINT('',#5914);
#2004=VERTEX_POINT('',#5916);
#2005=VERTEX_POINT('',#5920);
#2006=VERTEX_POINT('',#5921);
#2007=VERTEX_POINT('',#5923);
#2008=VERTEX_POINT('',#5925);
#2009=VERTEX_POINT('',#5929);
#2010=VERTEX_POINT('',#5930);
#2011=VERTEX_POINT('',#5935);
#2012=VERTEX_POINT('',#5936);
#2013=VERTEX_POINT('',#5938);
#2014=VERTEX_POINT('',#5940);
#2015=VERTEX_POINT('',#5947);
#2016=VERTEX_POINT('',#5948);
#2017=VERTEX_POINT('',#5951);
#2018=VERTEX_POINT('',#5956);
#2019=VERTEX_POINT('',#5958);
#2020=VERTEX_POINT('',#5962);
#2021=VERTEX_POINT('',#5964);
#2022=VERTEX_POINT('',#5968);
#2023=VERTEX_POINT('',#5970);
#2024=VERTEX_POINT('',#5974);
#2025=VERTEX_POINT('',#5975);
#2026=VERTEX_POINT('',#5977);
#2027=VERTEX_POINT('',#5979);
#2028=VERTEX_POINT('',#5993);
#2029=VERTEX_POINT('',#5997);
#2030=VERTEX_POINT('',#5998);
#2031=VERTEX_POINT('',#6000);
#2032=VERTEX_POINT('',#6002);
#2033=VERTEX_POINT('',#6004);
#2034=VERTEX_POINT('',#6006);
#2035=VERTEX_POINT('',#6008);
#2036=VERTEX_POINT('',#6010);
#2037=VERTEX_POINT('',#6012);
#2038=VERTEX_POINT('',#6014);
#2039=VERTEX_POINT('',#6016);
#2040=VERTEX_POINT('',#6018);
#2041=VERTEX_POINT('',#6022);
#2042=VERTEX_POINT('',#6023);
#2043=VERTEX_POINT('',#6025);
#2044=VERTEX_POINT('',#6031);
#2045=VERTEX_POINT('',#6035);
#2046=VERTEX_POINT('',#6036);
#2047=VERTEX_POINT('',#6044);
#2048=VERTEX_POINT('',#6045);
#2049=VERTEX_POINT('',#6048);
#2050=VERTEX_POINT('',#6052);
#2051=VERTEX_POINT('',#6054);
#2052=VERTEX_POINT('',#6058);
#2053=VERTEX_POINT('',#6059);
#2054=VERTEX_POINT('',#6061);
#2055=VERTEX_POINT('',#6066);
#2056=VERTEX_POINT('',#6067);
#2057=VERTEX_POINT('',#6069);
#2058=VERTEX_POINT('',#6071);
#2059=VERTEX_POINT('',#6075);
#2060=VERTEX_POINT('',#6080);
#2061=VERTEX_POINT('',#6082);
#2062=VERTEX_POINT('',#6084);
#2063=VERTEX_POINT('',#6088);
#2064=VERTEX_POINT('',#6090);
#2065=VERTEX_POINT('',#6093);
#2066=VERTEX_POINT('',#6095);
#2067=VERTEX_POINT('',#6098);
#2068=VERTEX_POINT('',#6100);
#2069=VERTEX_POINT('',#6102);
#2070=VERTEX_POINT('',#6104);
#2071=VERTEX_POINT('',#6106);
#2072=VERTEX_POINT('',#6108);
#2073=VERTEX_POINT('',#6110);
#2074=VERTEX_POINT('',#6112);
#2075=VERTEX_POINT('',#6114);
#2076=VERTEX_POINT('',#6116);
#2077=VERTEX_POINT('',#6119);
#2078=VERTEX_POINT('',#6123);
#2079=VERTEX_POINT('',#6124);
#2080=VERTEX_POINT('',#6129);
#2081=VERTEX_POINT('',#6136);
#2082=VERTEX_POINT('',#6140);
#2083=VERTEX_POINT('',#6145);
#2084=VERTEX_POINT('',#6151);
#2085=VERTEX_POINT('',#6156);
#2086=VERTEX_POINT('',#6157);
#2087=VERTEX_POINT('',#6162);
#2088=VERTEX_POINT('',#6163);
#2089=VERTEX_POINT('',#6168);
#2090=VERTEX_POINT('',#6176);
#2091=VERTEX_POINT('',#6182);
#2092=VERTEX_POINT('',#6187);
#2093=VERTEX_POINT('',#6189);
#2094=VERTEX_POINT('',#6194);
#2095=VERTEX_POINT('',#6199);
#2096=VERTEX_POINT('',#6207);
#2097=VERTEX_POINT('',#6208);
#2098=VERTEX_POINT('',#6210);
#2099=VERTEX_POINT('',#6212);
#2100=VERTEX_POINT('',#6215);
#2101=VERTEX_POINT('',#6216);
#2102=VERTEX_POINT('',#6218);
#2103=VERTEX_POINT('',#6220);
#2104=VERTEX_POINT('',#6222);
#2105=VERTEX_POINT('',#6224);
#2106=VERTEX_POINT('',#6226);
#2107=VERTEX_POINT('',#6228);
#2108=VERTEX_POINT('',#6232);
#2109=VERTEX_POINT('',#6234);
#2110=VERTEX_POINT('',#6242);
#2111=VERTEX_POINT('',#6246);
#2112=VERTEX_POINT('',#6251);
#2113=VERTEX_POINT('',#6253);
#2114=VERTEX_POINT('',#6259);
#2115=VERTEX_POINT('',#6264);
#2116=VERTEX_POINT('',#6274);
#2117=VERTEX_POINT('',#6279);
#2118=VERTEX_POINT('',#6282);
#2119=VERTEX_POINT('',#6284);
#2120=VERTEX_POINT('',#6286);
#2121=VERTEX_POINT('',#6288);
#2122=VERTEX_POINT('',#6298);
#2123=VERTEX_POINT('',#6299);
#2124=VERTEX_POINT('',#6307);
#2125=VERTEX_POINT('',#6308);
#2126=VERTEX_POINT('',#6319);
#2127=VERTEX_POINT('',#6320);
#2128=VERTEX_POINT('',#6322);
#2129=VERTEX_POINT('',#6324);
#2130=VERTEX_POINT('',#6328);
#2131=VERTEX_POINT('',#6330);
#2132=VERTEX_POINT('',#6334);
#2133=VERTEX_POINT('',#6336);
#2134=VERTEX_POINT('',#6343);
#2135=VERTEX_POINT('',#6344);
#2136=VERTEX_POINT('',#6346);
#2137=VERTEX_POINT('',#6348);
#2138=VERTEX_POINT('',#6352);
#2139=VERTEX_POINT('',#6354);
#2140=VERTEX_POINT('',#6358);
#2141=VERTEX_POINT('',#6360);
#2142=VERTEX_POINT('',#6370);
#2143=VERTEX_POINT('',#6376);
#2144=LINE('',#5389,#2595);
#2145=LINE('',#5392,#2596);
#2146=LINE('',#5394,#2597);
#2147=LINE('',#5396,#2598);
#2148=LINE('',#5398,#2599);
#2149=LINE('',#5400,#2600);
#2150=LINE('',#5402,#2601);
#2151=LINE('',#5404,#2602);
#2152=LINE('',#5406,#2603);
#2153=LINE('',#5408,#2604);
#2154=LINE('',#5411,#2605);
#2155=LINE('',#5413,#2606);
#2156=LINE('',#5415,#2607);
#2157=LINE('',#5417,#2608);
#2158=LINE('',#5419,#2609);
#2159=LINE('',#5421,#2610);
#2160=LINE('',#5423,#2611);
#2161=LINE('',#5425,#2612);
#2162=LINE('',#5427,#2613);
#2163=LINE('',#5429,#2614);
#2164=LINE('',#5431,#2615);
#2165=LINE('',#5433,#2616);
#2166=LINE('',#5435,#2617);
#2167=LINE('',#5437,#2618);
#2168=LINE('',#5439,#2619);
#2169=LINE('',#5440,#2620);
#2170=LINE('',#5442,#2621);
#2171=LINE('',#5444,#2622);
#2172=LINE('',#5446,#2623);
#2173=LINE('',#5448,#2624);
#2174=LINE('',#5450,#2625);
#2175=LINE('',#5452,#2626);
#2176=LINE('',#5454,#2627);
#2177=LINE('',#5456,#2628);
#2178=LINE('',#5458,#2629);
#2179=LINE('',#5460,#2630);
#2180=LINE('',#5462,#2631);
#2181=LINE('',#5464,#2632);
#2182=LINE('',#5466,#2633);
#2183=LINE('',#5467,#2634);
#2184=LINE('',#5469,#2635);
#2185=LINE('',#5472,#2636);
#2186=LINE('',#5473,#2637);
#2187=LINE('',#5475,#2638);
#2188=LINE('',#5479,#2639);
#2189=LINE('',#5483,#2640);
#2190=LINE('',#5491,#2641);
#2191=LINE('',#5501,#2642);
#2192=LINE('',#5503,#2643);
#2193=LINE('',#5509,#2644);
#2194=LINE('',#5511,#2645);
#2195=LINE('',#5517,#2646);
#2196=LINE('',#5519,#2647);
#2197=LINE('',#5521,#2648);
#2198=LINE('',#5525,#2649);
#2199=LINE('',#5527,#2650);
#2200=LINE('',#5531,#2651);
#2201=LINE('',#5533,#2652);
#2202=LINE('',#5537,#2653);
#2203=LINE('',#5540,#2654);
#2204=LINE('',#5541,#2655);
#2205=LINE('',#5543,#2656);
#2206=LINE('',#5545,#2657);
#2207=LINE('',#5547,#2658);
#2208=LINE('',#5549,#2659);
#2209=LINE('',#5553,#2660);
#2210=LINE('',#5556,#2661);
#2211=LINE('',#5558,#2662);
#2212=LINE('',#5560,#2663);
#2213=LINE('',#5562,#2664);
#2214=LINE('',#5564,#2665);
#2215=LINE('',#5566,#2666);
#2216=LINE('',#5568,#2667);
#2217=LINE('',#5571,#2668);
#2218=LINE('',#5573,#2669);
#2219=LINE('',#5575,#2670);
#2220=LINE('',#5577,#2671);
#2221=LINE('',#5579,#2672);
#2222=LINE('',#5581,#2673);
#2223=LINE('',#5583,#2674);
#2224=LINE('',#5586,#2675);
#2225=LINE('',#5588,#2676);
#2226=LINE('',#5590,#2677);
#2227=LINE('',#5592,#2678);
#2228=LINE('',#5594,#2679);
#2229=LINE('',#5596,#2680);
#2230=LINE('',#5598,#2681);
#2231=LINE('',#5601,#2682);
#2232=LINE('',#5603,#2683);
#2233=LINE('',#5605,#2684);
#2234=LINE('',#5607,#2685);
#2235=LINE('',#5609,#2686);
#2236=LINE('',#5611,#2687);
#2237=LINE('',#5631,#2688);
#2238=LINE('',#5634,#2689);
#2239=LINE('',#5636,#2690);
#2240=LINE('',#5638,#2691);
#2241=LINE('',#5640,#2692);
#2242=LINE('',#5642,#2693);
#2243=LINE('',#5644,#2694);
#2244=LINE('',#5646,#2695);
#2245=LINE('',#5649,#2696);
#2246=LINE('',#5651,#2697);
#2247=LINE('',#5653,#2698);
#2248=LINE('',#5655,#2699);
#2249=LINE('',#5657,#2700);
#2250=LINE('',#5659,#2701);
#2251=LINE('',#5661,#2702);
#2252=LINE('',#5664,#2703);
#2253=LINE('',#5666,#2704);
#2254=LINE('',#5668,#2705);
#2255=LINE('',#5670,#2706);
#2256=LINE('',#5672,#2707);
#2257=LINE('',#5674,#2708);
#2258=LINE('',#5676,#2709);
#2259=LINE('',#5679,#2710);
#2260=LINE('',#5681,#2711);
#2261=LINE('',#5683,#2712);
#2262=LINE('',#5685,#2713);
#2263=LINE('',#5687,#2714);
#2264=LINE('',#5689,#2715);
#2265=LINE('',#5709,#2716);
#2266=LINE('',#5714,#2717);
#2267=LINE('',#5719,#2718);
#2268=LINE('',#5722,#2719);
#2269=LINE('',#5724,#2720);
#2270=LINE('',#5726,#2721);
#2271=LINE('',#5728,#2722);
#2272=LINE('',#5730,#2723);
#2273=LINE('',#5732,#2724);
#2274=LINE('',#5734,#2725);
#2275=LINE('',#5737,#2726);
#2276=LINE('',#5739,#2727);
#2277=LINE('',#5741,#2728);
#2278=LINE('',#5743,#2729);
#2279=LINE('',#5746,#2730);
#2280=LINE('',#5748,#2731);
#2281=LINE('',#5750,#2732);
#2282=LINE('',#5752,#2733);
#2283=LINE('',#5755,#2734);
#2284=LINE('',#5757,#2735);
#2285=LINE('',#5759,#2736);
#2286=LINE('',#5767,#2737);
#2287=LINE('',#5772,#2738);
#2288=LINE('',#5778,#2739);
#2289=LINE('',#5782,#2740);
#2290=LINE('',#5785,#2741);
#2291=LINE('',#5788,#2742);
#2292=LINE('',#5790,#2743);
#2293=LINE('',#5792,#2744);
#2294=LINE('',#5796,#2745);
#2295=LINE('',#5798,#2746);
#2296=LINE('',#5800,#2747);
#2297=LINE('',#5802,#2748);
#2298=LINE('',#5804,#2749);
#2299=LINE('',#5806,#2750);
#2300=LINE('',#5808,#2751);
#2301=LINE('',#5810,#2752);
#2302=LINE('',#5812,#2753);
#2303=LINE('',#5814,#2754);
#2304=LINE('',#5816,#2755);
#2305=LINE('',#5818,#2756);
#2306=LINE('',#5820,#2757);
#2307=LINE('',#5824,#2758);
#2308=LINE('',#5825,#2759);
#2309=LINE('',#5827,#2760);
#2310=LINE('',#5829,#2761);
#2311=LINE('',#5831,#2762);
#2312=LINE('',#5833,#2763);
#2313=LINE('',#5835,#2764);
#2314=LINE('',#5837,#2765);
#2315=LINE('',#5842,#2766);
#2316=LINE('',#5846,#2767);
#2317=LINE('',#5849,#2768);
#2318=LINE('',#5852,#2769);
#2319=LINE('',#5854,#2770);
#2320=LINE('',#5856,#2771);
#2321=LINE('',#5858,#2772);
#2322=LINE('',#5860,#2773);
#2323=LINE('',#5862,#2774);
#2324=LINE('',#5864,#2775);
#2325=LINE('',#5867,#2776);
#2326=LINE('',#5869,#2777);
#2327=LINE('',#5871,#2778);
#2328=LINE('',#5873,#2779);
#2329=LINE('',#5875,#2780);
#2330=LINE('',#5877,#2781);
#2331=LINE('',#5879,#2782);
#2332=LINE('',#5881,#2783);
#2333=LINE('',#5883,#2784);
#2334=LINE('',#5885,#2785);
#2335=LINE('',#5887,#2786);
#2336=LINE('',#5890,#2787);
#2337=LINE('',#5892,#2788);
#2338=LINE('',#5895,#2789);
#2339=LINE('',#5897,#2790);
#2340=LINE('',#5899,#2791);
#2341=LINE('',#5901,#2792);
#2342=LINE('',#5904,#2793);
#2343=LINE('',#5906,#2794);
#2344=LINE('',#5908,#2795);
#2345=LINE('',#5910,#2796);
#2346=LINE('',#5913,#2797);
#2347=LINE('',#5915,#2798);
#2348=LINE('',#5917,#2799);
#2349=LINE('',#5919,#2800);
#2350=LINE('',#5924,#2801);
#2351=LINE('',#5928,#2802);
#2352=LINE('',#5931,#2803);
#2353=LINE('',#5932,#2804);
#2354=LINE('',#5934,#2805);
#2355=LINE('',#5937,#2806);
#2356=LINE('',#5939,#2807);
#2357=LINE('',#5941,#2808);
#2358=LINE('',#5943,#2809);
#2359=LINE('',#5944,#2810);
#2360=LINE('',#5946,#2811);
#2361=LINE('',#5949,#2812);
#2362=LINE('',#5950,#2813);
#2363=LINE('',#5957,#2814);
#2364=LINE('',#5959,#2815);
#2365=LINE('',#5963,#2816);
#2366=LINE('',#5967,#2817);
#2367=LINE('',#5969,#2818);
#2368=LINE('',#5971,#2819);
#2369=LINE('',#5973,#2820);
#2370=LINE('',#5976,#2821);
#2371=LINE('',#5978,#2822);
#2372=LINE('',#5980,#2823);
#2373=LINE('',#5982,#2824);
#2374=LINE('',#5983,#2825);
#2375=LINE('',#5985,#2826);
#2376=LINE('',#5987,#2827);
#2377=LINE('',#5988,#2828);
#2378=LINE('',#5990,#2829);
#2379=LINE('',#5994,#2830);
#2380=LINE('',#5996,#2831);
#2381=LINE('',#5999,#2832);
#2382=LINE('',#6001,#2833);
#2383=LINE('',#6003,#2834);
#2384=LINE('',#6005,#2835);
#2385=LINE('',#6007,#2836);
#2386=LINE('',#6009,#2837);
#2387=LINE('',#6011,#2838);
#2388=LINE('',#6013,#2839);
#2389=LINE('',#6015,#2840);
#2390=LINE('',#6017,#2841);
#2391=LINE('',#6019,#2842);
#2392=LINE('',#6021,#2843);
#2393=LINE('',#6024,#2844);
#2394=LINE('',#6026,#2845);
#2395=LINE('',#6032,#2846);
#2396=LINE('',#6034,#2847);
#2397=LINE('',#6037,#2848);
#2398=LINE('',#6038,#2849);
#2399=LINE('',#6040,#2850);
#2400=LINE('',#6041,#2851);
#2401=LINE('',#6043,#2852);
#2402=LINE('',#6046,#2853);
#2403=LINE('',#6047,#2854);
#2404=LINE('',#6049,#2855);
#2405=LINE('',#6051,#2856);
#2406=LINE('',#6053,#2857);
#2407=LINE('',#6055,#2858);
#2408=LINE('',#6057,#2859);
#2409=LINE('',#6060,#2860);
#2410=LINE('',#6062,#2861);
#2411=LINE('',#6063,#2862);
#2412=LINE('',#6065,#2863);
#2413=LINE('',#6068,#2864);
#2414=LINE('',#6070,#2865);
#2415=LINE('',#6072,#2866);
#2416=LINE('',#6074,#2867);
#2417=LINE('',#6076,#2868);
#2418=LINE('',#6077,#2869);
#2419=LINE('',#6079,#2870);
#2420=LINE('',#6081,#2871);
#2421=LINE('',#6083,#2872);
#2422=LINE('',#6085,#2873);
#2423=LINE('',#6096,#2874);
#2424=LINE('',#6097,#2875);
#2425=LINE('',#6099,#2876);
#2426=LINE('',#6101,#2877);
#2427=LINE('',#6103,#2878);
#2428=LINE('',#6105,#2879);
#2429=LINE('',#6107,#2880);
#2430=LINE('',#6109,#2881);
#2431=LINE('',#6111,#2882);
#2432=LINE('',#6113,#2883);
#2433=LINE('',#6115,#2884);
#2434=LINE('',#6117,#2885);
#2435=LINE('',#6118,#2886);
#2436=LINE('',#6122,#2887);
#2437=LINE('',#6125,#2888);
#2438=LINE('',#6126,#2889);
#2439=LINE('',#6130,#2890);
#2440=LINE('',#6137,#2891);
#2441=LINE('',#6141,#2892);
#2442=LINE('',#6142,#2893);
#2443=LINE('',#6144,#2894);
#2444=LINE('',#6146,#2895);
#2445=LINE('',#6152,#2896);
#2446=LINE('',#6153,#2897);
#2447=LINE('',#6155,#2898);
#2448=LINE('',#6161,#2899);
#2449=LINE('',#6164,#2900);
#2450=LINE('',#6165,#2901);
#2451=LINE('',#6169,#2902);
#2452=LINE('',#6186,#2903);
#2453=LINE('',#6188,#2904);
#2454=LINE('',#6190,#2905);
#2455=LINE('',#6192,#2906);
#2456=LINE('',#6193,#2907);
#2457=LINE('',#6198,#2908);
#2458=LINE('',#6200,#2909);
#2459=LINE('',#6206,#2910);
#2460=LINE('',#6209,#2911);
#2461=LINE('',#6211,#2912);
#2462=LINE('',#6213,#2913);
#2463=LINE('',#6214,#2914);
#2464=LINE('',#6217,#2915);
#2465=LINE('',#6219,#2916);
#2466=LINE('',#6221,#2917);
#2467=LINE('',#6223,#2918);
#2468=LINE('',#6225,#2919);
#2469=LINE('',#6227,#2920);
#2470=LINE('',#6229,#2921);
#2471=LINE('',#6231,#2922);
#2472=LINE('',#6233,#2923);
#2473=LINE('',#6235,#2924);
#2474=LINE('',#6236,#2925);
#2475=LINE('',#6238,#2926);
#2476=LINE('',#6239,#2927);
#2477=LINE('',#6241,#2928);
#2478=LINE('',#6243,#2929);
#2479=LINE('',#6245,#2930);
#2480=LINE('',#6247,#2931);
#2481=LINE('',#6249,#2932);
#2482=LINE('',#6250,#2933);
#2483=LINE('',#6252,#2934);
#2484=LINE('',#6254,#2935);
#2485=LINE('',#6256,#2936);
#2486=LINE('',#6258,#2937);
#2487=LINE('',#6260,#2938);
#2488=LINE('',#6262,#2939);
#2489=LINE('',#6263,#2940);
#2490=LINE('',#6265,#2941);
#2491=LINE('',#6267,#2942);
#2492=LINE('',#6269,#2943);
#2493=LINE('',#6273,#2944);
#2494=LINE('',#6275,#2945);
#2495=LINE('',#6276,#2946);
#2496=LINE('',#6278,#2947);
#2497=LINE('',#6280,#2948);
#2498=LINE('',#6281,#2949);
#2499=LINE('',#6283,#2950);
#2500=LINE('',#6285,#2951);
#2501=LINE('',#6287,#2952);
#2502=LINE('',#6289,#2953);
#2503=LINE('',#6291,#2954);
#2504=LINE('',#6292,#2955);
#2505=LINE('',#6294,#2956);
#2506=LINE('',#6295,#2957);
#2507=LINE('',#6297,#2958);
#2508=LINE('',#6300,#2959);
#2509=LINE('',#6301,#2960);
#2510=LINE('',#6303,#2961);
#2511=LINE('',#6304,#2962);
#2512=LINE('',#6306,#2963);
#2513=LINE('',#6309,#2964);
#2514=LINE('',#6310,#2965);
#2515=LINE('',#6312,#2966);
#2516=LINE('',#6313,#2967);
#2517=LINE('',#6315,#2968);
#2518=LINE('',#6316,#2969);
#2519=LINE('',#6318,#2970);
#2520=LINE('',#6321,#2971);
#2521=LINE('',#6323,#2972);
#2522=LINE('',#6325,#2973);
#2523=LINE('',#6329,#2974);
#2524=LINE('',#6333,#2975);
#2525=LINE('',#6335,#2976);
#2526=LINE('',#6337,#2977);
#2527=LINE('',#6342,#2978);
#2528=LINE('',#6345,#2979);
#2529=LINE('',#6347,#2980);
#2530=LINE('',#6349,#2981);
#2531=LINE('',#6353,#2982);
#2532=LINE('',#6357,#2983);
#2533=LINE('',#6359,#2984);
#2534=LINE('',#6361,#2985);
#2535=LINE('',#6378,#2986);
#2536=LINE('',#6380,#2987);
#2537=LINE('',#6382,#2988);
#2538=LINE('',#6384,#2989);
#2539=LINE('',#6387,#2990);
#2540=LINE('',#6389,#2991);
#2541=LINE('',#6391,#2992);
#2542=LINE('',#6393,#2993);
#2543=LINE('',#6398,#2994);
#2544=LINE('',#6399,#2995);
#2545=LINE('',#6401,#2996);
#2546=LINE('',#6403,#2997);
#2547=LINE('',#6406,#2998);
#2548=LINE('',#6407,#2999);
#2549=LINE('',#6409,#3000);
#2550=LINE('',#6411,#3001);
#2551=LINE('',#6414,#3002);
#2552=LINE('',#6415,#3003);
#2553=LINE('',#6417,#3004);
#2554=LINE('',#6419,#3005);
#2555=LINE('',#6422,#3006);
#2556=LINE('',#6423,#3007);
#2557=LINE('',#6425,#3008);
#2558=LINE('',#6427,#3009);
#2559=LINE('',#6430,#3010);
#2560=LINE('',#6432,#3011);
#2561=LINE('',#6434,#3012);
#2562=LINE('',#6436,#3013);
#2563=LINE('',#6438,#3014);
#2564=LINE('',#6440,#3015);
#2565=LINE('',#6442,#3016);
#2566=LINE('',#6444,#3017);
#2567=LINE('',#6448,#3018);
#2568=LINE('',#6449,#3019);
#2569=LINE('',#6451,#3020);
#2570=LINE('',#6453,#3021);
#2571=LINE('',#6456,#3022);
#2572=LINE('',#6457,#3023);
#2573=LINE('',#6459,#3024);
#2574=LINE('',#6461,#3025);
#2575=LINE('',#6463,#3026);
#2576=LINE('',#6465,#3027);
#2577=LINE('',#6467,#3028);
#2578=LINE('',#6469,#3029);
#2579=LINE('',#6471,#3030);
#2580=LINE('',#6473,#3031);
#2581=LINE('',#6475,#3032);
#2582=LINE('',#6477,#3033);
#2583=LINE('',#6480,#3034);
#2584=LINE('',#6483,#3035);
#2585=LINE('',#6486,#3036);
#2586=LINE('',#6488,#3037);
#2587=LINE('',#6490,#3038);
#2588=LINE('',#6492,#3039);
#2589=LINE('',#6494,#3040);
#2590=LINE('',#6497,#3041);
#2591=LINE('',#6499,#3042);
#2592=LINE('',#6501,#3043);
#2593=LINE('',#6503,#3044);
#2594=LINE('',#6505,#3045);
#2595=VECTOR('',#4290,1.);
#2596=VECTOR('',#4291,1.);
#2597=VECTOR('',#4292,1.);
#2598=VECTOR('',#4293,1.);
#2599=VECTOR('',#4294,1.);
#2600=VECTOR('',#4297,1.);
#2601=VECTOR('',#4298,1.);
#2602=VECTOR('',#4299,1.);
#2603=VECTOR('',#4300,1.);
#2604=VECTOR('',#4303,1.);
#2605=VECTOR('',#4304,1.);
#2606=VECTOR('',#4305,1.);
#2607=VECTOR('',#4306,1.);
#2608=VECTOR('',#4307,1.);
#2609=VECTOR('',#4310,1.);
#2610=VECTOR('',#4311,1.);
#2611=VECTOR('',#4312,1.);
#2612=VECTOR('',#4313,1.);
#2613=VECTOR('',#4316,1.);
#2614=VECTOR('',#4317,1.);
#2615=VECTOR('',#4318,1.);
#2616=VECTOR('',#4321,1.);
#2617=VECTOR('',#4322,1.);
#2618=VECTOR('',#4323,1.);
#2619=VECTOR('',#4326,1.);
#2620=VECTOR('',#4327,1.);
#2621=VECTOR('',#4330,1.);
#2622=VECTOR('',#4331,1.);
#2623=VECTOR('',#4332,1.);
#2624=VECTOR('',#4335,1.);
#2625=VECTOR('',#4336,1.);
#2626=VECTOR('',#4337,1.);
#2627=VECTOR('',#4340,1.);
#2628=VECTOR('',#4341,1.);
#2629=VECTOR('',#4342,1.);
#2630=VECTOR('',#4345,1.);
#2631=VECTOR('',#4346,1.);
#2632=VECTOR('',#4347,1.);
#2633=VECTOR('',#4350,1.);
#2634=VECTOR('',#4351,1.);
#2635=VECTOR('',#4354,1.);
#2636=VECTOR('',#4355,1.);
#2637=VECTOR('',#4356,1.);
#2638=VECTOR('',#4359,1.);
#2639=VECTOR('',#4362,1.);
#2640=VECTOR('',#4365,1.);
#2641=VECTOR('',#4378,1.);
#2642=VECTOR('',#4391,1.);
#2643=VECTOR('',#4394,1.);
#2644=VECTOR('',#4403,1.);
#2645=VECTOR('',#4404,1.);
#2646=VECTOR('',#4411,1.);
#2647=VECTOR('',#4412,1.);
#2648=VECTOR('',#4415,1.);
#2649=VECTOR('',#4418,1.);
#2650=VECTOR('',#4421,1.);
#2651=VECTOR('',#4424,1.);
#2652=VECTOR('',#4427,1.);
#2653=VECTOR('',#4432,1.);
#2654=VECTOR('',#4433,1.);
#2655=VECTOR('',#4434,1.);
#2656=VECTOR('',#4437,1.);
#2657=VECTOR('',#4438,1.);
#2658=VECTOR('',#4441,1.);
#2659=VECTOR('',#4442,1.);
#2660=VECTOR('',#4449,1.);
#2661=VECTOR('',#4450,1.);
#2662=VECTOR('',#4451,1.);
#2663=VECTOR('',#4452,1.);
#2664=VECTOR('',#4455,1.);
#2665=VECTOR('',#4456,1.);
#2666=VECTOR('',#4457,1.);
#2667=VECTOR('',#4460,1.);
#2668=VECTOR('',#4461,1.);
#2669=VECTOR('',#4462,1.);
#2670=VECTOR('',#4463,1.);
#2671=VECTOR('',#4466,1.);
#2672=VECTOR('',#4467,1.);
#2673=VECTOR('',#4468,1.);
#2674=VECTOR('',#4471,1.);
#2675=VECTOR('',#4472,1.);
#2676=VECTOR('',#4473,1.);
#2677=VECTOR('',#4474,1.);
#2678=VECTOR('',#4477,1.);
#2679=VECTOR('',#4478,1.);
#2680=VECTOR('',#4479,1.);
#2681=VECTOR('',#4482,1.);
#2682=VECTOR('',#4483,1.);
#2683=VECTOR('',#4484,1.);
#2684=VECTOR('',#4485,1.);
#2685=VECTOR('',#4488,1.);
#2686=VECTOR('',#4489,1.);
#2687=VECTOR('',#4490,1.);
#2688=VECTOR('',#4529,1.);
#2689=VECTOR('',#4530,1.);
#2690=VECTOR('',#4531,1.);
#2691=VECTOR('',#4532,1.);
#2692=VECTOR('',#4535,1.);
#2693=VECTOR('',#4536,1.);
#2694=VECTOR('',#4537,1.);
#2695=VECTOR('',#4540,1.);
#2696=VECTOR('',#4541,1.);
#2697=VECTOR('',#4542,1.);
#2698=VECTOR('',#4543,1.);
#2699=VECTOR('',#4546,1.);
#2700=VECTOR('',#4547,1.);
#2701=VECTOR('',#4548,1.);
#2702=VECTOR('',#4551,1.);
#2703=VECTOR('',#4552,1.);
#2704=VECTOR('',#4553,1.);
#2705=VECTOR('',#4554,1.);
#2706=VECTOR('',#4557,1.);
#2707=VECTOR('',#4558,1.);
#2708=VECTOR('',#4559,1.);
#2709=VECTOR('',#4562,1.);
#2710=VECTOR('',#4563,1.);
#2711=VECTOR('',#4564,1.);
#2712=VECTOR('',#4565,1.);
#2713=VECTOR('',#4568,1.);
#2714=VECTOR('',#4569,1.);
#2715=VECTOR('',#4570,1.);
#2716=VECTOR('',#4609,1.);
#2717=VECTOR('',#4612,1.);
#2718=VECTOR('',#4617,1.);
#2719=VECTOR('',#4618,1.);
#2720=VECTOR('',#4619,1.);
#2721=VECTOR('',#4620,1.);
#2722=VECTOR('',#4621,1.);
#2723=VECTOR('',#4622,1.);
#2724=VECTOR('',#4623,1.);
#2725=VECTOR('',#4626,1.);
#2726=VECTOR('',#4627,1.);
#2727=VECTOR('',#4628,1.);
#2728=VECTOR('',#4629,1.);
#2729=VECTOR('',#4632,1.);
#2730=VECTOR('',#4633,1.);
#2731=VECTOR('',#4634,1.);
#2732=VECTOR('',#4635,1.);
#2733=VECTOR('',#4638,1.);
#2734=VECTOR('',#4639,1.);
#2735=VECTOR('',#4640,1.);
#2736=VECTOR('',#4641,1.);
#2737=VECTOR('',#4650,1.);
#2738=VECTOR('',#4653,1.);
#2739=VECTOR('',#4658,1.);
#2740=VECTOR('',#4661,1.);
#2741=VECTOR('',#4664,1.);
#2742=VECTOR('',#4665,1.);
#2743=VECTOR('',#4666,1.);
#2744=VECTOR('',#4667,1.);
#2745=VECTOR('',#4670,1.);
#2746=VECTOR('',#4671,1.);
#2747=VECTOR('',#4672,1.);
#2748=VECTOR('',#4673,1.);
#2749=VECTOR('',#4674,1.);
#2750=VECTOR('',#4675,1.);
#2751=VECTOR('',#4676,1.);
#2752=VECTOR('',#4677,1.);
#2753=VECTOR('',#4678,1.);
#2754=VECTOR('',#4679,1.);
#2755=VECTOR('',#4680,1.);
#2756=VECTOR('',#4681,1.);
#2757=VECTOR('',#4682,1.);
#2758=VECTOR('',#4685,1.);
#2759=VECTOR('',#4686,1.);
#2760=VECTOR('',#4687,1.);
#2761=VECTOR('',#4688,1.);
#2762=VECTOR('',#4689,1.);
#2763=VECTOR('',#4690,1.);
#2764=VECTOR('',#4691,1.);
#2765=VECTOR('',#4692,1.);
#2766=VECTOR('',#4697,1.);
#2767=VECTOR('',#4700,1.);
#2768=VECTOR('',#4703,1.);
#2769=VECTOR('',#4704,1.);
#2770=VECTOR('',#4705,1.);
#2771=VECTOR('',#4706,1.);
#2772=VECTOR('',#4707,1.);
#2773=VECTOR('',#4708,1.);
#2774=VECTOR('',#4709,1.);
#2775=VECTOR('',#4712,1.);
#2776=VECTOR('',#4713,1.);
#2777=VECTOR('',#4714,1.);
#2778=VECTOR('',#4715,1.);
#2779=VECTOR('',#4716,1.);
#2780=VECTOR('',#4717,1.);
#2781=VECTOR('',#4720,1.);
#2782=VECTOR('',#4721,1.);
#2783=VECTOR('',#4722,1.);
#2784=VECTOR('',#4723,1.);
#2785=VECTOR('',#4724,1.);
#2786=VECTOR('',#4727,1.);
#2787=VECTOR('',#4730,1.);
#2788=VECTOR('',#4733,1.);
#2789=VECTOR('',#4734,1.);
#2790=VECTOR('',#4735,1.);
#2791=VECTOR('',#4736,1.);
#2792=VECTOR('',#4739,1.);
#2793=VECTOR('',#4740,1.);
#2794=VECTOR('',#4741,1.);
#2795=VECTOR('',#4742,1.);
#2796=VECTOR('',#4745,1.);
#2797=VECTOR('',#4746,1.);
#2798=VECTOR('',#4747,1.);
#2799=VECTOR('',#4748,1.);
#2800=VECTOR('',#4751,1.);
#2801=VECTOR('',#4754,1.);
#2802=VECTOR('',#4759,1.);
#2803=VECTOR('',#4760,1.);
#2804=VECTOR('',#4761,1.);
#2805=VECTOR('',#4764,1.);
#2806=VECTOR('',#4765,1.);
#2807=VECTOR('',#4766,1.);
#2808=VECTOR('',#4767,1.);
#2809=VECTOR('',#4770,1.);
#2810=VECTOR('',#4771,1.);
#2811=VECTOR('',#4774,1.);
#2812=VECTOR('',#4775,1.);
#2813=VECTOR('',#4776,1.);
#2814=VECTOR('',#4777,1.);
#2815=VECTOR('',#4778,1.);
#2816=VECTOR('',#4783,1.);
#2817=VECTOR('',#4788,1.);
#2818=VECTOR('',#4789,1.);
#2819=VECTOR('',#4790,1.);
#2820=VECTOR('',#4793,1.);
#2821=VECTOR('',#4794,1.);
#2822=VECTOR('',#4795,1.);
#2823=VECTOR('',#4796,1.);
#2824=VECTOR('',#4799,1.);
#2825=VECTOR('',#4800,1.);
#2826=VECTOR('',#4803,1.);
#2827=VECTOR('',#4806,1.);
#2828=VECTOR('',#4807,1.);
#2829=VECTOR('',#4810,1.);
#2830=VECTOR('',#4815,1.);
#2831=VECTOR('',#4818,1.);
#2832=VECTOR('',#4819,1.);
#2833=VECTOR('',#4820,1.);
#2834=VECTOR('',#4821,1.);
#2835=VECTOR('',#4822,1.);
#2836=VECTOR('',#4823,1.);
#2837=VECTOR('',#4824,1.);
#2838=VECTOR('',#4825,1.);
#2839=VECTOR('',#4826,1.);
#2840=VECTOR('',#4827,1.);
#2841=VECTOR('',#4828,1.);
#2842=VECTOR('',#4829,1.);
#2843=VECTOR('',#4832,1.);
#2844=VECTOR('',#4833,1.);
#2845=VECTOR('',#4834,1.);
#2846=VECTOR('',#4835,1.);
#2847=VECTOR('',#4838,1.);
#2848=VECTOR('',#4839,1.);
#2849=VECTOR('',#4840,1.);
#2850=VECTOR('',#4843,1.);
#2851=VECTOR('',#4844,1.);
#2852=VECTOR('',#4847,1.);
#2853=VECTOR('',#4848,1.);
#2854=VECTOR('',#4849,1.);
#2855=VECTOR('',#4850,1.);
#2856=VECTOR('',#4853,1.);
#2857=VECTOR('',#4854,1.);
#2858=VECTOR('',#4855,1.);
#2859=VECTOR('',#4858,1.);
#2860=VECTOR('',#4859,1.);
#2861=VECTOR('',#4860,1.);
#2862=VECTOR('',#4861,1.);
#2863=VECTOR('',#4864,1.);
#2864=VECTOR('',#4865,1.);
#2865=VECTOR('',#4866,1.);
#2866=VECTOR('',#4867,1.);
#2867=VECTOR('',#4870,1.);
#2868=VECTOR('',#4871,1.);
#2869=VECTOR('',#4872,1.);
#2870=VECTOR('',#4875,1.);
#2871=VECTOR('',#4876,1.);
#2872=VECTOR('',#4877,1.);
#2873=VECTOR('',#4878,1.);
#2874=VECTOR('',#4891,1.);
#2875=VECTOR('',#4892,1.);
#2876=VECTOR('',#4893,1.);
#2877=VECTOR('',#4894,1.);
#2878=VECTOR('',#4895,1.);
#2879=VECTOR('',#4896,1.);
#2880=VECTOR('',#4897,1.);
#2881=VECTOR('',#4898,1.);
#2882=VECTOR('',#4899,1.);
#2883=VECTOR('',#4900,1.);
#2884=VECTOR('',#4901,1.);
#2885=VECTOR('',#4902,1.);
#2886=VECTOR('',#4903,1.);
#2887=VECTOR('',#4908,1.);
#2888=VECTOR('',#4909,1.);
#2889=VECTOR('',#4910,1.);
#2890=VECTOR('',#4915,1.);
#2891=VECTOR('',#4926,1.);
#2892=VECTOR('',#4931,1.);
#2893=VECTOR('',#4932,1.);
#2894=VECTOR('',#4935,1.);
#2895=VECTOR('',#4936,1.);
#2896=VECTOR('',#4945,1.);
#2897=VECTOR('',#4946,1.);
#2898=VECTOR('',#4949,1.);
#2899=VECTOR('',#4956,1.);
#2900=VECTOR('',#4957,1.);
#2901=VECTOR('',#4958,1.);
#2902=VECTOR('',#4963,1.);
#2903=VECTOR('',#4992,1.);
#2904=VECTOR('',#4993,1.);
#2905=VECTOR('',#4994,1.);
#2906=VECTOR('',#4997,1.);
#2907=VECTOR('',#4998,1.);
#2908=VECTOR('',#5005,1.);
#2909=VECTOR('',#5006,1.);
#2910=VECTOR('',#5017,1.);
#2911=VECTOR('',#5018,1.);
#2912=VECTOR('',#5019,1.);
#2913=VECTOR('',#5020,1.);
#2914=VECTOR('',#5021,1.);
#2915=VECTOR('',#5022,1.);
#2916=VECTOR('',#5023,1.);
#2917=VECTOR('',#5024,1.);
#2918=VECTOR('',#5025,1.);
#2919=VECTOR('',#5026,1.);
#2920=VECTOR('',#5027,1.);
#2921=VECTOR('',#5028,1.);
#2922=VECTOR('',#5031,1.);
#2923=VECTOR('',#5032,1.);
#2924=VECTOR('',#5033,1.);
#2925=VECTOR('',#5034,1.);
#2926=VECTOR('',#5037,1.);
#2927=VECTOR('',#5038,1.);
#2928=VECTOR('',#5041,1.);
#2929=VECTOR('',#5042,1.);
#2930=VECTOR('',#5045,1.);
#2931=VECTOR('',#5046,1.);
#2932=VECTOR('',#5049,1.);
#2933=VECTOR('',#5050,1.);
#2934=VECTOR('',#5051,1.);
#2935=VECTOR('',#5052,1.);
#2936=VECTOR('',#5055,1.);
#2937=VECTOR('',#5058,1.);
#2938=VECTOR('',#5059,1.);
#2939=VECTOR('',#5062,1.);
#2940=VECTOR('',#5063,1.);
#2941=VECTOR('',#5064,1.);
#2942=VECTOR('',#5067,1.);
#2943=VECTOR('',#5070,1.);
#2944=VECTOR('',#5077,1.);
#2945=VECTOR('',#5078,1.);
#2946=VECTOR('',#5079,1.);
#2947=VECTOR('',#5082,1.);
#2948=VECTOR('',#5083,1.);
#2949=VECTOR('',#5084,1.);
#2950=VECTOR('',#5085,1.);
#2951=VECTOR('',#5086,1.);
#2952=VECTOR('',#5087,1.);
#2953=VECTOR('',#5088,1.);
#2954=VECTOR('',#5091,1.);
#2955=VECTOR('',#5092,1.);
#2956=VECTOR('',#5095,1.);
#2957=VECTOR('',#5096,1.);
#2958=VECTOR('',#5099,1.);
#2959=VECTOR('',#5100,1.);
#2960=VECTOR('',#5101,1.);
#2961=VECTOR('',#5104,1.);
#2962=VECTOR('',#5105,1.);
#2963=VECTOR('',#5108,1.);
#2964=VECTOR('',#5109,1.);
#2965=VECTOR('',#5110,1.);
#2966=VECTOR('',#5113,1.);
#2967=VECTOR('',#5114,1.);
#2968=VECTOR('',#5117,1.);
#2969=VECTOR('',#5118,1.);
#2970=VECTOR('',#5121,1.);
#2971=VECTOR('',#5122,1.);
#2972=VECTOR('',#5123,1.);
#2973=VECTOR('',#5124,1.);
#2974=VECTOR('',#5129,1.);
#2975=VECTOR('',#5134,1.);
#2976=VECTOR('',#5135,1.);
#2977=VECTOR('',#5136,1.);
#2978=VECTOR('',#5145,1.);
#2979=VECTOR('',#5146,1.);
#2980=VECTOR('',#5147,1.);
#2981=VECTOR('',#5148,1.);
#2982=VECTOR('',#5153,1.);
#2983=VECTOR('',#5158,1.);
#2984=VECTOR('',#5159,1.);
#2985=VECTOR('',#5160,1.);
#2986=VECTOR('',#5189,1.);
#2987=VECTOR('',#5192,1.);
#2988=VECTOR('',#5195,1.);
#2989=VECTOR('',#5198,1.);
#2990=VECTOR('',#5203,1.);
#2991=VECTOR('',#5206,1.);
#2992=VECTOR('',#5209,1.);
#2993=VECTOR('',#5212,1.);
#2994=VECTOR('',#5221,1.);
#2995=VECTOR('',#5222,1.);
#2996=VECTOR('',#5225,1.);
#2997=VECTOR('',#5228,1.);
#2998=VECTOR('',#5233,1.);
#2999=VECTOR('',#5234,1.);
#3000=VECTOR('',#5237,1.);
#3001=VECTOR('',#5240,1.);
#3002=VECTOR('',#5245,1.);
#3003=VECTOR('',#5246,1.);
#3004=VECTOR('',#5249,1.);
#3005=VECTOR('',#5252,1.);
#3006=VECTOR('',#5257,1.);
#3007=VECTOR('',#5258,1.);
#3008=VECTOR('',#5261,1.);
#3009=VECTOR('',#5264,1.);
#3010=VECTOR('',#5269,1.);
#3011=VECTOR('',#5272,1.);
#3012=VECTOR('',#5275,1.);
#3013=VECTOR('',#5278,1.);
#3014=VECTOR('',#5281,1.);
#3015=VECTOR('',#5284,1.);
#3016=VECTOR('',#5287,1.);
#3017=VECTOR('',#5290,1.);
#3018=VECTOR('',#5297,1.);
#3019=VECTOR('',#5298,1.);
#3020=VECTOR('',#5301,1.);
#3021=VECTOR('',#5304,1.);
#3022=VECTOR('',#5309,1.);
#3023=VECTOR('',#5310,1.);
#3024=VECTOR('',#5313,1.);
#3025=VECTOR('',#5316,1.);
#3026=VECTOR('',#5319,1.);
#3027=VECTOR('',#5322,1.);
#3028=VECTOR('',#5325,1.);
#3029=VECTOR('',#5328,1.);
#3030=VECTOR('',#5331,1.);
#3031=VECTOR('',#5334,1.);
#3032=VECTOR('',#5337,1.);
#3033=VECTOR('',#5340,1.);
#3034=VECTOR('',#5345,1.);
#3035=VECTOR('',#5350,1.);
#3036=VECTOR('',#5355,1.);
#3037=VECTOR('',#5358,1.);
#3038=VECTOR('',#5361,1.);
#3039=VECTOR('',#5364,1.);
#3040=VECTOR('',#5367,1.);
#3041=VECTOR('',#5372,1.);
#3042=VECTOR('',#5375,1.);
#3043=VECTOR('',#5378,1.);
#3044=VECTOR('',#5381,1.);
#3045=VECTOR('',#5384,1.);
#3046=EDGE_LOOP('',(#155,#156,#157,#158,#159));
#3047=EDGE_LOOP('',(#160,#161,#162,#163,#164));
#3048=EDGE_LOOP('',(#165,#166,#167,#168,#169));
#3049=EDGE_LOOP('',(#170,#171,#172,#173,#174));
#3050=EDGE_LOOP('',(#175,#176,#177,#178));
#3051=EDGE_LOOP('',(#179,#180,#181,#182));
#3052=EDGE_LOOP('',(#183,#184,#185,#186));
#3053=EDGE_LOOP('',(#187,#188,#189,#190));
#3054=EDGE_LOOP('',(#191,#192,#193,#194));
#3055=EDGE_LOOP('',(#195,#196,#197,#198));
#3056=EDGE_LOOP('',(#199,#200,#201,#202));
#3057=EDGE_LOOP('',(#203,#204,#205,#206));
#3058=EDGE_LOOP('',(#207,#208,#209,#210,#211));
#3059=EDGE_LOOP('',(#212,#213,#214,#215,#216,#217,#218));
#3060=EDGE_LOOP('',(#219,#220,#221));
#3061=EDGE_LOOP('',(#222,#223,#224));
#3062=EDGE_LOOP('',(#225,#226,#227,#228,#229,#230,#231));
#3063=EDGE_LOOP('',(#232,#233,#234));
#3064=EDGE_LOOP('',(#235,#236,#237,#238,#239,#240,#241));
#3065=EDGE_LOOP('',(#242,#243,#244,#245));
#3066=EDGE_LOOP('',(#246,#247,#248));
#3067=EDGE_LOOP('',(#249,#250,#251,#252,#253));
#3068=EDGE_LOOP('',(#254,#255,#256,#257,#258));
#3069=EDGE_LOOP('',(#259,#260,#261,#262));
#3070=EDGE_LOOP('',(#263,#264,#265,#266));
#3071=EDGE_LOOP('',(#267,#268,#269,#270,#271,#272));
#3072=EDGE_LOOP('',(#273,#274,#275,#276));
#3073=EDGE_LOOP('',(#277,#278,#279,#280));
#3074=EDGE_LOOP('',(#281,#282,#283,#284,#285,#286));
#3075=EDGE_LOOP('',(#287,#288,#289,#290,#291,#292));
#3076=EDGE_LOOP('',(#293,#294,#295,#296));
#3077=EDGE_LOOP('',(#297,#298,#299,#300));
#3078=EDGE_LOOP('',(#301,#302,#303,#304));
#3079=EDGE_LOOP('',(#305,#306,#307,#308));
#3080=EDGE_LOOP('',(#309,#310,#311,#312));
#3081=EDGE_LOOP('',(#313,#314,#315,#316));
#3082=EDGE_LOOP('',(#317,#318,#319,#320));
#3083=EDGE_LOOP('',(#321,#322,#323,#324));
#3084=EDGE_LOOP('',(#325,#326,#327,#328));
#3085=EDGE_LOOP('',(#329,#330,#331,#332));
#3086=EDGE_LOOP('',(#333,#334,#335));
#3087=EDGE_LOOP('',(#336,#337,#338,#339));
#3088=EDGE_LOOP('',(#340,#341,#342));
#3089=EDGE_LOOP('',(#343,#344,#345,#346));
#3090=EDGE_LOOP('',(#347,#348,#349));
#3091=EDGE_LOOP('',(#350,#351,#352,#353));
#3092=EDGE_LOOP('',(#354,#355,#356,#357));
#3093=EDGE_LOOP('',(#358,#359,#360,#361));
#3094=EDGE_LOOP('',(#362,#363,#364,#365));
#3095=EDGE_LOOP('',(#366,#367,#368,#369));
#3096=EDGE_LOOP('',(#370,#371,#372,#373));
#3097=EDGE_LOOP('',(#374,#375,#376,#377));
#3098=EDGE_LOOP('',(#378,#379,#380,#381));
#3099=EDGE_LOOP('',(#382,#383,#384,#385));
#3100=EDGE_LOOP('',(#386,#387,#388,#389));
#3101=EDGE_LOOP('',(#390,#391,#392));
#3102=EDGE_LOOP('',(#393,#394,#395,#396));
#3103=EDGE_LOOP('',(#397,#398,#399));
#3104=EDGE_LOOP('',(#400,#401,#402,#403));
#3105=EDGE_LOOP('',(#404,#405,#406));
#3106=EDGE_LOOP('',(#407,#408,#409,#410));
#3107=EDGE_LOOP('',(#411));
#3108=EDGE_LOOP('',(#412,#413,#414,#415,#416,#417,#418));
#3109=EDGE_LOOP('',(#419,#420,#421,#422));
#3110=EDGE_LOOP('',(#423,#424,#425,#426));
#3111=EDGE_LOOP('',(#427,#428,#429,#430,#431));
#3112=EDGE_LOOP('',(#432));
#3113=EDGE_LOOP('',(#433));
#3114=EDGE_LOOP('',(#434,#435,#436,#437));
#3115=EDGE_LOOP('',(#438,#439,#440,#441));
#3116=EDGE_LOOP('',(#442));
#3117=EDGE_LOOP('',(#443,#444,#445,#446,#447,#448,#449,#450,#451,#452,#453,
#454,#455,#456,#457,#458,#459,#460,#461,#462,#463,#464,#465,#466,#467,#468,
#469,#470));
#3118=EDGE_LOOP('',(#471,#472,#473,#474));
#3119=EDGE_LOOP('',(#475));
#3120=EDGE_LOOP('',(#476,#477,#478,#479,#480,#481,#482));
#3121=EDGE_LOOP('',(#483,#484,#485,#486,#487,#488));
#3122=EDGE_LOOP('',(#489,#490,#491,#492,#493,#494));
#3123=EDGE_LOOP('',(#495,#496,#497,#498,#499));
#3124=EDGE_LOOP('',(#500,#501,#502,#503));
#3125=EDGE_LOOP('',(#504,#505,#506,#507));
#3126=EDGE_LOOP('',(#508,#509,#510,#511));
#3127=EDGE_LOOP('',(#512,#513,#514,#515));
#3128=EDGE_LOOP('',(#516,#517,#518,#519));
#3129=EDGE_LOOP('',(#520,#521,#522,#523));
#3130=EDGE_LOOP('',(#524,#525,#526,#527));
#3131=EDGE_LOOP('',(#528,#529,#530,#531,#532,#533,#534));
#3132=EDGE_LOOP('',(#535,#536,#537,#538));
#3133=EDGE_LOOP('',(#539,#540,#541,#542));
#3134=EDGE_LOOP('',(#543,#544,#545,#546));
#3135=EDGE_LOOP('',(#547,#548,#549,#550));
#3136=EDGE_LOOP('',(#551,#552,#553,#554));
#3137=EDGE_LOOP('',(#555,#556,#557,#558));
#3138=EDGE_LOOP('',(#559,#560,#561,#562));
#3139=EDGE_LOOP('',(#563,#564,#565,#566,#567));
#3140=EDGE_LOOP('',(#568,#569,#570,#571,#572,#573,#574,#575,#576,#577,#578,
#579));
#3141=EDGE_LOOP('',(#580,#581,#582,#583,#584,#585,#586));
#3142=EDGE_LOOP('',(#587,#588,#589,#590));
#3143=EDGE_LOOP('',(#591,#592,#593,#594));
#3144=EDGE_LOOP('',(#595,#596,#597,#598,#599));
#3145=EDGE_LOOP('',(#600,#601,#602,#603));
#3146=EDGE_LOOP('',(#604,#605,#606,#607,#608));
#3147=EDGE_LOOP('',(#609,#610,#611,#612));
#3148=EDGE_LOOP('',(#613,#614,#615,#616,#617));
#3149=EDGE_LOOP('',(#618,#619,#620,#621,#622));
#3150=EDGE_LOOP('',(#623));
#3151=EDGE_LOOP('',(#624));
#3152=EDGE_LOOP('',(#625));
#3153=EDGE_LOOP('',(#626,#627,#628,#629,#630,#631,#632,#633,#634,#635,#636,
#637,#638,#639,#640,#641,#642,#643,#644,#645,#646,#647,#648,#649,#650,#651));
#3154=EDGE_LOOP('',(#652,#653,#654,#655));
#3155=EDGE_LOOP('',(#656,#657,#658,#659,#660,#661,#662));
#3156=EDGE_LOOP('',(#663,#664,#665,#666,#667));
#3157=EDGE_LOOP('',(#668,#669,#670,#671,#672,#673));
#3158=EDGE_LOOP('',(#674,#675,#676,#677,#678));
#3159=EDGE_LOOP('',(#679,#680,#681,#682));
#3160=EDGE_LOOP('',(#683,#684,#685,#686,#687));
#3161=EDGE_LOOP('',(#688,#689,#690,#691,#692));
#3162=EDGE_LOOP('',(#693,#694,#695,#696,#697));
#3163=EDGE_LOOP('',(#698,#699,#700,#701));
#3164=EDGE_LOOP('',(#702,#703,#704,#705,#706,#707));
#3165=EDGE_LOOP('',(#708,#709,#710,#711,#712,#713,#714));
#3166=EDGE_LOOP('',(#715,#716,#717,#718,#719));
#3167=EDGE_LOOP('',(#720,#721,#722,#723,#724,#725));
#3168=EDGE_LOOP('',(#726,#727,#728,#729,#730));
#3169=EDGE_LOOP('',(#731,#732,#733,#734,#735,#736));
#3170=EDGE_LOOP('',(#737,#738,#739,#740));
#3171=EDGE_LOOP('',(#741));
#3172=EDGE_LOOP('',(#742,#743,#744,#745));
#3173=EDGE_LOOP('',(#746,#747,#748,#749,#750,#751,#752,#753,#754,#755,#756,
#757));
#3174=EDGE_LOOP('',(#758));
#3175=EDGE_LOOP('',(#759,#760,#761,#762,#763,#764));
#3176=EDGE_LOOP('',(#765,#766,#767,#768,#769));
#3177=EDGE_LOOP('',(#770,#771,#772,#773));
#3178=EDGE_LOOP('',(#774,#775,#776,#777,#778));
#3179=EDGE_LOOP('',(#779,#780,#781,#782));
#3180=EDGE_LOOP('',(#783,#784,#785,#786,#787,#788,#789,#790));
#3181=EDGE_LOOP('',(#791,#792,#793,#794,#795,#796));
#3182=EDGE_LOOP('',(#797,#798,#799,#800));
#3183=EDGE_LOOP('',(#801,#802,#803));
#3184=EDGE_LOOP('',(#804,#805,#806));
#3185=EDGE_LOOP('',(#807,#808,#809,#810,#811,#812,#813,#814,#815));
#3186=EDGE_LOOP('',(#816,#817,#818,#819,#820));
#3187=EDGE_LOOP('',(#821,#822,#823,#824,#825));
#3188=EDGE_LOOP('',(#826,#827,#828,#829,#830,#831,#832,#833,#834));
#3189=EDGE_LOOP('',(#835,#836,#837,#838,#839));
#3190=EDGE_LOOP('',(#840,#841,#842,#843,#844));
#3191=EDGE_LOOP('',(#845,#846,#847,#848,#849));
#3192=EDGE_LOOP('',(#850,#851,#852,#853,#854));
#3193=EDGE_LOOP('',(#855,#856,#857,#858,#859));
#3194=EDGE_LOOP('',(#860,#861,#862,#863,#864,#865,#866,#867,#868,#869));
#3195=EDGE_LOOP('',(#870,#871,#872,#873,#874));
#3196=EDGE_LOOP('',(#875,#876,#877,#878));
#3197=EDGE_LOOP('',(#879,#880,#881,#882));
#3198=EDGE_LOOP('',(#883,#884,#885,#886));
#3199=EDGE_LOOP('',(#887,#888,#889,#890));
#3200=EDGE_LOOP('',(#891,#892,#893,#894));
#3201=EDGE_LOOP('',(#895,#896,#897,#898));
#3202=EDGE_LOOP('',(#899,#900,#901,#902));
#3203=EDGE_LOOP('',(#903,#904,#905,#906));
#3204=EDGE_LOOP('',(#907,#908,#909,#910));
#3205=EDGE_LOOP('',(#911,#912,#913,#914));
#3206=EDGE_LOOP('',(#915,#916,#917,#918));
#3207=EDGE_LOOP('',(#919,#920,#921,#922));
#3208=EDGE_LOOP('',(#923,#924,#925,#926));
#3209=EDGE_LOOP('',(#927,#928,#929,#930));
#3210=EDGE_LOOP('',(#931));
#3211=EDGE_LOOP('',(#932,#933,#934,#935));
#3212=EDGE_LOOP('',(#936,#937,#938));
#3213=EDGE_LOOP('',(#939));
#3214=EDGE_LOOP('',(#940,#941,#942,#943,#944,#945,#946,#947,#948,#949,#950,
#951,#952,#953,#954,#955));
#3215=EDGE_LOOP('',(#956));
#3216=EDGE_LOOP('',(#957,#958,#959,#960));
#3217=EDGE_LOOP('',(#961,#962,#963));
#3218=EDGE_LOOP('',(#964));
#3219=EDGE_LOOP('',(#965,#966,#967,#968,#969,#970,#971,#972,#973,#974,#975,
#976,#977,#978,#979,#980));
#3220=EDGE_LOOP('',(#981,#982,#983,#984));
#3221=EDGE_LOOP('',(#985,#986,#987,#988));
#3222=EDGE_LOOP('',(#989,#990,#991,#992));
#3223=EDGE_LOOP('',(#993,#994,#995,#996));
#3224=EDGE_LOOP('',(#997,#998,#999,#1000));
#3225=EDGE_LOOP('',(#1001,#1002,#1003,#1004));
#3226=EDGE_LOOP('',(#1005,#1006,#1007,#1008));
#3227=EDGE_LOOP('',(#1009,#1010,#1011,#1012));
#3228=EDGE_LOOP('',(#1013,#1014,#1015,#1016));
#3229=EDGE_LOOP('',(#1017,#1018,#1019,#1020));
#3230=EDGE_LOOP('',(#1021));
#3231=EDGE_LOOP('',(#1022));
#3232=EDGE_LOOP('',(#1023));
#3233=EDGE_LOOP('',(#1024));
#3234=EDGE_LOOP('',(#1025,#1026,#1027,#1028));
#3235=EDGE_LOOP('',(#1029,#1030,#1031,#1032));
#3236=EDGE_LOOP('',(#1033,#1034,#1035,#1036));
#3237=EDGE_LOOP('',(#1037,#1038,#1039,#1040));
#3238=EDGE_LOOP('',(#1041,#1042,#1043,#1044));
#3239=EDGE_LOOP('',(#1045,#1046,#1047,#1048));
#3240=EDGE_LOOP('',(#1049,#1050,#1051,#1052));
#3241=EDGE_LOOP('',(#1053,#1054,#1055,#1056));
#3242=EDGE_LOOP('',(#1057,#1058,#1059,#1060));
#3243=EDGE_LOOP('',(#1061,#1062,#1063,#1064));
#3244=EDGE_LOOP('',(#1065,#1066,#1067,#1068));
#3245=EDGE_LOOP('',(#1069,#1070,#1071,#1072));
#3246=EDGE_LOOP('',(#1073,#1074,#1075,#1076));
#3247=EDGE_LOOP('',(#1077,#1078,#1079,#1080));
#3248=EDGE_LOOP('',(#1081,#1082,#1083,#1084));
#3249=EDGE_LOOP('',(#1085,#1086,#1087,#1088));
#3250=EDGE_LOOP('',(#1089,#1090,#1091,#1092));
#3251=EDGE_LOOP('',(#1093,#1094,#1095,#1096));
#3252=EDGE_LOOP('',(#1097,#1098,#1099,#1100));
#3253=EDGE_LOOP('',(#1101,#1102,#1103,#1104));
#3254=EDGE_LOOP('',(#1105,#1106,#1107,#1108));
#3255=EDGE_LOOP('',(#1109,#1110,#1111,#1112));
#3256=EDGE_LOOP('',(#1113,#1114,#1115,#1116));
#3257=EDGE_LOOP('',(#1117,#1118,#1119,#1120));
#3258=EDGE_LOOP('',(#1121,#1122,#1123,#1124));
#3259=EDGE_LOOP('',(#1125));
#3260=EDGE_LOOP('',(#1126));
#3261=EDGE_LOOP('',(#1127,#1128,#1129,#1130));
#3262=EDGE_LOOP('',(#1131,#1132,#1133,#1134));
#3263=EDGE_LOOP('',(#1135,#1136,#1137,#1138,#1139,#1140));
#3264=EDGE_LOOP('',(#1141,#1142,#1143,#1144));
#3265=EDGE_LOOP('',(#1145,#1146,#1147,#1148));
#3266=EDGE_LOOP('',(#1149,#1150,#1151,#1152));
#3267=EDGE_LOOP('',(#1153,#1154,#1155,#1156,#1157));
#3268=EDGE_LOOP('',(#1158,#1159,#1160,#1161));
#3269=EDGE_LOOP('',(#1162,#1163,#1164,#1165,#1166));
#3270=EDGE_LOOP('',(#1167,#1168,#1169,#1170));
#3271=EDGE_LOOP('',(#1171,#1172,#1173,#1174));
#3272=EDGE_LOOP('',(#1175,#1176,#1177,#1178));
#3273=EDGE_LOOP('',(#1179,#1180,#1181,#1182));
#3274=EDGE_LOOP('',(#1183,#1184,#1185,#1186,#1187));
#3275=EDGE_LOOP('',(#1188,#1189,#1190,#1191));
#3276=EDGE_LOOP('',(#1192,#1193,#1194,#1195,#1196));
#3277=EDGE_LOOP('',(#1197,#1198,#1199,#1200));
#3278=EDGE_LOOP('',(#1201,#1202,#1203,#1204));
#3279=EDGE_LOOP('',(#1205,#1206,#1207,#1208));
#3280=EDGE_LOOP('',(#1209,#1210,#1211,#1212));
#3281=EDGE_LOOP('',(#1213,#1214,#1215,#1216));
#3282=EDGE_LOOP('',(#1217,#1218,#1219,#1220));
#3283=EDGE_LOOP('',(#1221,#1222,#1223));
#3284=EDGE_LOOP('',(#1224,#1225,#1226,#1227));
#3285=EDGE_LOOP('',(#1228,#1229,#1230));
#3286=EDGE_LOOP('',(#1231,#1232,#1233,#1234));
#3287=EDGE_LOOP('',(#1235,#1236,#1237,#1238));
#3288=EDGE_LOOP('',(#1239,#1240,#1241));
#3289=EDGE_LOOP('',(#1242,#1243,#1244,#1245));
#3290=EDGE_LOOP('',(#1246,#1247,#1248));
#3291=EDGE_LOOP('',(#1249,#1250,#1251,#1252));
#3292=EDGE_LOOP('',(#1253,#1254,#1255,#1256));
#3293=FACE_BOUND('',#3046,.T.);
#3294=FACE_BOUND('',#3047,.T.);
#3295=FACE_BOUND('',#3048,.T.);
#3296=FACE_BOUND('',#3049,.T.);
#3297=FACE_BOUND('',#3050,.T.);
#3298=FACE_BOUND('',#3051,.T.);
#3299=FACE_BOUND('',#3052,.T.);
#3300=FACE_BOUND('',#3053,.T.);
#3301=FACE_BOUND('',#3054,.T.);
#3302=FACE_BOUND('',#3055,.T.);
#3303=FACE_BOUND('',#3056,.T.);
#3304=FACE_BOUND('',#3057,.T.);
#3305=FACE_BOUND('',#3058,.T.);
#3306=FACE_BOUND('',#3059,.T.);
#3307=FACE_BOUND('',#3060,.T.);
#3308=FACE_BOUND('',#3061,.T.);
#3309=FACE_BOUND('',#3062,.T.);
#3310=FACE_BOUND('',#3063,.T.);
#3311=FACE_BOUND('',#3064,.T.);
#3312=FACE_BOUND('',#3065,.T.);
#3313=FACE_BOUND('',#3066,.T.);
#3314=FACE_BOUND('',#3067,.T.);
#3315=FACE_BOUND('',#3068,.T.);
#3316=FACE_BOUND('',#3069,.T.);
#3317=FACE_BOUND('',#3070,.T.);
#3318=FACE_BOUND('',#3071,.T.);
#3319=FACE_BOUND('',#3072,.T.);
#3320=FACE_BOUND('',#3073,.T.);
#3321=FACE_BOUND('',#3074,.T.);
#3322=FACE_BOUND('',#3075,.T.);
#3323=FACE_BOUND('',#3076,.T.);
#3324=FACE_BOUND('',#3077,.T.);
#3325=FACE_BOUND('',#3078,.T.);
#3326=FACE_BOUND('',#3079,.T.);
#3327=FACE_BOUND('',#3080,.T.);
#3328=FACE_BOUND('',#3081,.T.);
#3329=FACE_BOUND('',#3082,.T.);
#3330=FACE_BOUND('',#3083,.T.);
#3331=FACE_BOUND('',#3084,.T.);
#3332=FACE_BOUND('',#3085,.T.);
#3333=FACE_BOUND('',#3086,.T.);
#3334=FACE_BOUND('',#3087,.T.);
#3335=FACE_BOUND('',#3088,.T.);
#3336=FACE_BOUND('',#3089,.T.);
#3337=FACE_BOUND('',#3090,.T.);
#3338=FACE_BOUND('',#3091,.T.);
#3339=FACE_BOUND('',#3092,.T.);
#3340=FACE_BOUND('',#3093,.T.);
#3341=FACE_BOUND('',#3094,.T.);
#3342=FACE_BOUND('',#3095,.T.);
#3343=FACE_BOUND('',#3096,.T.);
#3344=FACE_BOUND('',#3097,.T.);
#3345=FACE_BOUND('',#3098,.T.);
#3346=FACE_BOUND('',#3099,.T.);
#3347=FACE_BOUND('',#3100,.T.);
#3348=FACE_BOUND('',#3101,.T.);
#3349=FACE_BOUND('',#3102,.T.);
#3350=FACE_BOUND('',#3103,.T.);
#3351=FACE_BOUND('',#3104,.T.);
#3352=FACE_BOUND('',#3105,.T.);
#3353=FACE_BOUND('',#3106,.T.);
#3354=FACE_BOUND('',#3107,.T.);
#3355=FACE_BOUND('',#3108,.T.);
#3356=FACE_BOUND('',#3109,.T.);
#3357=FACE_BOUND('',#3110,.T.);
#3358=FACE_BOUND('',#3111,.T.);
#3359=FACE_BOUND('',#3112,.T.);
#3360=FACE_BOUND('',#3113,.T.);
#3361=FACE_BOUND('',#3114,.T.);
#3362=FACE_BOUND('',#3115,.T.);
#3363=FACE_BOUND('',#3116,.T.);
#3364=FACE_BOUND('',#3117,.T.);
#3365=FACE_BOUND('',#3118,.T.);
#3366=FACE_BOUND('',#3119,.T.);
#3367=FACE_BOUND('',#3120,.T.);
#3368=FACE_BOUND('',#3121,.T.);
#3369=FACE_BOUND('',#3122,.T.);
#3370=FACE_BOUND('',#3123,.T.);
#3371=FACE_BOUND('',#3124,.T.);
#3372=FACE_BOUND('',#3125,.T.);
#3373=FACE_BOUND('',#3126,.T.);
#3374=FACE_BOUND('',#3127,.T.);
#3375=FACE_BOUND('',#3128,.T.);
#3376=FACE_BOUND('',#3129,.T.);
#3377=FACE_BOUND('',#3130,.T.);
#3378=FACE_BOUND('',#3131,.T.);
#3379=FACE_BOUND('',#3132,.T.);
#3380=FACE_BOUND('',#3133,.T.);
#3381=FACE_BOUND('',#3134,.T.);
#3382=FACE_BOUND('',#3135,.T.);
#3383=FACE_BOUND('',#3136,.T.);
#3384=FACE_BOUND('',#3137,.T.);
#3385=FACE_BOUND('',#3138,.T.);
#3386=FACE_BOUND('',#3139,.T.);
#3387=FACE_BOUND('',#3140,.T.);
#3388=FACE_BOUND('',#3141,.T.);
#3389=FACE_BOUND('',#3142,.T.);
#3390=FACE_BOUND('',#3143,.T.);
#3391=FACE_BOUND('',#3144,.T.);
#3392=FACE_BOUND('',#3145,.T.);
#3393=FACE_BOUND('',#3146,.T.);
#3394=FACE_BOUND('',#3147,.T.);
#3395=FACE_BOUND('',#3148,.T.);
#3396=FACE_BOUND('',#3149,.T.);
#3397=FACE_BOUND('',#3150,.T.);
#3398=FACE_BOUND('',#3151,.T.);
#3399=FACE_BOUND('',#3152,.T.);
#3400=FACE_BOUND('',#3153,.T.);
#3401=FACE_BOUND('',#3154,.T.);
#3402=FACE_BOUND('',#3155,.T.);
#3403=FACE_BOUND('',#3156,.T.);
#3404=FACE_BOUND('',#3157,.T.);
#3405=FACE_BOUND('',#3158,.T.);
#3406=FACE_BOUND('',#3159,.T.);
#3407=FACE_BOUND('',#3160,.T.);
#3408=FACE_BOUND('',#3161,.T.);
#3409=FACE_BOUND('',#3162,.T.);
#3410=FACE_BOUND('',#3163,.T.);
#3411=FACE_BOUND('',#3164,.T.);
#3412=FACE_BOUND('',#3165,.T.);
#3413=FACE_BOUND('',#3166,.T.);
#3414=FACE_BOUND('',#3167,.T.);
#3415=FACE_BOUND('',#3168,.T.);
#3416=FACE_BOUND('',#3169,.T.);
#3417=FACE_BOUND('',#3170,.T.);
#3418=FACE_BOUND('',#3171,.T.);
#3419=FACE_BOUND('',#3172,.T.);
#3420=FACE_BOUND('',#3173,.T.);
#3421=FACE_BOUND('',#3174,.T.);
#3422=FACE_BOUND('',#3175,.T.);
#3423=FACE_BOUND('',#3176,.T.);
#3424=FACE_BOUND('',#3177,.T.);
#3425=FACE_BOUND('',#3178,.T.);
#3426=FACE_BOUND('',#3179,.T.);
#3427=FACE_BOUND('',#3180,.T.);
#3428=FACE_BOUND('',#3181,.T.);
#3429=FACE_BOUND('',#3182,.T.);
#3430=FACE_BOUND('',#3183,.T.);
#3431=FACE_BOUND('',#3184,.T.);
#3432=FACE_BOUND('',#3185,.T.);
#3433=FACE_BOUND('',#3186,.T.);
#3434=FACE_BOUND('',#3187,.T.);
#3435=FACE_BOUND('',#3188,.T.);
#3436=FACE_BOUND('',#3189,.T.);
#3437=FACE_BOUND('',#3190,.T.);
#3438=FACE_BOUND('',#3191,.T.);
#3439=FACE_BOUND('',#3192,.T.);
#3440=FACE_BOUND('',#3193,.T.);
#3441=FACE_BOUND('',#3194,.T.);
#3442=FACE_BOUND('',#3195,.T.);
#3443=FACE_BOUND('',#3196,.T.);
#3444=FACE_BOUND('',#3197,.T.);
#3445=FACE_BOUND('',#3198,.T.);
#3446=FACE_BOUND('',#3199,.T.);
#3447=FACE_BOUND('',#3200,.T.);
#3448=FACE_BOUND('',#3201,.T.);
#3449=FACE_BOUND('',#3202,.T.);
#3450=FACE_BOUND('',#3203,.T.);
#3451=FACE_BOUND('',#3204,.T.);
#3452=FACE_BOUND('',#3205,.T.);
#3453=FACE_BOUND('',#3206,.T.);
#3454=FACE_BOUND('',#3207,.T.);
#3455=FACE_BOUND('',#3208,.T.);
#3456=FACE_BOUND('',#3209,.T.);
#3457=FACE_BOUND('',#3210,.T.);
#3458=FACE_BOUND('',#3211,.T.);
#3459=FACE_BOUND('',#3212,.T.);
#3460=FACE_BOUND('',#3213,.T.);
#3461=FACE_BOUND('',#3214,.T.);
#3462=FACE_BOUND('',#3215,.T.);
#3463=FACE_BOUND('',#3216,.T.);
#3464=FACE_BOUND('',#3217,.T.);
#3465=FACE_BOUND('',#3218,.T.);
#3466=FACE_BOUND('',#3219,.T.);
#3467=FACE_BOUND('',#3220,.T.);
#3468=FACE_BOUND('',#3221,.T.);
#3469=FACE_BOUND('',#3222,.T.);
#3470=FACE_BOUND('',#3223,.T.);
#3471=FACE_BOUND('',#3224,.T.);
#3472=FACE_BOUND('',#3225,.T.);
#3473=FACE_BOUND('',#3226,.T.);
#3474=FACE_BOUND('',#3227,.T.);
#3475=FACE_BOUND('',#3228,.T.);
#3476=FACE_BOUND('',#3229,.T.);
#3477=FACE_BOUND('',#3230,.T.);
#3478=FACE_BOUND('',#3231,.T.);
#3479=FACE_BOUND('',#3232,.T.);
#3480=FACE_BOUND('',#3233,.T.);
#3481=FACE_BOUND('',#3234,.T.);
#3482=FACE_BOUND('',#3235,.T.);
#3483=FACE_BOUND('',#3236,.T.);
#3484=FACE_BOUND('',#3237,.T.);
#3485=FACE_BOUND('',#3238,.T.);
#3486=FACE_BOUND('',#3239,.T.);
#3487=FACE_BOUND('',#3240,.T.);
#3488=FACE_BOUND('',#3241,.T.);
#3489=FACE_BOUND('',#3242,.T.);
#3490=FACE_BOUND('',#3243,.T.);
#3491=FACE_BOUND('',#3244,.T.);
#3492=FACE_BOUND('',#3245,.T.);
#3493=FACE_BOUND('',#3246,.T.);
#3494=FACE_BOUND('',#3247,.T.);
#3495=FACE_BOUND('',#3248,.T.);
#3496=FACE_BOUND('',#3249,.T.);
#3497=FACE_BOUND('',#3250,.T.);
#3498=FACE_BOUND('',#3251,.T.);
#3499=FACE_BOUND('',#3252,.T.);
#3500=FACE_BOUND('',#3253,.T.);
#3501=FACE_BOUND('',#3254,.T.);
#3502=FACE_BOUND('',#3255,.T.);
#3503=FACE_BOUND('',#3256,.T.);
#3504=FACE_BOUND('',#3257,.T.);
#3505=FACE_BOUND('',#3258,.T.);
#3506=FACE_BOUND('',#3259,.T.);
#3507=FACE_BOUND('',#3260,.T.);
#3508=FACE_BOUND('',#3261,.T.);
#3509=FACE_BOUND('',#3262,.T.);
#3510=FACE_BOUND('',#3263,.T.);
#3511=FACE_BOUND('',#3264,.T.);
#3512=FACE_BOUND('',#3265,.T.);
#3513=FACE_BOUND('',#3266,.T.);
#3514=FACE_BOUND('',#3267,.T.);
#3515=FACE_BOUND('',#3268,.T.);
#3516=FACE_BOUND('',#3269,.T.);
#3517=FACE_BOUND('',#3270,.T.);
#3518=FACE_BOUND('',#3271,.T.);
#3519=FACE_BOUND('',#3272,.T.);
#3520=FACE_BOUND('',#3273,.T.);
#3521=FACE_BOUND('',#3274,.T.);
#3522=FACE_BOUND('',#3275,.T.);
#3523=FACE_BOUND('',#3276,.T.);
#3524=FACE_BOUND('',#3277,.T.);
#3525=FACE_BOUND('',#3278,.T.);
#3526=FACE_BOUND('',#3279,.T.);
#3527=FACE_BOUND('',#3280,.T.);
#3528=FACE_BOUND('',#3281,.T.);
#3529=FACE_BOUND('',#3282,.T.);
#3530=FACE_BOUND('',#3283,.T.);
#3531=FACE_BOUND('',#3284,.T.);
#3532=FACE_BOUND('',#3285,.T.);
#3533=FACE_BOUND('',#3286,.T.);
#3534=FACE_BOUND('',#3287,.T.);
#3535=FACE_BOUND('',#3288,.T.);
#3536=FACE_BOUND('',#3289,.T.);
#3537=FACE_BOUND('',#3290,.T.);
#3538=FACE_BOUND('',#3291,.T.);
#3539=FACE_BOUND('',#3292,.T.);
#3540=PLANE('',#3962);
#3541=PLANE('',#3963);
#3542=PLANE('',#3964);
#3543=PLANE('',#3965);
#3544=PLANE('',#3966);
#3545=PLANE('',#3967);
#3546=PLANE('',#3968);
#3547=PLANE('',#3969);
#3548=PLANE('',#3970);
#3549=PLANE('',#3971);
#3550=PLANE('',#3972);
#3551=PLANE('',#3973);
#3552=PLANE('',#3974);
#3553=PLANE('',#3975);
#3554=PLANE('',#3978);
#3555=PLANE('',#3980);
#3556=PLANE('',#3982);
#3557=PLANE('',#3985);
#3558=PLANE('',#3987);
#3559=PLANE('',#3990);
#3560=PLANE('',#3992);
#3561=PLANE('',#3994);
#3562=PLANE('',#3996);
#3563=PLANE('',#4004);
#3564=PLANE('',#4005);
#3565=PLANE('',#4006);
#3566=PLANE('',#4009);
#3567=PLANE('',#4010);
#3568=PLANE('',#4011);
#3569=PLANE('',#4012);
#3570=PLANE('',#4013);
#3571=PLANE('',#4014);
#3572=PLANE('',#4015);
#3573=PLANE('',#4016);
#3574=PLANE('',#4017);
#3575=PLANE('',#4020);
#3576=PLANE('',#4023);
#3577=PLANE('',#4025);
#3578=PLANE('',#4028);
#3579=PLANE('',#4030);
#3580=PLANE('',#4033);
#3581=PLANE('',#4035);
#3582=PLANE('',#4036);
#3583=PLANE('',#4037);
#3584=PLANE('',#4038);
#3585=PLANE('',#4039);
#3586=PLANE('',#4040);
#3587=PLANE('',#4041);
#3588=PLANE('',#4042);
#3589=PLANE('',#4043);
#3590=PLANE('',#4046);
#3591=PLANE('',#4049);
#3592=PLANE('',#4051);
#3593=PLANE('',#4054);
#3594=PLANE('',#4056);
#3595=PLANE('',#4059);
#3596=PLANE('',#4061);
#3597=PLANE('',#4065);
#3598=PLANE('',#4066);
#3599=PLANE('',#4067);
#3600=PLANE('',#4069);
#3601=PLANE('',#4079);
#3602=PLANE('',#4083);
#3603=PLANE('',#4084);
#3604=PLANE('',#4085);
#3605=PLANE('',#4087);
#3606=PLANE('',#4088);
#3607=PLANE('',#4089);
#3608=PLANE('',#4093);
#3609=PLANE('',#4094);
#3610=PLANE('',#4095);
#3611=PLANE('',#4096);
#3612=PLANE('',#4100);
#3613=PLANE('',#4101);
#3614=PLANE('',#4102);
#3615=PLANE('',#4104);
#3616=PLANE('',#4106);
#3617=PLANE('',#4108);
#3618=PLANE('',#4109);
#3619=PLANE('',#4110);
#3620=PLANE('',#4111);
#3621=PLANE('',#4112);
#3622=PLANE('',#4113);
#3623=PLANE('',#4114);
#3624=PLANE('',#4115);
#3625=PLANE('',#4116);
#3626=PLANE('',#4117);
#3627=PLANE('',#4121);
#3628=PLANE('',#4125);
#3629=PLANE('',#4126);
#3630=PLANE('',#4131);
#3631=PLANE('',#4133);
#3632=PLANE('',#4135);
#3633=PLANE('',#4138);
#3634=PLANE('',#4143);
#3635=PLANE('',#4144);
#3636=PLANE('',#4146);
#3637=PLANE('',#4153);
#3638=PLANE('',#4159);
#3639=PLANE('',#4160);
#3640=PLANE('',#4163);
#3641=PLANE('',#4165);
#3642=PLANE('',#4168);
#3643=PLANE('',#4169);
#3644=PLANE('',#4170);
#3645=PLANE('',#4171);
#3646=PLANE('',#4172);
#3647=PLANE('',#4173);
#3648=PLANE('',#4174);
#3649=PLANE('',#4175);
#3650=PLANE('',#4176);
#3651=PLANE('',#4177);
#3652=PLANE('',#4178);
#3653=PLANE('',#4179);
#3654=PLANE('',#4180);
#3655=PLANE('',#4181);
#3656=PLANE('',#4182);
#3657=PLANE('',#4183);
#3658=PLANE('',#4184);
#3659=PLANE('',#4185);
#3660=PLANE('',#4186);
#3661=PLANE('',#4187);
#3662=PLANE('',#4188);
#3663=PLANE('',#4189);
#3664=PLANE('',#4190);
#3665=PLANE('',#4194);
#3666=PLANE('',#4198);
#3667=PLANE('',#4202);
#3668=PLANE('',#4207);
#3669=PLANE('',#4212);
#3670=PLANE('',#4216);
#3671=PLANE('',#4217);
#3672=PLANE('',#4218);
#3673=PLANE('',#4219);
#3674=PLANE('',#4220);
#3675=PLANE('',#4221);
#3676=PLANE('',#4222);
#3677=PLANE('',#4223);
#3678=PLANE('',#4224);
#3679=PLANE('',#4225);
#3680=PLANE('',#4229);
#3681=PLANE('',#4230);
#3682=PLANE('',#4232);
#3683=PLANE('',#4235);
#3684=PLANE('',#4237);
#3685=PLANE('',#4238);
#3686=PLANE('',#4240);
#3687=PLANE('',#4243);
#3688=PLANE('',#4244);
#3689=PLANE('',#4245);
#3690=PLANE('',#4246);
#3691=PLANE('',#4247);
#3692=PLANE('',#4248);
#3693=PLANE('',#4249);
#3694=PLANE('',#4250);
#3695=PLANE('',#4251);
#3696=PLANE('',#4252);
#3697=PLANE('',#4254);
#3698=PLANE('',#4255);
#3699=PLANE('',#4256);
#3700=PLANE('',#4257);
#3701=PLANE('',#4258);
#3702=PLANE('',#4259);
#3703=PLANE('',#4260);
#3704=PLANE('',#4261);
#3705=PLANE('',#4262);
#3706=PLANE('',#4263);
#3707=PLANE('',#4264);
#3708=PLANE('',#4265);
#3709=PLANE('',#4266);
#3710=PLANE('',#4267);
#3711=PLANE('',#4268);
#3712=PLANE('',#4269);
#3713=PLANE('',#4270);
#3714=PLANE('',#4272);
#3715=PLANE('',#4274);
#3716=PLANE('',#4275);
#3717=PLANE('',#4277);
#3718=PLANE('',#4279);
#3719=PLANE('',#4280);
#3720=PLANE('',#4282);
#3721=PLANE('',#4284);
#3722=PLANE('',#4285);
#3723=ADVANCED_FACE('',(#3293),#3540,.T.);
#3724=ADVANCED_FACE('',(#3294),#3541,.T.);
#3725=ADVANCED_FACE('',(#3295),#3542,.F.);
#3726=ADVANCED_FACE('',(#3296),#3543,.F.);
#3727=ADVANCED_FACE('',(#3297),#3544,.F.);
#3728=ADVANCED_FACE('',(#3298),#3545,.T.);
#3729=ADVANCED_FACE('',(#3299),#3546,.T.);
#3730=ADVANCED_FACE('',(#3300),#3547,.T.);
#3731=ADVANCED_FACE('',(#3301),#3548,.F.);
#3732=ADVANCED_FACE('',(#3302),#3549,.F.);
#3733=ADVANCED_FACE('',(#3303),#3550,.T.);
#3734=ADVANCED_FACE('',(#3304),#3551,.F.);
#3735=ADVANCED_FACE('',(#3305),#3552,.T.);
#3736=ADVANCED_FACE('',(#3306),#3553,.T.);
#3737=ADVANCED_FACE('',(#3307),#3554,.T.);
#3738=ADVANCED_FACE('',(#3308),#3555,.T.);
#3739=ADVANCED_FACE('',(#3309),#3556,.T.);
#3740=ADVANCED_FACE('',(#3310),#3557,.T.);
#3741=ADVANCED_FACE('',(#3311),#3558,.T.);
#3742=ADVANCED_FACE('',(#3312),#3559,.T.);
#3743=ADVANCED_FACE('',(#3313),#3560,.T.);
#3744=ADVANCED_FACE('',(#3314),#3561,.T.);
#3745=ADVANCED_FACE('',(#3315),#3562,.T.);
#3746=ADVANCED_FACE('',(#3316),#49,.F.);
#3747=ADVANCED_FACE('',(#3317),#50,.F.);
#3748=ADVANCED_FACE('',(#3318),#51,.T.);
#3749=ADVANCED_FACE('',(#3319),#3563,.F.);
#3750=ADVANCED_FACE('',(#3320),#3564,.F.);
#3751=ADVANCED_FACE('',(#3321),#3565,.T.);
#3752=ADVANCED_FACE('',(#3322),#52,.T.);
#3753=ADVANCED_FACE('',(#3323),#3566,.F.);
#3754=ADVANCED_FACE('',(#3324),#3567,.F.);
#3755=ADVANCED_FACE('',(#3325),#3568,.F.);
#3756=ADVANCED_FACE('',(#3326),#3569,.F.);
#3757=ADVANCED_FACE('',(#3327),#3570,.F.);
#3758=ADVANCED_FACE('',(#3328),#3571,.F.);
#3759=ADVANCED_FACE('',(#3329),#3572,.F.);
#3760=ADVANCED_FACE('',(#3330),#3573,.F.);
#3761=ADVANCED_FACE('',(#3331),#3574,.T.);
#3762=ADVANCED_FACE('',(#3332),#3575,.T.);
#3763=ADVANCED_FACE('',(#3333),#3576,.T.);
#3764=ADVANCED_FACE('',(#3334),#3577,.T.);
#3765=ADVANCED_FACE('',(#3335),#3578,.T.);
#3766=ADVANCED_FACE('',(#3336),#3579,.T.);
#3767=ADVANCED_FACE('',(#3337),#3580,.T.);
#3768=ADVANCED_FACE('',(#3338),#3581,.F.);
#3769=ADVANCED_FACE('',(#3339),#3582,.F.);
#3770=ADVANCED_FACE('',(#3340),#3583,.F.);
#3771=ADVANCED_FACE('',(#3341),#3584,.F.);
#3772=ADVANCED_FACE('',(#3342),#3585,.F.);
#3773=ADVANCED_FACE('',(#3343),#3586,.F.);
#3774=ADVANCED_FACE('',(#3344),#3587,.F.);
#3775=ADVANCED_FACE('',(#3345),#3588,.F.);
#3776=ADVANCED_FACE('',(#3346),#3589,.T.);
#3777=ADVANCED_FACE('',(#3347),#3590,.T.);
#3778=ADVANCED_FACE('',(#3348),#3591,.T.);
#3779=ADVANCED_FACE('',(#3349),#3592,.T.);
#3780=ADVANCED_FACE('',(#3350),#3593,.T.);
#3781=ADVANCED_FACE('',(#3351),#3594,.T.);
#3782=ADVANCED_FACE('',(#3352),#3595,.T.);
#3783=ADVANCED_FACE('',(#3353,#3354,#3355),#3596,.T.);
#3784=ADVANCED_FACE('',(#3356),#3597,.F.);
#3785=ADVANCED_FACE('',(#3357),#3598,.F.);
#3786=ADVANCED_FACE('',(#3358),#3599,.T.);
#3787=ADVANCED_FACE('',(#3359,#3360,#3361,#3362,#3363,#3364),#3600,.T.);
#3788=ADVANCED_FACE('',(#3365,#3366,#3367),#3601,.T.);
#3789=ADVANCED_FACE('',(#3368),#3602,.F.);
#3790=ADVANCED_FACE('',(#3369),#3603,.T.);
#3791=ADVANCED_FACE('',(#3370),#3604,.T.);
#3792=ADVANCED_FACE('',(#3371),#3605,.F.);
#3793=ADVANCED_FACE('',(#3372),#3606,.F.);
#3794=ADVANCED_FACE('',(#3373),#3607,.F.);
#3795=ADVANCED_FACE('',(#3374),#53,.F.);
#3796=ADVANCED_FACE('',(#3375),#3608,.F.);
#3797=ADVANCED_FACE('',(#3376),#3609,.F.);
#3798=ADVANCED_FACE('',(#3377),#3610,.T.);
#3799=ADVANCED_FACE('',(#3378),#3611,.T.);
#3800=ADVANCED_FACE('',(#3379),#54,.F.);
#3801=ADVANCED_FACE('',(#3380),#3612,.T.);
#3802=ADVANCED_FACE('',(#3381),#3613,.F.);
#3803=ADVANCED_FACE('',(#3382),#3614,.T.);
#3804=ADVANCED_FACE('',(#3383),#12,.F.);
#3805=ADVANCED_FACE('',(#3384),#3615,.T.);
#3806=ADVANCED_FACE('',(#3385),#13,.F.);
#3807=ADVANCED_FACE('',(#3386),#3616,.T.);
#3808=ADVANCED_FACE('',(#3387),#3617,.F.);
#3809=ADVANCED_FACE('',(#3388),#3618,.T.);
#3810=ADVANCED_FACE('',(#3389),#3619,.T.);
#3811=ADVANCED_FACE('',(#3390),#3620,.F.);
#3812=ADVANCED_FACE('',(#3391),#3621,.F.);
#3813=ADVANCED_FACE('',(#3392),#3622,.T.);
#3814=ADVANCED_FACE('',(#3393),#3623,.F.);
#3815=ADVANCED_FACE('',(#3394),#3624,.F.);
#3816=ADVANCED_FACE('',(#3395),#3625,.T.);
#3817=ADVANCED_FACE('',(#3396),#3626,.F.);
#3818=ADVANCED_FACE('',(#3397,#3398),#55,.F.);
#3819=ADVANCED_FACE('',(#3399,#3400),#3627,.F.);
#3820=ADVANCED_FACE('',(#3401),#3628,.F.);
#3821=ADVANCED_FACE('',(#3402),#3629,.T.);
#3822=ADVANCED_FACE('',(#3403),#56,.T.);
#3823=ADVANCED_FACE('',(#3404),#3630,.T.);
#3824=ADVANCED_FACE('',(#3405),#3631,.T.);
#3825=ADVANCED_FACE('',(#3406),#3632,.F.);
#3826=ADVANCED_FACE('',(#3407),#57,.T.);
#3827=ADVANCED_FACE('',(#3408),#3633,.T.);
#3828=ADVANCED_FACE('',(#3409),#58,.T.);
#3829=ADVANCED_FACE('',(#3410),#3634,.T.);
#3830=ADVANCED_FACE('',(#3411),#3635,.T.);
#3831=ADVANCED_FACE('',(#3412),#3636,.T.);
#3832=ADVANCED_FACE('',(#3413),#59,.T.);
#3833=ADVANCED_FACE('',(#3414),#60,.T.);
#3834=ADVANCED_FACE('',(#3415),#3637,.T.);
#3835=ADVANCED_FACE('',(#3416),#61,.T.);
#3836=ADVANCED_FACE('',(#3417,#3418),#62,.F.);
#3837=ADVANCED_FACE('',(#3419),#3638,.F.);
#3838=ADVANCED_FACE('',(#3420,#3421),#3639,.F.);
#3839=ADVANCED_FACE('',(#3422),#3640,.F.);
#3840=ADVANCED_FACE('',(#3423),#63,.F.);
#3841=ADVANCED_FACE('',(#3424),#3641,.T.);
#3842=ADVANCED_FACE('',(#3425),#64,.F.);
#3843=ADVANCED_FACE('',(#3426,#3427),#3642,.T.);
#3844=ADVANCED_FACE('',(#3428),#3643,.T.);
#3845=ADVANCED_FACE('',(#3429),#3644,.F.);
#3846=ADVANCED_FACE('',(#3430),#3645,.T.);
#3847=ADVANCED_FACE('',(#3431),#3646,.T.);
#3848=ADVANCED_FACE('',(#3432),#3647,.F.);
#3849=ADVANCED_FACE('',(#3433),#3648,.F.);
#3850=ADVANCED_FACE('',(#3434),#3649,.T.);
#3851=ADVANCED_FACE('',(#3435),#3650,.F.);
#3852=ADVANCED_FACE('',(#3436),#3651,.T.);
#3853=ADVANCED_FACE('',(#3437),#3652,.T.);
#3854=ADVANCED_FACE('',(#3438),#3653,.T.);
#3855=ADVANCED_FACE('',(#3439),#3654,.T.);
#3856=ADVANCED_FACE('',(#3440),#3655,.F.);
#3857=ADVANCED_FACE('',(#3441),#3656,.F.);
#3858=ADVANCED_FACE('',(#3442),#3657,.F.);
#3859=ADVANCED_FACE('',(#3443),#3658,.T.);
#3860=ADVANCED_FACE('',(#3444),#3659,.T.);
#3861=ADVANCED_FACE('',(#3445),#3660,.T.);
#3862=ADVANCED_FACE('',(#3446),#3661,.F.);
#3863=ADVANCED_FACE('',(#3447),#3662,.F.);
#3864=ADVANCED_FACE('',(#3448),#3663,.F.);
#3865=ADVANCED_FACE('',(#3449),#3664,.T.);
#3866=ADVANCED_FACE('',(#3450),#65,.F.);
#3867=ADVANCED_FACE('',(#3451),#3665,.F.);
#3868=ADVANCED_FACE('',(#3452),#66,.F.);
#3869=ADVANCED_FACE('',(#3453),#3666,.T.);
#3870=ADVANCED_FACE('',(#3454),#67,.F.);
#3871=ADVANCED_FACE('',(#3455),#3667,.F.);
#3872=ADVANCED_FACE('',(#3456),#68,.F.);
#3873=ADVANCED_FACE('',(#3457,#3458),#69,.F.);
#3874=ADVANCED_FACE('',(#3459),#3668,.T.);
#3875=ADVANCED_FACE('',(#3460,#3461),#70,.F.);
#3876=ADVANCED_FACE('',(#3462,#3463),#71,.F.);
#3877=ADVANCED_FACE('',(#3464),#3669,.T.);
#3878=ADVANCED_FACE('',(#3465,#3466),#72,.F.);
#3879=ADVANCED_FACE('',(#3467),#3670,.T.);
#3880=ADVANCED_FACE('',(#3468),#3671,.T.);
#3881=ADVANCED_FACE('',(#3469),#3672,.T.);
#3882=ADVANCED_FACE('',(#3470),#3673,.T.);
#3883=ADVANCED_FACE('',(#3471),#3674,.T.);
#3884=ADVANCED_FACE('',(#3472),#3675,.F.);
#3885=ADVANCED_FACE('',(#3473),#3676,.F.);
#3886=ADVANCED_FACE('',(#3474),#3677,.T.);
#3887=ADVANCED_FACE('',(#3475),#3678,.F.);
#3888=ADVANCED_FACE('',(#3476),#3679,.F.);
#3889=ADVANCED_FACE('',(#3477,#3478),#14,.F.);
#3890=ADVANCED_FACE('',(#3479,#3480),#15,.F.);
#3891=ADVANCED_FACE('',(#3481),#16,.F.);
#3892=ADVANCED_FACE('',(#3482),#3680,.T.);
#3893=ADVANCED_FACE('',(#3483),#3681,.F.);
#3894=ADVANCED_FACE('',(#3484),#17,.F.);
#3895=ADVANCED_FACE('',(#3485),#3682,.F.);
#3896=ADVANCED_FACE('',(#3486),#18,.F.);
#3897=ADVANCED_FACE('',(#3487),#19,.F.);
#3898=ADVANCED_FACE('',(#3488),#3683,.T.);
#3899=ADVANCED_FACE('',(#3489),#20,.F.);
#3900=ADVANCED_FACE('',(#3490),#3684,.F.);
#3901=ADVANCED_FACE('',(#3491),#3685,.T.);
#3902=ADVANCED_FACE('',(#3492),#21,.F.);
#3903=ADVANCED_FACE('',(#3493),#3686,.F.);
#3904=ADVANCED_FACE('',(#3494),#22,.F.);
#3905=ADVANCED_FACE('',(#3495),#23,.F.);
#3906=ADVANCED_FACE('',(#3496),#3687,.T.);
#3907=ADVANCED_FACE('',(#3497),#3688,.F.);
#3908=ADVANCED_FACE('',(#3498),#3689,.T.);
#3909=ADVANCED_FACE('',(#3499),#3690,.F.);
#3910=ADVANCED_FACE('',(#3500),#3691,.F.);
#3911=ADVANCED_FACE('',(#3501),#3692,.T.);
#3912=ADVANCED_FACE('',(#3502),#3693,.T.);
#3913=ADVANCED_FACE('',(#3503),#3694,.T.);
#3914=ADVANCED_FACE('',(#3504),#3695,.T.);
#3915=ADVANCED_FACE('',(#3505),#3696,.T.);
#3916=ADVANCED_FACE('',(#3506,#3507),#24,.F.);
#3917=ADVANCED_FACE('',(#3508),#3697,.T.);
#3918=ADVANCED_FACE('',(#3509),#3698,.T.);
#3919=ADVANCED_FACE('',(#3510),#3699,.F.);
#3920=ADVANCED_FACE('',(#3511),#3700,.T.);
#3921=ADVANCED_FACE('',(#3512),#3701,.F.);
#3922=ADVANCED_FACE('',(#3513),#3702,.T.);
#3923=ADVANCED_FACE('',(#3514),#3703,.T.);
#3924=ADVANCED_FACE('',(#3515),#3704,.F.);
#3925=ADVANCED_FACE('',(#3516),#3705,.F.);
#3926=ADVANCED_FACE('',(#3517),#3706,.F.);
#3927=ADVANCED_FACE('',(#3518),#3707,.F.);
#3928=ADVANCED_FACE('',(#3519),#3708,.T.);
#3929=ADVANCED_FACE('',(#3520),#3709,.F.);
#3930=ADVANCED_FACE('',(#3521),#3710,.T.);
#3931=ADVANCED_FACE('',(#3522),#3711,.F.);
#3932=ADVANCED_FACE('',(#3523),#3712,.T.);
#3933=ADVANCED_FACE('',(#3524),#3713,.F.);
#3934=ADVANCED_FACE('',(#3525),#25,.F.);
#3935=ADVANCED_FACE('',(#3526),#3714,.T.);
#3936=ADVANCED_FACE('',(#3527),#26,.F.);
#3937=ADVANCED_FACE('',(#3528),#3715,.F.);
#3938=ADVANCED_FACE('',(#3529),#3716,.F.);
#3939=ADVANCED_FACE('',(#3530),#27,.T.);
#3940=ADVANCED_FACE('',(#3531),#3717,.F.);
#3941=ADVANCED_FACE('',(#3532),#28,.T.);
#3942=ADVANCED_FACE('',(#3533),#3718,.F.);
#3943=ADVANCED_FACE('',(#3534),#3719,.F.);
#3944=ADVANCED_FACE('',(#3535),#29,.T.);
#3945=ADVANCED_FACE('',(#3536),#3720,.T.);
#3946=ADVANCED_FACE('',(#3537),#30,.T.);
#3947=ADVANCED_FACE('',(#3538),#3721,.F.);
#3948=ADVANCED_FACE('',(#3539),#3722,.T.);
#3949=CLOSED_SHELL('',(#3723,#3724,#3725,#3726,#3727,#3728,#3729,#3730,
#3731,#3732,#3733,#3734,#3735,#3736,#3737,#3738,#3739,#3740,#3741,#3742,
#3743,#3744,#3745,#3746,#3747,#3748,#3749,#3750,#3751,#3752,#3753,#3754,
#3755,#3756,#3757,#3758,#3759,#3760,#3761,#3762,#3763,#3764,#3765,#3766,
#3767,#3768,#3769,#3770,#3771,#3772,#3773,#3774,#3775,#3776,#3777,#3778,
#3779,#3780,#3781,#3782,#3783,#3784,#3785,#3786,#3787,#3788,#3789,#3790,
#3791,#3792,#3793,#3794,#3795,#3796,#3797,#3798,#3799,#3800,#3801,#3802,
#3803,#3804,#3805,#3806,#3807,#3808,#3809,#3810,#3811,#3812,#3813,#3814,
#3815,#3816,#3817,#3818,#3819,#3820,#3821,#3822,#3823,#3824,#3825,#3826,
#3827,#3828,#3829,#3830,#3831,#3832,#3833,#3834,#3835,#3836,#3837,#3838,
#3839,#3840,#3841,#3842,#3843,#3844,#3845,#3846,#3847,#3848,#3849,#3850,
#3851,#3852,#3853,#3854,#3855,#3856,#3857,#3858,#3859,#3860,#3861,#3862,
#3863,#3864,#3865,#3866,#3867,#3868,#3869,#3870,#3871,#3872,#3873,#3874,
#3875,#3876,#3877,#3878,#3879,#3880,#3881,#3882,#3883,#3884,#3885,#3886,
#3887,#3888,#3889,#3890,#3891,#3892,#3893,#3894,#3895,#3896,#3897,#3898,
#3899,#3900,#3901,#3902,#3903,#3904,#3905,#3906,#3907,#3908,#3909,#3910,
#3911,#3912,#3913,#3914,#3915,#3916,#3917,#3918,#3919,#3920,#3921,#3922,
#3923,#3924,#3925,#3926,#3927,#3928,#3929,#3930,#3931,#3932,#3933,#3934,
#3935,#3936,#3937,#3938,#3939,#3940,#3941,#3942,#3943,#3944,#3945,#3946,
#3947,#3948));
#3950=STYLED_ITEM('',(#3951),#3958);
#3951=PRESENTATION_STYLE_ASSIGNMENT((#3952));
#3952=SURFACE_STYLE_USAGE(.BOTH.,#3953);
#3953=SURFACE_SIDE_STYLE('',(#3954));
#3954=SURFACE_STYLE_FILL_AREA(#3955);
#3955=FILL_AREA_STYLE('',(#3956));
#3956=FILL_AREA_STYLE_COLOUR('',#3957);
#3957=COLOUR_RGB('',0.72156862745098,0.63921568627451,0.376470588235294);
#3958=MANIFOLD_SOLID_BREP('front_arm_base',#3949);
#3959=SHAPE_DEFINITION_REPRESENTATION(#6513,#3960);
#3960=SHAPE_REPRESENTATION('front_arm_base',(#3961),#6508);
#3961=AXIS2_PLACEMENT_3D('',#5387,#4286,#4287);
#3962=AXIS2_PLACEMENT_3D('',#5388,#4288,#4289);
#3963=AXIS2_PLACEMENT_3D('',#5399,#4295,#4296);
#3964=AXIS2_PLACEMENT_3D('',#5407,#4301,#4302);
#3965=AXIS2_PLACEMENT_3D('',#5418,#4308,#4309);
#3966=AXIS2_PLACEMENT_3D('',#5426,#4314,#4315);
#3967=AXIS2_PLACEMENT_3D('',#5432,#4319,#4320);
#3968=AXIS2_PLACEMENT_3D('',#5438,#4324,#4325);
#3969=AXIS2_PLACEMENT_3D('',#5441,#4328,#4329);
#3970=AXIS2_PLACEMENT_3D('',#5447,#4333,#4334);
#3971=AXIS2_PLACEMENT_3D('',#5453,#4338,#4339);
#3972=AXIS2_PLACEMENT_3D('',#5459,#4343,#4344);
#3973=AXIS2_PLACEMENT_3D('',#5465,#4348,#4349);
#3974=AXIS2_PLACEMENT_3D('',#5468,#4352,#4353);
#3975=AXIS2_PLACEMENT_3D('',#5474,#4357,#4358);
#3976=AXIS2_PLACEMENT_3D('',#5477,#4360,#4361);
#3977=AXIS2_PLACEMENT_3D('',#5481,#4363,#4364);
#3978=AXIS2_PLACEMENT_3D('',#5484,#4366,#4367);
#3979=AXIS2_PLACEMENT_3D('',#5485,#4368,#4369);
#3980=AXIS2_PLACEMENT_3D('',#5486,#4370,#4371);
#3981=AXIS2_PLACEMENT_3D('',#5487,#4372,#4373);
#3982=AXIS2_PLACEMENT_3D('',#5488,#4374,#4375);
#3983=AXIS2_PLACEMENT_3D('',#5489,#4376,#4377);
#3984=AXIS2_PLACEMENT_3D('',#5493,#4379,#4380);
#3985=AXIS2_PLACEMENT_3D('',#5494,#4381,#4382);
#3986=AXIS2_PLACEMENT_3D('',#5495,#4383,#4384);
#3987=AXIS2_PLACEMENT_3D('',#5496,#4385,#4386);
#3988=AXIS2_PLACEMENT_3D('',#5497,#4387,#4388);
#3989=AXIS2_PLACEMENT_3D('',#5499,#4389,#4390);
#3990=AXIS2_PLACEMENT_3D('',#5502,#4392,#4393);
#3991=AXIS2_PLACEMENT_3D('',#5505,#4395,#4396);
#3992=AXIS2_PLACEMENT_3D('',#5506,#4397,#4398);
#3993=AXIS2_PLACEMENT_3D('',#5507,#4399,#4400);
#3994=AXIS2_PLACEMENT_3D('',#5508,#4401,#4402);
#3995=AXIS2_PLACEMENT_3D('',#5513,#4405,#4406);
#3996=AXIS2_PLACEMENT_3D('',#5514,#4407,#4408);
#3997=AXIS2_PLACEMENT_3D('',#5515,#4409,#4410);
#3998=AXIS2_PLACEMENT_3D('',#5520,#4413,#4414);
#3999=AXIS2_PLACEMENT_3D('',#5523,#4416,#4417);
#4000=AXIS2_PLACEMENT_3D('',#5526,#4419,#4420);
#4001=AXIS2_PLACEMENT_3D('',#5529,#4422,#4423);
#4002=AXIS2_PLACEMENT_3D('',#5532,#4425,#4426);
#4003=AXIS2_PLACEMENT_3D('',#5535,#4428,#4429);
#4004=AXIS2_PLACEMENT_3D('',#5536,#4430,#4431);
#4005=AXIS2_PLACEMENT_3D('',#5542,#4435,#4436);
#4006=AXIS2_PLACEMENT_3D('',#5546,#4439,#4440);
#4007=AXIS2_PLACEMENT_3D('',#5550,#4443,#4444);
#4008=AXIS2_PLACEMENT_3D('',#5551,#4445,#4446);
#4009=AXIS2_PLACEMENT_3D('',#5552,#4447,#4448);
#4010=AXIS2_PLACEMENT_3D('',#5561,#4453,#4454);
#4011=AXIS2_PLACEMENT_3D('',#5567,#4458,#4459);
#4012=AXIS2_PLACEMENT_3D('',#5576,#4464,#4465);
#4013=AXIS2_PLACEMENT_3D('',#5582,#4469,#4470);
#4014=AXIS2_PLACEMENT_3D('',#5591,#4475,#4476);
#4015=AXIS2_PLACEMENT_3D('',#5597,#4480,#4481);
#4016=AXIS2_PLACEMENT_3D('',#5606,#4486,#4487);
#4017=AXIS2_PLACEMENT_3D('',#5612,#4491,#4492);
#4018=AXIS2_PLACEMENT_3D('',#5613,#4493,#4494);
#4019=AXIS2_PLACEMENT_3D('',#5614,#4495,#4496);
#4020=AXIS2_PLACEMENT_3D('',#5615,#4497,#4498);
#4021=AXIS2_PLACEMENT_3D('',#5616,#4499,#4500);
#4022=AXIS2_PLACEMENT_3D('',#5617,#4501,#4502);
#4023=AXIS2_PLACEMENT_3D('',#5618,#4503,#4504);
#4024=AXIS2_PLACEMENT_3D('',#5619,#4505,#4506);
#4025=AXIS2_PLACEMENT_3D('',#5620,#4507,#4508);
#4026=AXIS2_PLACEMENT_3D('',#5621,#4509,#4510);
#4027=AXIS2_PLACEMENT_3D('',#5622,#4511,#4512);
#4028=AXIS2_PLACEMENT_3D('',#5623,#4513,#4514);
#4029=AXIS2_PLACEMENT_3D('',#5624,#4515,#4516);
#4030=AXIS2_PLACEMENT_3D('',#5625,#4517,#4518);
#4031=AXIS2_PLACEMENT_3D('',#5626,#4519,#4520);
#4032=AXIS2_PLACEMENT_3D('',#5627,#4521,#4522);
#4033=AXIS2_PLACEMENT_3D('',#5628,#4523,#4524);
#4034=AXIS2_PLACEMENT_3D('',#5629,#4525,#4526);
#4035=AXIS2_PLACEMENT_3D('',#5630,#4527,#4528);
#4036=AXIS2_PLACEMENT_3D('',#5639,#4533,#4534);
#4037=AXIS2_PLACEMENT_3D('',#5645,#4538,#4539);
#4038=AXIS2_PLACEMENT_3D('',#5654,#4544,#4545);
#4039=AXIS2_PLACEMENT_3D('',#5660,#4549,#4550);
#4040=AXIS2_PLACEMENT_3D('',#5669,#4555,#4556);
#4041=AXIS2_PLACEMENT_3D('',#5675,#4560,#4561);
#4042=AXIS2_PLACEMENT_3D('',#5684,#4566,#4567);
#4043=AXIS2_PLACEMENT_3D('',#5690,#4571,#4572);
#4044=AXIS2_PLACEMENT_3D('',#5691,#4573,#4574);
#4045=AXIS2_PLACEMENT_3D('',#5692,#4575,#4576);
#4046=AXIS2_PLACEMENT_3D('',#5693,#4577,#4578);
#4047=AXIS2_PLACEMENT_3D('',#5694,#4579,#4580);
#4048=AXIS2_PLACEMENT_3D('',#5695,#4581,#4582);
#4049=AXIS2_PLACEMENT_3D('',#5696,#4583,#4584);
#4050=AXIS2_PLACEMENT_3D('',#5697,#4585,#4586);
#4051=AXIS2_PLACEMENT_3D('',#5698,#4587,#4588);
#4052=AXIS2_PLACEMENT_3D('',#5699,#4589,#4590);
#4053=AXIS2_PLACEMENT_3D('',#5700,#4591,#4592);
#4054=AXIS2_PLACEMENT_3D('',#5701,#4593,#4594);
#4055=AXIS2_PLACEMENT_3D('',#5702,#4595,#4596);
#4056=AXIS2_PLACEMENT_3D('',#5703,#4597,#4598);
#4057=AXIS2_PLACEMENT_3D('',#5704,#4599,#4600);
#4058=AXIS2_PLACEMENT_3D('',#5705,#4601,#4602);
#4059=AXIS2_PLACEMENT_3D('',#5706,#4603,#4604);
#4060=AXIS2_PLACEMENT_3D('',#5707,#4605,#4606);
#4061=AXIS2_PLACEMENT_3D('',#5708,#4607,#4608);
#4062=AXIS2_PLACEMENT_3D('',#5712,#4610,#4611);
#4063=AXIS2_PLACEMENT_3D('',#5716,#4613,#4614);
#4064=AXIS2_PLACEMENT_3D('',#5717,#4615,#4616);
#4065=AXIS2_PLACEMENT_3D('',#5733,#4624,#4625);
#4066=AXIS2_PLACEMENT_3D('',#5742,#4630,#4631);
#4067=AXIS2_PLACEMENT_3D('',#5751,#4636,#4637);
#4068=AXIS2_PLACEMENT_3D('',#5761,#4642,#4643);
#4069=AXIS2_PLACEMENT_3D('',#5762,#4644,#4645);
#4070=AXIS2_PLACEMENT_3D('',#5763,#4646,#4647);
#4071=AXIS2_PLACEMENT_3D('',#5765,#4648,#4649);
#4072=AXIS2_PLACEMENT_3D('',#5770,#4651,#4652);
#4073=AXIS2_PLACEMENT_3D('',#5774,#4654,#4655);
#4074=AXIS2_PLACEMENT_3D('',#5775,#4656,#4657);
#4075=AXIS2_PLACEMENT_3D('',#5780,#4659,#4660);
#4076=AXIS2_PLACEMENT_3D('',#5783,#4662,#4663);
#4077=AXIS2_PLACEMENT_3D('',#5794,#4668,#4669);
#4078=AXIS2_PLACEMENT_3D('',#5822,#4683,#4684);
#4079=AXIS2_PLACEMENT_3D('',#5838,#4693,#4694);
#4080=AXIS2_PLACEMENT_3D('',#5839,#4695,#4696);
#4081=AXIS2_PLACEMENT_3D('',#5844,#4698,#4699);
#4082=AXIS2_PLACEMENT_3D('',#5847,#4701,#4702);
#4083=AXIS2_PLACEMENT_3D('',#5863,#4710,#4711);
#4084=AXIS2_PLACEMENT_3D('',#5876,#4718,#4719);
#4085=AXIS2_PLACEMENT_3D('',#5886,#4725,#4726);
#4086=AXIS2_PLACEMENT_3D('',#5888,#4728,#4729);
#4087=AXIS2_PLACEMENT_3D('',#5891,#4731,#4732);
#4088=AXIS2_PLACEMENT_3D('',#5900,#4737,#4738);
#4089=AXIS2_PLACEMENT_3D('',#5909,#4743,#4744);
#4090=AXIS2_PLACEMENT_3D('',#5918,#4749,#4750);
#4091=AXIS2_PLACEMENT_3D('',#5922,#4752,#4753);
#4092=AXIS2_PLACEMENT_3D('',#5926,#4755,#4756);
#4093=AXIS2_PLACEMENT_3D('',#5927,#4757,#4758);
#4094=AXIS2_PLACEMENT_3D('',#5933,#4762,#4763);
#4095=AXIS2_PLACEMENT_3D('',#5942,#4768,#4769);
#4096=AXIS2_PLACEMENT_3D('',#5945,#4772,#4773);
#4097=AXIS2_PLACEMENT_3D('',#5960,#4779,#4780);
#4098=AXIS2_PLACEMENT_3D('',#5961,#4781,#4782);
#4099=AXIS2_PLACEMENT_3D('',#5965,#4784,#4785);
#4100=AXIS2_PLACEMENT_3D('',#5966,#4786,#4787);
#4101=AXIS2_PLACEMENT_3D('',#5972,#4791,#4792);
#4102=AXIS2_PLACEMENT_3D('',#5981,#4797,#4798);
#4103=AXIS2_PLACEMENT_3D('',#5984,#4801,#4802);
#4104=AXIS2_PLACEMENT_3D('',#5986,#4804,#4805);
#4105=AXIS2_PLACEMENT_3D('',#5989,#4808,#4809);
#4106=AXIS2_PLACEMENT_3D('',#5991,#4811,#4812);
#4107=AXIS2_PLACEMENT_3D('',#5992,#4813,#4814);
#4108=AXIS2_PLACEMENT_3D('',#5995,#4816,#4817);
#4109=AXIS2_PLACEMENT_3D('',#6020,#4830,#4831);
#4110=AXIS2_PLACEMENT_3D('',#6033,#4836,#4837);
#4111=AXIS2_PLACEMENT_3D('',#6039,#4841,#4842);
#4112=AXIS2_PLACEMENT_3D('',#6042,#4845,#4846);
#4113=AXIS2_PLACEMENT_3D('',#6050,#4851,#4852);
#4114=AXIS2_PLACEMENT_3D('',#6056,#4856,#4857);
#4115=AXIS2_PLACEMENT_3D('',#6064,#4862,#4863);
#4116=AXIS2_PLACEMENT_3D('',#6073,#4868,#4869);
#4117=AXIS2_PLACEMENT_3D('',#6078,#4873,#4874);
#4118=AXIS2_PLACEMENT_3D('',#6086,#4879,#4880);
#4119=AXIS2_PLACEMENT_3D('',#6087,#4881,#4882);
#4120=AXIS2_PLACEMENT_3D('',#6089,#4883,#4884);
#4121=AXIS2_PLACEMENT_3D('',#6091,#4885,#4886);
#4122=AXIS2_PLACEMENT_3D('',#6092,#4887,#4888);
#4123=AXIS2_PLACEMENT_3D('',#6094,#4889,#4890);
#4124=AXIS2_PLACEMENT_3D('',#6120,#4904,#4905);
#4125=AXIS2_PLACEMENT_3D('',#6121,#4906,#4907);
#4126=AXIS2_PLACEMENT_3D('',#6127,#4911,#4912);
#4127=AXIS2_PLACEMENT_3D('',#6128,#4913,#4914);
#4128=AXIS2_PLACEMENT_3D('',#6131,#4916,#4917);
#4129=AXIS2_PLACEMENT_3D('',#6132,#4918,#4919);
#4130=AXIS2_PLACEMENT_3D('',#6133,#4920,#4921);
#4131=AXIS2_PLACEMENT_3D('',#6134,#4922,#4923);
#4132=AXIS2_PLACEMENT_3D('',#6135,#4924,#4925);
#4133=AXIS2_PLACEMENT_3D('',#6138,#4927,#4928);
#4134=AXIS2_PLACEMENT_3D('',#6139,#4929,#4930);
#4135=AXIS2_PLACEMENT_3D('',#6143,#4933,#4934);
#4136=AXIS2_PLACEMENT_3D('',#6147,#4937,#4938);
#4137=AXIS2_PLACEMENT_3D('',#6148,#4939,#4940);
#4138=AXIS2_PLACEMENT_3D('',#6149,#4941,#4942);
#4139=AXIS2_PLACEMENT_3D('',#6150,#4943,#4944);
#4140=AXIS2_PLACEMENT_3D('',#6154,#4947,#4948);
#4141=AXIS2_PLACEMENT_3D('',#6158,#4950,#4951);
#4142=AXIS2_PLACEMENT_3D('',#6159,#4952,#4953);
#4143=AXIS2_PLACEMENT_3D('',#6160,#4954,#4955);
#4144=AXIS2_PLACEMENT_3D('',#6166,#4959,#4960);
#4145=AXIS2_PLACEMENT_3D('',#6167,#4961,#4962);
#4146=AXIS2_PLACEMENT_3D('',#6170,#4964,#4965);
#4147=AXIS2_PLACEMENT_3D('',#6171,#4966,#4967);
#4148=AXIS2_PLACEMENT_3D('',#6172,#4968,#4969);
#4149=AXIS2_PLACEMENT_3D('',#6173,#4970,#4971);
#4150=AXIS2_PLACEMENT_3D('',#6174,#4972,#4973);
#4151=AXIS2_PLACEMENT_3D('',#6175,#4974,#4975);
#4152=AXIS2_PLACEMENT_3D('',#6177,#4976,#4977);
#4153=AXIS2_PLACEMENT_3D('',#6178,#4978,#4979);
#4154=AXIS2_PLACEMENT_3D('',#6179,#4980,#4981);
#4155=AXIS2_PLACEMENT_3D('',#6180,#4982,#4983);
#4156=AXIS2_PLACEMENT_3D('',#6181,#4984,#4985);
#4157=AXIS2_PLACEMENT_3D('',#6183,#4986,#4987);
#4158=AXIS2_PLACEMENT_3D('',#6184,#4988,#4989);
#4159=AXIS2_PLACEMENT_3D('',#6185,#4990,#4991);
#4160=AXIS2_PLACEMENT_3D('',#6191,#4995,#4996);
#4161=AXIS2_PLACEMENT_3D('',#6195,#4999,#5000);
#4162=AXIS2_PLACEMENT_3D('',#6196,#5001,#5002);
#4163=AXIS2_PLACEMENT_3D('',#6197,#5003,#5004);
#4164=AXIS2_PLACEMENT_3D('',#6201,#5007,#5008);
#4165=AXIS2_PLACEMENT_3D('',#6202,#5009,#5010);
#4166=AXIS2_PLACEMENT_3D('',#6203,#5011,#5012);
#4167=AXIS2_PLACEMENT_3D('',#6204,#5013,#5014);
#4168=AXIS2_PLACEMENT_3D('',#6205,#5015,#5016);
#4169=AXIS2_PLACEMENT_3D('',#6230,#5029,#5030);
#4170=AXIS2_PLACEMENT_3D('',#6237,#5035,#5036);
#4171=AXIS2_PLACEMENT_3D('',#6240,#5039,#5040);
#4172=AXIS2_PLACEMENT_3D('',#6244,#5043,#5044);
#4173=AXIS2_PLACEMENT_3D('',#6248,#5047,#5048);
#4174=AXIS2_PLACEMENT_3D('',#6255,#5053,#5054);
#4175=AXIS2_PLACEMENT_3D('',#6257,#5056,#5057);
#4176=AXIS2_PLACEMENT_3D('',#6261,#5060,#5061);
#4177=AXIS2_PLACEMENT_3D('',#6266,#5065,#5066);
#4178=AXIS2_PLACEMENT_3D('',#6268,#5068,#5069);
#4179=AXIS2_PLACEMENT_3D('',#6270,#5071,#5072);
#4180=AXIS2_PLACEMENT_3D('',#6271,#5073,#5074);
#4181=AXIS2_PLACEMENT_3D('',#6272,#5075,#5076);
#4182=AXIS2_PLACEMENT_3D('',#6277,#5080,#5081);
#4183=AXIS2_PLACEMENT_3D('',#6290,#5089,#5090);
#4184=AXIS2_PLACEMENT_3D('',#6293,#5093,#5094);
#4185=AXIS2_PLACEMENT_3D('',#6296,#5097,#5098);
#4186=AXIS2_PLACEMENT_3D('',#6302,#5102,#5103);
#4187=AXIS2_PLACEMENT_3D('',#6305,#5106,#5107);
#4188=AXIS2_PLACEMENT_3D('',#6311,#5111,#5112);
#4189=AXIS2_PLACEMENT_3D('',#6314,#5115,#5116);
#4190=AXIS2_PLACEMENT_3D('',#6317,#5119,#5120);
#4191=AXIS2_PLACEMENT_3D('',#6326,#5125,#5126);
#4192=AXIS2_PLACEMENT_3D('',#6327,#5127,#5128);
#4193=AXIS2_PLACEMENT_3D('',#6331,#5130,#5131);
#4194=AXIS2_PLACEMENT_3D('',#6332,#5132,#5133);
#4195=AXIS2_PLACEMENT_3D('',#6338,#5137,#5138);
#4196=AXIS2_PLACEMENT_3D('',#6339,#5139,#5140);
#4197=AXIS2_PLACEMENT_3D('',#6340,#5141,#5142);
#4198=AXIS2_PLACEMENT_3D('',#6341,#5143,#5144);
#4199=AXIS2_PLACEMENT_3D('',#6350,#5149,#5150);
#4200=AXIS2_PLACEMENT_3D('',#6351,#5151,#5152);
#4201=AXIS2_PLACEMENT_3D('',#6355,#5154,#5155);
#4202=AXIS2_PLACEMENT_3D('',#6356,#5156,#5157);
#4203=AXIS2_PLACEMENT_3D('',#6362,#5161,#5162);
#4204=AXIS2_PLACEMENT_3D('',#6363,#5163,#5164);
#4205=AXIS2_PLACEMENT_3D('',#6364,#5165,#5166);
#4206=AXIS2_PLACEMENT_3D('',#6365,#5167,#5168);
#4207=AXIS2_PLACEMENT_3D('',#6366,#5169,#5170);
#4208=AXIS2_PLACEMENT_3D('',#6367,#5171,#5172);
#4209=AXIS2_PLACEMENT_3D('',#6368,#5173,#5174);
#4210=AXIS2_PLACEMENT_3D('',#6369,#5175,#5176);
#4211=AXIS2_PLACEMENT_3D('',#6371,#5177,#5178);
#4212=AXIS2_PLACEMENT_3D('',#6372,#5179,#5180);
#4213=AXIS2_PLACEMENT_3D('',#6373,#5181,#5182);
#4214=AXIS2_PLACEMENT_3D('',#6374,#5183,#5184);
#4215=AXIS2_PLACEMENT_3D('',#6375,#5185,#5186);
#4216=AXIS2_PLACEMENT_3D('',#6377,#5187,#5188);
#4217=AXIS2_PLACEMENT_3D('',#6379,#5190,#5191);
#4218=AXIS2_PLACEMENT_3D('',#6381,#5193,#5194);
#4219=AXIS2_PLACEMENT_3D('',#6383,#5196,#5197);
#4220=AXIS2_PLACEMENT_3D('',#6385,#5199,#5200);
#4221=AXIS2_PLACEMENT_3D('',#6386,#5201,#5202);
#4222=AXIS2_PLACEMENT_3D('',#6388,#5204,#5205);
#4223=AXIS2_PLACEMENT_3D('',#6390,#5207,#5208);
#4224=AXIS2_PLACEMENT_3D('',#6392,#5210,#5211);
#4225=AXIS2_PLACEMENT_3D('',#6394,#5213,#5214);
#4226=AXIS2_PLACEMENT_3D('',#6395,#5215,#5216);
#4227=AXIS2_PLACEMENT_3D('',#6396,#5217,#5218);
#4228=AXIS2_PLACEMENT_3D('',#6397,#5219,#5220);
#4229=AXIS2_PLACEMENT_3D('',#6400,#5223,#5224);
#4230=AXIS2_PLACEMENT_3D('',#6402,#5226,#5227);
#4231=AXIS2_PLACEMENT_3D('',#6404,#5229,#5230);
#4232=AXIS2_PLACEMENT_3D('',#6405,#5231,#5232);
#4233=AXIS2_PLACEMENT_3D('',#6408,#5235,#5236);
#4234=AXIS2_PLACEMENT_3D('',#6410,#5238,#5239);
#4235=AXIS2_PLACEMENT_3D('',#6412,#5241,#5242);
#4236=AXIS2_PLACEMENT_3D('',#6413,#5243,#5244);
#4237=AXIS2_PLACEMENT_3D('',#6416,#5247,#5248);
#4238=AXIS2_PLACEMENT_3D('',#6418,#5250,#5251);
#4239=AXIS2_PLACEMENT_3D('',#6420,#5253,#5254);
#4240=AXIS2_PLACEMENT_3D('',#6421,#5255,#5256);
#4241=AXIS2_PLACEMENT_3D('',#6424,#5259,#5260);
#4242=AXIS2_PLACEMENT_3D('',#6426,#5262,#5263);
#4243=AXIS2_PLACEMENT_3D('',#6428,#5265,#5266);
#4244=AXIS2_PLACEMENT_3D('',#6429,#5267,#5268);
#4245=AXIS2_PLACEMENT_3D('',#6431,#5270,#5271);
#4246=AXIS2_PLACEMENT_3D('',#6433,#5273,#5274);
#4247=AXIS2_PLACEMENT_3D('',#6435,#5276,#5277);
#4248=AXIS2_PLACEMENT_3D('',#6437,#5279,#5280);
#4249=AXIS2_PLACEMENT_3D('',#6439,#5282,#5283);
#4250=AXIS2_PLACEMENT_3D('',#6441,#5285,#5286);
#4251=AXIS2_PLACEMENT_3D('',#6443,#5288,#5289);
#4252=AXIS2_PLACEMENT_3D('',#6445,#5291,#5292);
#4253=AXIS2_PLACEMENT_3D('',#6446,#5293,#5294);
#4254=AXIS2_PLACEMENT_3D('',#6447,#5295,#5296);
#4255=AXIS2_PLACEMENT_3D('',#6450,#5299,#5300);
#4256=AXIS2_PLACEMENT_3D('',#6452,#5302,#5303);
#4257=AXIS2_PLACEMENT_3D('',#6454,#5305,#5306);
#4258=AXIS2_PLACEMENT_3D('',#6455,#5307,#5308);
#4259=AXIS2_PLACEMENT_3D('',#6458,#5311,#5312);
#4260=AXIS2_PLACEMENT_3D('',#6460,#5314,#5315);
#4261=AXIS2_PLACEMENT_3D('',#6462,#5317,#5318);
#4262=AXIS2_PLACEMENT_3D('',#6464,#5320,#5321);
#4263=AXIS2_PLACEMENT_3D('',#6466,#5323,#5324);
#4264=AXIS2_PLACEMENT_3D('',#6468,#5326,#5327);
#4265=AXIS2_PLACEMENT_3D('',#6470,#5329,#5330);
#4266=AXIS2_PLACEMENT_3D('',#6472,#5332,#5333);
#4267=AXIS2_PLACEMENT_3D('',#6474,#5335,#5336);
#4268=AXIS2_PLACEMENT_3D('',#6476,#5338,#5339);
#4269=AXIS2_PLACEMENT_3D('',#6478,#5341,#5342);
#4270=AXIS2_PLACEMENT_3D('',#6479,#5343,#5344);
#4271=AXIS2_PLACEMENT_3D('',#6481,#5346,#5347);
#4272=AXIS2_PLACEMENT_3D('',#6482,#5348,#5349);
#4273=AXIS2_PLACEMENT_3D('',#6484,#5351,#5352);
#4274=AXIS2_PLACEMENT_3D('',#6485,#5353,#5354);
#4275=AXIS2_PLACEMENT_3D('',#6487,#5356,#5357);
#4276=AXIS2_PLACEMENT_3D('',#6489,#5359,#5360);
#4277=AXIS2_PLACEMENT_3D('',#6491,#5362,#5363);
#4278=AXIS2_PLACEMENT_3D('',#6493,#5365,#5366);
#4279=AXIS2_PLACEMENT_3D('',#6495,#5368,#5369);
#4280=AXIS2_PLACEMENT_3D('',#6496,#5370,#5371);
#4281=AXIS2_PLACEMENT_3D('',#6498,#5373,#5374);
#4282=AXIS2_PLACEMENT_3D('',#6500,#5376,#5377);
#4283=AXIS2_PLACEMENT_3D('',#6502,#5379,#5380);
#4284=AXIS2_PLACEMENT_3D('',#6504,#5382,#5383);
#4285=AXIS2_PLACEMENT_3D('',#6506,#5385,#5386);
#4286=DIRECTION('',(0.,0.,1.));
#4287=DIRECTION('',(1.,0.,0.));
#4288=DIRECTION('',(1.,1.43011283108337E-15,2.22044624924763E-16));
#4289=DIRECTION('',(1.43011283108337E-15,-1.,1.02136153772444E-16));
#4290=DIRECTION('',(1.43011283108337E-15,-1.,1.02136153772444E-16));
#4291=DIRECTION('',(-2.22044624924763E-16,1.02136153772444E-16,1.));
#4292=DIRECTION('',(-2.22044624924763E-16,1.02136153772444E-16,1.));
#4293=DIRECTION('',(1.43011283108337E-15,-1.,1.02136153772444E-16));
#4294=DIRECTION('',(2.22044624924763E-16,-1.02136153772444E-16,-1.));
#4295=DIRECTION('',(1.,1.43011283108337E-15,2.22044624924763E-16));
#4296=DIRECTION('',(1.43011283108337E-15,-1.,1.02136153772444E-16));
#4297=DIRECTION('',(1.43011283108337E-15,-1.,1.02136153772444E-16));
#4298=DIRECTION('',(1.43011283108337E-15,-1.,1.02136153772444E-16));
#4299=DIRECTION('',(-2.22044624924763E-16,1.02136153772444E-16,1.));
#4300=DIRECTION('',(-2.22044624924763E-16,1.02136153772444E-16,1.));
#4301=DIRECTION('',(1.,1.43011283108337E-15,2.22044624924763E-16));
#4302=DIRECTION('',(1.43011283108337E-15,-1.,1.02136153772444E-16));
#4303=DIRECTION('',(1.43011283108337E-15,-1.,1.02136153772444E-16));
#4304=DIRECTION('',(-2.22044624924763E-16,1.02136153772444E-16,1.));
#4305=DIRECTION('',(-2.22044624924763E-16,1.02136153772444E-16,1.));
#4306=DIRECTION('',(1.43011283108337E-15,-1.,1.02136153772444E-16));
#4307=DIRECTION('',(2.22044624924763E-16,-1.02136153772444E-16,-1.));
#4308=DIRECTION('',(1.,1.43011283108337E-15,2.22044624924763E-16));
#4309=DIRECTION('',(1.43011283108337E-15,-1.,1.02136153772444E-16));
#4310=DIRECTION('',(1.43011283108337E-15,-1.,1.02136153772444E-16));
#4311=DIRECTION('',(1.43011283108337E-15,-1.,1.02136153772444E-16));
#4312=DIRECTION('',(-2.22044624924763E-16,1.02136153772444E-16,1.));
#4313=DIRECTION('',(-2.22044624924763E-16,1.02136153772444E-16,1.));
#4314=DIRECTION('',(1.,1.43011283108337E-15,2.22044624924763E-16));
#4315=DIRECTION('',(1.43011283108337E-15,-1.,1.02136153772444E-16));
#4316=DIRECTION('',(-1.43011283108337E-15,1.,-1.02136153772444E-16));
#4317=DIRECTION('',(2.22044624924763E-16,-1.74926636756069E-16,-1.));
#4318=DIRECTION('',(-1.43011283108337E-15,1.,-1.02136153772444E-16));
#4319=DIRECTION('',(-1.43011283108337E-15,1.,-1.02136153772444E-16));
#4320=DIRECTION('',(1.,1.43011283108337E-15,2.22044624924763E-16));
#4321=DIRECTION('',(1.,1.43011283108337E-15,2.22044624924763E-16));
#4322=DIRECTION('',(1.,1.43011283108337E-15,2.22044624924763E-16));
#4323=DIRECTION('',(2.22044624924763E-16,-1.02136153772444E-16,-1.));
#4324=DIRECTION('',(-1.43011283108337E-15,1.,-1.02136153772444E-16));
#4325=DIRECTION('',(1.,1.43011283108337E-15,2.22044624924763E-16));
#4326=DIRECTION('',(1.,1.43011283108337E-15,2.22044624924763E-16));
#4327=DIRECTION('',(1.,1.43011283108337E-15,2.22044624924763E-16));
#4328=DIRECTION('',(1.,1.43011283108337E-15,2.22044624924763E-16));
#4329=DIRECTION('',(1.43011283108337E-15,-1.,1.02136153772444E-16));
#4330=DIRECTION('',(-1.43011283108337E-15,1.,-1.02136153772444E-16));
#4331=DIRECTION('',(-1.43011283108337E-15,1.,-1.02136153772444E-16));
#4332=DIRECTION('',(-2.22044624924764E-16,1.74926636756068E-16,1.));
#4333=DIRECTION('',(-1.43011283108337E-15,1.,-1.02136153772444E-16));
#4334=DIRECTION('',(1.,1.43011283108337E-15,2.22044624924763E-16));
#4335=DIRECTION('',(1.,1.43011283108337E-15,2.22044624924763E-16));
#4336=DIRECTION('',(2.22044624924763E-16,-1.02136153772444E-16,-1.));
#4337=DIRECTION('',(1.,1.43011283108337E-15,2.22044624924763E-16));
#4338=DIRECTION('',(1.,1.43011283108337E-15,2.22044624924763E-16));
#4339=DIRECTION('',(1.43011283108337E-15,-1.,1.02136153772444E-16));
#4340=DIRECTION('',(-1.43011283108337E-15,1.,-1.02136153772444E-16));
#4341=DIRECTION('',(-1.43011283108337E-15,1.,-1.02136153772444E-16));
#4342=DIRECTION('',(2.22044624924763E-16,-1.02136153772444E-16,-1.));
#4343=DIRECTION('',(1.,1.43011283108337E-15,2.22044624924763E-16));
#4344=DIRECTION('',(1.43011283108337E-15,-1.,1.02136153772444E-16));
#4345=DIRECTION('',(-1.43011283108337E-15,1.,-1.02136153772444E-16));
#4346=DIRECTION('',(2.22044624924763E-16,-1.02136153772444E-16,-1.));
#4347=DIRECTION('',(-1.43011283108337E-15,1.,-1.02136153772444E-16));
#4348=DIRECTION('',(-1.43011283108337E-15,1.,-1.02136153772444E-16));
#4349=DIRECTION('',(1.,1.43011283108337E-15,2.22044624924763E-16));
#4350=DIRECTION('',(1.,1.43011283108337E-15,2.22044624924763E-16));
#4351=DIRECTION('',(1.,1.43011283108337E-15,2.22044624924763E-16));
#4352=DIRECTION('',(2.22044624924763E-16,-1.02136153772444E-16,-1.));
#4353=DIRECTION('',(1.,1.43011283108337E-15,2.22044624924763E-16));
#4354=DIRECTION('',(3.33066907380573E-15,-1.,1.02136153772444E-16));
#4355=DIRECTION('',(1.,1.43011283108337E-15,2.22044624924763E-16));
#4356=DIRECTION('',(1.,1.43011283108337E-15,2.22044624924763E-16));
#4357=DIRECTION('',(2.22044624924763E-16,-1.02136153772444E-16,-1.));
#4358=DIRECTION('',(1.,1.43011283108337E-15,2.22044624924763E-16));
#4359=DIRECTION('',(1.,1.43011283108337E-15,2.22044624924763E-16));
#4360=DIRECTION('',(2.22044624924763E-16,-1.02136153772444E-16,-1.));
#4361=DIRECTION('',(-1.,0.,-2.22044624924763E-16));
#4362=DIRECTION('',(8.04911692853237E-16,-1.,1.02136153772444E-16));
#4363=DIRECTION('',(2.22044624924763E-16,-1.02136153772444E-16,-1.));
#4364=DIRECTION('',(-1.,0.,-2.22044624924763E-16));
#4365=DIRECTION('',(1.,1.43011283108337E-15,2.22044624924763E-16));
#4366=DIRECTION('',(2.22044624924763E-16,-1.02136153772444E-16,-1.));
#4367=DIRECTION('',(1.,1.43011283108337E-15,2.22044624924763E-16));
#4368=DIRECTION('',(2.22044624924763E-16,-1.02136153772444E-16,-1.));
#4369=DIRECTION('',(-1.,0.,-2.22044624924763E-16));
#4370=DIRECTION('',(2.22044624924763E-16,-1.02136153772444E-16,-1.));
#4371=DIRECTION('',(1.,1.43011283108337E-15,2.22044624924763E-16));
#4372=DIRECTION('',(2.22044624924763E-16,-1.02136153772444E-16,-1.));
#4373=DIRECTION('',(-1.,0.,-2.22044624924763E-16));
#4374=DIRECTION('',(2.22044624924763E-16,-1.02136153772444E-16,-1.));
#4375=DIRECTION('',(1.,1.43011283108337E-15,2.22044624924763E-16));
#4376=DIRECTION('',(2.22044624924763E-16,-1.02136153772444E-16,-1.));
#4377=DIRECTION('',(-1.,0.,-2.22044624924763E-16));
#4378=DIRECTION('',(0.866025403784439,0.5,1.4122820907241E-16));
#4379=DIRECTION('',(2.22044624924763E-16,-1.02136153772444E-16,-1.));
#4380=DIRECTION('',(-1.,0.,-2.22044624924763E-16));
#4381=DIRECTION('',(2.22044624924763E-16,-1.02136153772444E-16,-1.));
#4382=DIRECTION('',(1.,1.43011283108337E-15,2.22044624924763E-16));
#4383=DIRECTION('',(2.22044624924763E-16,-1.02136153772444E-16,-1.));
#4384=DIRECTION('',(-1.,0.,-2.22044624924763E-16));
#4385=DIRECTION('',(2.22044624924763E-16,-1.02136153772444E-16,-1.));
#4386=DIRECTION('',(1.,1.43011283108337E-15,2.22044624924763E-16));
#4387=DIRECTION('',(2.22044624924763E-16,-1.02136153772444E-16,-1.));
#4388=DIRECTION('',(-1.,0.,-2.22044624924763E-16));
#4389=DIRECTION('',(2.22044624924763E-16,-1.02136153772444E-16,-1.));
#4390=DIRECTION('',(-1.,0.,-2.22044624924763E-16));
#4391=DIRECTION('',(-0.866025403784439,0.5,-2.43364362844854E-16));
#4392=DIRECTION('',(2.22044624924763E-16,-1.02136153772444E-16,-1.));
#4393=DIRECTION('',(1.,1.43011283108337E-15,2.22044624924763E-16));
#4394=DIRECTION('',(-0.866025403784439,0.5,-2.43364362844854E-16));
#4395=DIRECTION('',(2.22044624924763E-16,-1.02136153772444E-16,-1.));
#4396=DIRECTION('',(-1.,0.,-2.22044624924763E-16));
#4397=DIRECTION('',(2.22044624924763E-16,-1.02136153772444E-16,-1.));
#4398=DIRECTION('',(1.,1.43011283108337E-15,2.22044624924763E-16));
#4399=DIRECTION('',(2.22044624924763E-16,-1.02136153772444E-16,-1.));
#4400=DIRECTION('',(-1.,0.,-2.22044624924763E-16));
#4401=DIRECTION('',(2.22044624924763E-16,-1.02136153772444E-16,-1.));
#4402=DIRECTION('',(1.,1.43011283108337E-15,2.22044624924763E-16));
#4403=DIRECTION('',(3.33066907380573E-15,-1.,1.02136153772444E-16));
#4404=DIRECTION('',(1.,7.97972798840426E-16,2.22044624924763E-16));
#4405=DIRECTION('',(2.22044624924763E-16,-1.02136153772444E-16,-1.));
#4406=DIRECTION('',(-1.,0.,-2.22044624924763E-16));
#4407=DIRECTION('',(2.22044624924763E-16,-1.02136153772444E-16,-1.));
#4408=DIRECTION('',(1.,1.43011283108337E-15,2.22044624924763E-16));
#4409=DIRECTION('',(2.22044624924763E-16,-1.02136153772444E-16,-1.));
#4410=DIRECTION('',(-1.,0.,-2.22044624924763E-16));
#4411=DIRECTION('',(-1.,-7.97972798840426E-16,-2.22044624924763E-16));
#4412=DIRECTION('',(3.33066907380573E-15,-1.,1.02136153772444E-16));
#4413=DIRECTION('',(-2.22044624924764E-16,1.74926636756068E-16,1.));
#4414=DIRECTION('',(0.0389192071636384,-0.999242360648183,-1.11175803672468E-16));
#4415=DIRECTION('',(3.15544362088405E-30,-2.95822839457879E-31,1.));
#4416=DIRECTION('',(2.22044624924763E-16,-1.02136153772444E-16,-1.));
#4417=DIRECTION('',(-1.,0.,-2.22044624924763E-16));
#4418=DIRECTION('',(-2.22044624924764E-16,1.74926636756068E-16,1.));
#4419=DIRECTION('',(2.22044624924763E-16,-1.02136153772444E-16,-1.));
#4420=DIRECTION('',(0.0389192071636368,0.999242360648183,1.28459403629758E-16));
#4421=DIRECTION('',(2.22044624924763E-16,-1.02136153772444E-16,-1.));
#4422=DIRECTION('',(2.22044624924763E-16,-1.02136153772444E-16,-1.));
#4423=DIRECTION('',(-1.,0.,-2.22044624924763E-16));
#4424=DIRECTION('',(-2.22044624924763E-16,1.02136153772444E-16,1.));
#4425=DIRECTION('',(2.22044624924763E-16,-1.02136153772444E-16,-1.));
#4426=DIRECTION('',(0.313662477245279,-0.949534544062698,1.66628873317535E-16));
#4427=DIRECTION('',(2.22044624924763E-16,-1.02136153772444E-16,-1.));
#4428=DIRECTION('',(2.22044624924763E-16,-1.02136153772444E-16,-1.));
#4429=DIRECTION('',(-1.,0.,-2.22044624924763E-16));
#4430=DIRECTION('',(7.97972798840426E-16,-1.,1.74926636756069E-16));
#4431=DIRECTION('',(-2.22044624924764E-16,1.74926636756068E-16,1.));
#4432=DIRECTION('',(1.,7.97972798840426E-16,2.22044624924763E-16));
#4433=DIRECTION('',(-2.90289306331501E-15,1.74926636756067E-16,1.));
#4434=DIRECTION('',(-2.22044624924764E-16,1.74926636756068E-16,1.));
#4435=DIRECTION('',(-7.97972798840426E-16,1.,-1.02136153772445E-16));
#4436=DIRECTION('',(2.22044624924763E-16,-1.02136153772444E-16,-1.));
#4437=DIRECTION('',(2.90289306331501E-15,-1.02136153772442E-16,-1.));
#4438=DIRECTION('',(-1.,-7.97972798840426E-16,-2.22044624924763E-16));
#4439=DIRECTION('',(-0.5,-0.86602540378444,-2.25698086506106E-17));
#4440=DIRECTION('',(-0.86602540378444,0.5,-2.43364362844854E-16));
#4441=DIRECTION('',(-0.866025403784439,0.5,-2.43364362844854E-16));
#4442=DIRECTION('',(3.15544362088405E-30,-2.95822839457879E-31,1.));
#4443=DIRECTION('',(-2.22044624924764E-16,1.74926636756068E-16,1.));
#4444=DIRECTION('',(0.313662477245282,0.949534544062696,-9.64518171636941E-17));
#4445=DIRECTION('',(2.22044624924763E-16,-1.02136153772444E-16,-1.));
#4446=DIRECTION('',(-1.,0.,-2.22044624924763E-16));
#4447=DIRECTION('',(-1.,1.22464679914735E-16,-7.66395743950056E-28));
#4448=DIRECTION('',(1.22464679914735E-16,1.,-6.28386231937838E-12));
#4449=DIRECTION('',(1.22464679914735E-16,1.,-6.28386231937838E-12));
#4450=DIRECTION('',(-3.15544362088405E-30,-6.28386231937838E-12,-1.));
#4451=DIRECTION('',(1.22464679914735E-16,1.,-6.28386231937838E-12));
#4452=DIRECTION('',(3.15544362088405E-30,6.28386231937838E-12,1.));
#4453=DIRECTION('',(-1.,1.22464679914735E-16,-7.66395743950056E-28));
#4454=DIRECTION('',(1.22464679914735E-16,1.,-6.28386231937838E-12));
#4455=DIRECTION('',(1.22464679914735E-16,1.,-6.28386231937838E-12));
#4456=DIRECTION('',(3.15544362088405E-30,6.28386231937838E-12,1.));
#4457=DIRECTION('',(1.22464679914735E-16,1.,-6.28386231937838E-12));
#4458=DIRECTION('',(1.,-1.98283732701961E-41,-3.15544362088405E-30));
#4459=DIRECTION('',(0.,-1.,6.28386231937838E-12));
#4460=DIRECTION('',(0.,-1.,6.28386231937838E-12));
#4461=DIRECTION('',(-3.15544362088405E-30,-6.28386231937838E-12,-1.));
#4462=DIRECTION('',(0.,-1.,6.28386231937838E-12));
#4463=DIRECTION('',(3.15544362088405E-30,6.28386231937838E-12,1.));
#4464=DIRECTION('',(1.,-1.98283732701961E-41,-3.15544362088405E-30));
#4465=DIRECTION('',(0.,-1.,6.28386231937838E-12));
#4466=DIRECTION('',(0.,-1.,6.28386231937838E-12));
#4467=DIRECTION('',(3.15544362088405E-30,6.28386231937838E-12,1.));
#4468=DIRECTION('',(0.,-1.,6.28386231937838E-12));
#4469=DIRECTION('',(-1.83697019872103E-16,-1.,6.28386231937838E-12));
#4470=DIRECTION('',(-1.,1.83697019872103E-16,-1.15117133773552E-27));
#4471=DIRECTION('',(-1.,1.83697019872103E-16,-1.15117133773552E-27));
#4472=DIRECTION('',(-3.15544362088405E-30,-6.28386231937838E-12,-1.));
#4473=DIRECTION('',(-1.,1.83697019872103E-16,-1.15117133773552E-27));
#4474=DIRECTION('',(3.15544362088405E-30,6.28386231937838E-12,1.));
#4475=DIRECTION('',(-1.83697019872103E-16,-1.,6.28386231937838E-12));
#4476=DIRECTION('',(-1.,1.83697019872103E-16,-1.15117133773552E-27));
#4477=DIRECTION('',(-1.,1.83697019872103E-16,-1.15117133773552E-27));
#4478=DIRECTION('',(3.15544362088405E-30,6.28386231937838E-12,1.));
#4479=DIRECTION('',(-1.,1.83697019872103E-16,-1.15117133773552E-27));
#4480=DIRECTION('',(6.12323399573677E-17,1.,-6.28386231937838E-12));
#4481=DIRECTION('',(1.,-6.12323399573677E-17,3.81620150164586E-28));
#4482=DIRECTION('',(1.,-6.12323399573677E-17,3.81620150164586E-28));
#4483=DIRECTION('',(-3.15544362088405E-30,-6.28386231937838E-12,-1.));
#4484=DIRECTION('',(1.,-6.12323399573677E-17,3.81620150164586E-28));
#4485=DIRECTION('',(3.15544362088405E-30,6.28386231937838E-12,1.));
#4486=DIRECTION('',(6.12323399573677E-17,1.,-6.28386231937838E-12));
#4487=DIRECTION('',(1.,-6.12323399573677E-17,3.81620150164586E-28));
#4488=DIRECTION('',(1.,-6.12323399573677E-17,3.81620150164586E-28));
#4489=DIRECTION('',(3.15544362088405E-30,6.28386231937838E-12,1.));
#4490=DIRECTION('',(1.,-6.12323399573677E-17,3.81620150164586E-28));
#4491=DIRECTION('',(-3.15544362088405E-30,-6.28386231937838E-12,-1.));
#4492=DIRECTION('',(0.,1.,-6.28386231937838E-12));
#4493=DIRECTION('',(3.15544362088405E-30,6.28386231937838E-12,1.));
#4494=DIRECTION('',(0.,-1.,6.28386231937838E-12));
#4495=DIRECTION('',(3.15544362088405E-30,6.28386231937838E-12,1.));
#4496=DIRECTION('',(0.,-1.,6.28386231937838E-12));
#4497=DIRECTION('',(-3.15544362088405E-30,-6.28386231937838E-12,-1.));
#4498=DIRECTION('',(0.,1.,-6.28386231937838E-12));
#4499=DIRECTION('',(3.15544362088405E-30,6.28386231937838E-12,1.));
#4500=DIRECTION('',(0.,-1.,6.28386231937838E-12));
#4501=DIRECTION('',(3.15544362088405E-30,6.28386231937838E-12,1.));
#4502=DIRECTION('',(0.,-1.,6.28386231937838E-12));
#4503=DIRECTION('',(-3.15544362088405E-30,-6.28386231937838E-12,-1.));
#4504=DIRECTION('',(0.,1.,-6.28386231937838E-12));
#4505=DIRECTION('',(-3.15544362088405E-30,-6.28386231937838E-12,-1.));
#4506=DIRECTION('',(0.,1.,-6.28386231937838E-12));
#4507=DIRECTION('',(-3.15544362088405E-30,-6.28386231937838E-12,-1.));
#4508=DIRECTION('',(0.,1.,-6.28386231937838E-12));
#4509=DIRECTION('',(3.15544362088405E-30,6.28386231937838E-12,1.));
#4510=DIRECTION('',(0.,-1.,6.28386231937838E-12));
#4511=DIRECTION('',(3.15544362088405E-30,6.28386231937838E-12,1.));
#4512=DIRECTION('',(0.,-1.,6.28386231937838E-12));
#4513=DIRECTION('',(-3.15544362088405E-30,-6.28386231937838E-12,-1.));
#4514=DIRECTION('',(0.,1.,-6.28386231937838E-12));
#4515=DIRECTION('',(-3.15544362088405E-30,-6.28386231937838E-12,-1.));
#4516=DIRECTION('',(0.,1.,-6.28386231937838E-12));
#4517=DIRECTION('',(-3.15544362088405E-30,-6.28386231937838E-12,-1.));
#4518=DIRECTION('',(0.,1.,-6.28386231937838E-12));
#4519=DIRECTION('',(3.15544362088405E-30,6.28386231937838E-12,1.));
#4520=DIRECTION('',(0.,-1.,6.28386231937838E-12));
#4521=DIRECTION('',(3.15544362088405E-30,6.28386231937838E-12,1.));
#4522=DIRECTION('',(0.,-1.,6.28386231937838E-12));
#4523=DIRECTION('',(-3.15544362088405E-30,-6.28386231937838E-12,-1.));
#4524=DIRECTION('',(0.,1.,-6.28386231937838E-12));
#4525=DIRECTION('',(-3.15544362088405E-30,-6.28386231937838E-12,-1.));
#4526=DIRECTION('',(0.,1.,-6.28386231937838E-12));
#4527=DIRECTION('',(-1.,1.22464679914735E-16,-7.66395743950056E-28));
#4528=DIRECTION('',(1.22464679914735E-16,1.,-6.28386231937838E-12));
#4529=DIRECTION('',(1.22464679914735E-16,1.,-6.28386231937838E-12));
#4530=DIRECTION('',(-3.15544362088405E-30,-6.28386231937838E-12,-1.));
#4531=DIRECTION('',(1.22464679914735E-16,1.,-6.28386231937838E-12));
#4532=DIRECTION('',(3.15544362088405E-30,6.28386231937838E-12,1.));
#4533=DIRECTION('',(-1.,1.22464679914735E-16,-7.66395743950056E-28));
#4534=DIRECTION('',(1.22464679914735E-16,1.,-6.28386231937838E-12));
#4535=DIRECTION('',(1.22464679914735E-16,1.,-6.28386231937838E-12));
#4536=DIRECTION('',(3.15544362088405E-30,6.28386231937838E-12,1.));
#4537=DIRECTION('',(1.22464679914735E-16,1.,-6.28386231937838E-12));
#4538=DIRECTION('',(1.,-1.98283732701961E-41,-3.15544362088405E-30));
#4539=DIRECTION('',(0.,-1.,6.28386231937838E-12));
#4540=DIRECTION('',(0.,-1.,6.28386231937838E-12));
#4541=DIRECTION('',(-3.15544362088405E-30,-6.28386231937838E-12,-1.));
#4542=DIRECTION('',(0.,-1.,6.28386231937838E-12));
#4543=DIRECTION('',(3.15544362088405E-30,6.28386231937838E-12,1.));
#4544=DIRECTION('',(1.,-1.98283732701961E-41,-3.15544362088405E-30));
#4545=DIRECTION('',(0.,-1.,6.28386231937838E-12));
#4546=DIRECTION('',(0.,-1.,6.28386231937838E-12));
#4547=DIRECTION('',(3.15544362088405E-30,6.28386231937838E-12,1.));
#4548=DIRECTION('',(0.,-1.,6.28386231937838E-12));
#4549=DIRECTION('',(-1.83697019872103E-16,-1.,6.28386231937838E-12));
#4550=DIRECTION('',(-1.,1.83697019872103E-16,-1.15117133773552E-27));
#4551=DIRECTION('',(-1.,1.83697019872103E-16,-1.15117133773552E-27));
#4552=DIRECTION('',(-3.15544362088405E-30,-6.28386231937838E-12,-1.));
#4553=DIRECTION('',(-1.,1.83697019872103E-16,-1.15117133773552E-27));
#4554=DIRECTION('',(3.15544362088405E-30,6.28386231937838E-12,1.));
#4555=DIRECTION('',(-1.83697019872103E-16,-1.,6.28386231937838E-12));
#4556=DIRECTION('',(-1.,1.83697019872103E-16,-1.15117133773552E-27));
#4557=DIRECTION('',(-1.,1.83697019872103E-16,-1.15117133773552E-27));
#4558=DIRECTION('',(3.15544362088405E-30,6.28386231937838E-12,1.));
#4559=DIRECTION('',(-1.,1.83697019872103E-16,-1.15117133773552E-27));
#4560=DIRECTION('',(6.12323399573677E-17,1.,-6.28386231937838E-12));
#4561=DIRECTION('',(1.,-6.12323399573677E-17,3.81620150164586E-28));
#4562=DIRECTION('',(1.,-6.12323399573677E-17,3.81620150164586E-28));
#4563=DIRECTION('',(-3.15544362088405E-30,-6.28386231937838E-12,-1.));
#4564=DIRECTION('',(1.,-6.12323399573677E-17,3.81620150164586E-28));
#4565=DIRECTION('',(3.15544362088405E-30,6.28386231937838E-12,1.));
#4566=DIRECTION('',(6.12323399573677E-17,1.,-6.28386231937838E-12));
#4567=DIRECTION('',(1.,-6.12323399573677E-17,3.81620150164586E-28));
#4568=DIRECTION('',(1.,-6.12323399573677E-17,3.81620150164586E-28));
#4569=DIRECTION('',(3.15544362088405E-30,6.28386231937838E-12,1.));
#4570=DIRECTION('',(1.,-6.12323399573677E-17,3.81620150164586E-28));
#4571=DIRECTION('',(-3.15544362088405E-30,-6.28386231937838E-12,-1.));
#4572=DIRECTION('',(0.,1.,-6.28386231937838E-12));
#4573=DIRECTION('',(3.15544362088405E-30,6.28386231937838E-12,1.));
#4574=DIRECTION('',(0.,-1.,6.28386231937838E-12));
#4575=DIRECTION('',(3.15544362088405E-30,6.28386231937838E-12,1.));
#4576=DIRECTION('',(0.,-1.,6.28386231937838E-12));
#4577=DIRECTION('',(-3.15544362088405E-30,-6.28386231937838E-12,-1.));
#4578=DIRECTION('',(0.,1.,-6.28386231937838E-12));
#4579=DIRECTION('',(3.15544362088405E-30,6.28386231937838E-12,1.));
#4580=DIRECTION('',(0.,-1.,6.28386231937838E-12));
#4581=DIRECTION('',(3.15544362088405E-30,6.28386231937838E-12,1.));
#4582=DIRECTION('',(0.,-1.,6.28386231937838E-12));
#4583=DIRECTION('',(-3.15544362088405E-30,-6.28386231937838E-12,-1.));
#4584=DIRECTION('',(0.,1.,-6.28386231937838E-12));
#4585=DIRECTION('',(-3.15544362088405E-30,-6.28386231937838E-12,-1.));
#4586=DIRECTION('',(0.,1.,-6.28386231937838E-12));
#4587=DIRECTION('',(-3.15544362088405E-30,-6.28386231937838E-12,-1.));
#4588=DIRECTION('',(0.,1.,-6.28386231937838E-12));
#4589=DIRECTION('',(3.15544362088405E-30,6.28386231937838E-12,1.));
#4590=DIRECTION('',(0.,-1.,6.28386231937838E-12));
#4591=DIRECTION('',(3.15544362088405E-30,6.28386231937838E-12,1.));
#4592=DIRECTION('',(0.,-1.,6.28386231937838E-12));
#4593=DIRECTION('',(-3.15544362088405E-30,-6.28386231937838E-12,-1.));
#4594=DIRECTION('',(0.,1.,-6.28386231937838E-12));
#4595=DIRECTION('',(-3.15544362088405E-30,-6.28386231937838E-12,-1.));
#4596=DIRECTION('',(0.,1.,-6.28386231937838E-12));
#4597=DIRECTION('',(-3.15544362088405E-30,-6.28386231937838E-12,-1.));
#4598=DIRECTION('',(0.,1.,-6.28386231937838E-12));
#4599=DIRECTION('',(3.15544362088405E-30,6.28386231937838E-12,1.));
#4600=DIRECTION('',(0.,-1.,6.28386231937838E-12));
#4601=DIRECTION('',(3.15544362088405E-30,6.28386231937838E-12,1.));
#4602=DIRECTION('',(0.,-1.,6.28386231937838E-12));
#4603=DIRECTION('',(-3.15544362088405E-30,-6.28386231937838E-12,-1.));
#4604=DIRECTION('',(0.,1.,-6.28386231937838E-12));
#4605=DIRECTION('',(-3.15544362088405E-30,-6.28386231937838E-12,-1.));
#4606=DIRECTION('',(0.,1.,-6.28386231937838E-12));
#4607=DIRECTION('',(3.15544362088405E-30,6.28386231937838E-12,1.));
#4608=DIRECTION('',(1.,-1.98283732701961E-41,-3.15544362088405E-30));
#4609=DIRECTION('',(1.,-1.98283732701961E-41,-3.15544362088405E-30));
#4610=DIRECTION('',(3.15544362088405E-30,6.28386231937838E-12,1.));
#4611=DIRECTION('',(0.,-1.,6.28386231937838E-12));
#4612=DIRECTION('',(-1.,1.98283732701961E-41,3.15544362088405E-30));
#4613=DIRECTION('',(3.15544362088405E-30,6.28386231937838E-12,1.));
#4614=DIRECTION('',(0.,-1.,6.28386231937838E-12));
#4615=DIRECTION('',(3.15544362088405E-30,6.28386231937838E-12,1.));
#4616=DIRECTION('',(0.,-1.,6.28386231937838E-12));
#4617=DIRECTION('',(-0.707106781186547,-0.707106781186548,4.44336165807508E-12));
#4618=DIRECTION('',(1.,6.74773480510899E-16,-4.24333909191912E-27));
#4619=DIRECTION('',(0.923879532511287,0.38268343236509,-2.40473000088937E-12));
#4620=DIRECTION('',(2.78981042471594E-15,1.,-6.28386231937838E-12));
#4621=DIRECTION('',(-0.707106781186546,0.707106781186549,-4.44336165807509E-12));
#4622=DIRECTION('',(-1.,1.98283732701961E-41,3.15544362088405E-30));
#4623=DIRECTION('',(-6.28386231937838E-12,-1.,6.28386231937838E-12));
#4624=DIRECTION('',(-1.,2.78981042471584E-15,-1.53755109242253E-17));
#4625=DIRECTION('',(-1.5375510924225E-17,1.22464679916682E-16,1.));
#4626=DIRECTION('',(3.15544362088405E-30,6.28386231937838E-12,1.));
#4627=DIRECTION('',(2.78981042471584E-15,1.,0.));
#4628=DIRECTION('',(3.15544362088405E-30,6.28386231937838E-12,1.));
#4629=DIRECTION('',(-2.78981042471594E-15,-1.,6.28386231937838E-12));
#4630=DIRECTION('',(-1.,2.78981042471584E-15,-1.53755109242253E-17));
#4631=DIRECTION('',(-1.5375510924225E-17,1.22464679916682E-16,1.));
#4632=DIRECTION('',(3.15544362088405E-30,6.28386231937838E-12,1.));
#4633=DIRECTION('',(2.78981042471584E-15,1.,0.));
#4634=DIRECTION('',(3.15544362088405E-30,6.28386231937838E-12,1.));
#4635=DIRECTION('',(-2.78981042471594E-15,-1.,6.28386231937838E-12));
#4636=DIRECTION('',(-2.23123558197894E-30,0.707106781186548,-0.707106781186548));
#4637=DIRECTION('',(1.,7.89468939789787E-17,7.89468939789755E-17));
#4638=DIRECTION('',(1.,-1.57893787957954E-16,-1.57893787957957E-16));
#4639=DIRECTION('',(0.139281325327596,0.700214507281515,0.700214507281515));
#4640=DIRECTION('',(-1.,-3.15544362088405E-30,0.));
#4641=DIRECTION('',(-0.577350269189626,0.577350269189626,0.577350269189626));
#4642=DIRECTION('',(-2.23123558197894E-30,0.707106781186548,-0.707106781186548));
#4643=DIRECTION('',(-9.18985127529022E-16,-0.707106781186548,-0.707106781186548));
#4644=DIRECTION('',(0.,0.,-1.));
#4645=DIRECTION('',(1.,-2.79508228996507E-29,0.));
#4646=DIRECTION('',(0.,0.,-1.));
#4647=DIRECTION('',(-1.,0.,0.));
#4648=DIRECTION('',(0.,0.,-1.));
#4649=DIRECTION('',(-1.,0.,0.));
#4650=DIRECTION('',(1.,0.,0.));
#4651=DIRECTION('',(0.,0.,-1.));
#4652=DIRECTION('',(-1.,0.,0.));
#4653=DIRECTION('',(-1.,0.,0.));
#4654=DIRECTION('',(0.,0.,-1.));
#4655=DIRECTION('',(-1.,0.,0.));
#4656=DIRECTION('',(0.,0.,-1.));
#4657=DIRECTION('',(-1.,0.,0.));
#4658=DIRECTION('',(1.,0.,0.));
#4659=DIRECTION('',(0.,0.,-1.));
#4660=DIRECTION('',(-1.,0.,0.));
#4661=DIRECTION('',(-1.,0.,0.));
#4662=DIRECTION('',(0.,0.,-1.));
#4663=DIRECTION('',(-1.,0.,0.));
#4664=DIRECTION('',(-2.78981042471584E-15,-1.,0.));
#4665=DIRECTION('',(-0.923879532511287,-0.38268343236509,0.));
#4666=DIRECTION('',(1.,-3.15544362088405E-30,0.));
#4667=DIRECTION('',(-2.95822839457879E-31,-1.,0.));
#4668=DIRECTION('',(0.,2.95822839457879E-31,-1.));
#4669=DIRECTION('',(0.383556576459977,0.92351738080791,2.731975338793E-31));
#4670=DIRECTION('',(0.708442329767927,0.705768705308611,-3.50324616081205E-46));
#4671=DIRECTION('',(-2.95822839457879E-31,1.,0.));
#4672=DIRECTION('',(1.,-3.15544362088405E-30,0.));
#4673=DIRECTION('',(-2.95822839457879E-31,-1.,0.));
#4674=DIRECTION('',(-0.374445406296552,-0.927248962093466,-2.74301420850859E-31));
#4675=DIRECTION('',(-1.,-3.15544362088405E-30,0.));
#4676=DIRECTION('',(-2.95822839457879E-31,-1.,0.));
#4677=DIRECTION('',(1.,-3.15544362088405E-30,0.));
#4678=DIRECTION('',(0.374445406296553,-0.927248962093466,-2.74301420850865E-31));
#4679=DIRECTION('',(-2.95822839457879E-31,-1.,0.));
#4680=DIRECTION('',(-1.,-3.15544362088405E-30,0.));
#4681=DIRECTION('',(-2.95822839457879E-31,1.,0.));
#4682=DIRECTION('',(-0.708442329767927,0.70576870530861,-7.00649232162409E-46));
#4683=DIRECTION('',(0.,2.95822839457879E-31,-1.));
#4684=DIRECTION('',(0.383556576459978,-0.923517380807909,-2.73197533879302E-31));
#4685=DIRECTION('',(-2.95822839457879E-31,-1.,0.));
#4686=DIRECTION('',(0.923879532511287,-0.38268343236509,0.));
#4687=DIRECTION('',(-2.78981042471584E-15,-1.,0.));
#4688=DIRECTION('',(-0.707106781186546,-0.707106781186549,0.));
#4689=DIRECTION('',(-1.,0.,0.));
#4690=DIRECTION('',(-6.28386231937838E-12,-1.,0.));
#4691=DIRECTION('',(1.,0.,0.));
#4692=DIRECTION('',(0.707106781186546,-0.707106781186549,0.));
#4693=DIRECTION('',(3.15544362088405E-30,6.28386231937838E-12,1.));
#4694=DIRECTION('',(1.,-1.98283732701961E-41,-3.15544362088405E-30));
#4695=DIRECTION('',(3.15544362088405E-30,6.28386231937838E-12,1.));
#4696=DIRECTION('',(0.,-1.,6.28386231937838E-12));
#4697=DIRECTION('',(-1.,1.98283732701961E-41,3.15544362088405E-30));
#4698=DIRECTION('',(3.15544362088405E-30,6.28386231937838E-12,1.));
#4699=DIRECTION('',(0.,-1.,6.28386231937838E-12));
#4700=DIRECTION('',(1.,-1.98283732701961E-41,-3.15544362088405E-30));
#4701=DIRECTION('',(3.15544362088405E-30,6.28386231937838E-12,1.));
#4702=DIRECTION('',(0.,-1.,6.28386231937838E-12));
#4703=DIRECTION('',(-0.923879532511287,0.38268343236509,-2.40473000088937E-12));
#4704=DIRECTION('',(-1.,1.57893787957954E-16,-9.89027380992023E-28));
#4705=DIRECTION('',(0.707106781186547,-0.707106781186548,4.44336165807508E-12));
#4706=DIRECTION('',(-6.28386231937838E-12,-1.,6.28386231937838E-12));
#4707=DIRECTION('',(1.,-1.98283732701961E-41,-3.15544362088405E-30));
#4708=DIRECTION('',(0.707106781186546,0.707106781186549,-4.44336165807509E-12));
#4709=DIRECTION('',(2.78981042471594E-15,1.,-6.28386231937838E-12));
#4710=DIRECTION('',(-6.74773480510899E-16,1.,-3.46944695195326E-18));
#4711=DIRECTION('',(1.,6.74773480510899E-16,-1.77515640808532E-16));
#4712=DIRECTION('',(-6.28385884993142E-12,3.46944694771309E-18,1.));
#4713=DIRECTION('',(-1.,-6.74773480510899E-16,4.24333909191912E-27));
#4714=DIRECTION('',(-6.49820615485357E-16,-3.4694469519537E-18,-1.));
#4715=DIRECTION('',(-1.,-6.74773480510899E-16,6.74773480510902E-16));
#4716=DIRECTION('',(-1.51705772595426E-11,3.46944694171656E-18,1.));
#4717=DIRECTION('',(-1.,-6.74773480510899E-16,4.24333909191912E-27));
#4718=DIRECTION('',(1.57893787957954E-16,1.,4.03160139456709E-30));
#4719=DIRECTION('',(1.,-1.57893787957954E-16,-1.77515640808532E-16));
#4720=DIRECTION('',(-6.49820615485357E-16,4.13420403303924E-30,-1.));
#4721=DIRECTION('',(1.,-1.57893787957954E-16,9.89027380992023E-28));
#4722=DIRECTION('',(6.28386231937837E-12,-9.96214426007473E-28,1.));
#4723=DIRECTION('',(1.,-1.57893787957954E-16,9.89027380992023E-28));
#4724=DIRECTION('',(1.51705856355285E-11,-2.3993728329287E-27,1.));
#4725=DIRECTION('',(-2.23123558197894E-30,-0.707106781186548,-0.707106781186548));
#4726=DIRECTION('',(1.,-3.37386740255451E-16,3.37386740255448E-16));
#4727=DIRECTION('',(0.139281325306731,-0.70021450728359,0.70021450728359));
#4728=DIRECTION('',(-2.23123558197894E-30,-0.707106781186548,-0.707106781186548));
#4729=DIRECTION('',(-9.18985127529022E-16,0.707106781186548,-0.707106781186548));
#4730=DIRECTION('',(-0.577350269189626,-0.577350269189626,0.577350269189626));
#4731=DIRECTION('',(0.927248962093466,0.374445406296553,1.62944528318704E-30));
#4732=DIRECTION('',(0.374445406296553,-0.927248962093466,3.37833322069236E-24));
#4733=DIRECTION('',(1.8786427617229E-15,-4.65213225121622E-15,1.));
#4734=DIRECTION('',(-0.374445406296553,0.927248962093466,-1.20053021987421E-15));
#4735=DIRECTION('',(0.,4.35162310923521E-30,-1.));
#4736=DIRECTION('',(-0.374445406296553,0.927248962093466,2.74301420850865E-31));
#4737=DIRECTION('',(1.,2.27595720041184E-15,2.89242314310238E-15));
#4738=DIRECTION('',(2.27595720041184E-15,-1.,5.34276728542599E-24));
#4739=DIRECTION('',(-2.89242314310238E-15,2.37200610030933E-16,1.));
#4740=DIRECTION('',(-2.27595720039366E-15,1.,-6.28386231937838E-12));
#4741=DIRECTION('',(-2.89242314310238E-15,-2.33731163078985E-16,1.));
#4742=DIRECTION('',(-2.27595720041184E-15,1.,-1.22464679916601E-16));
#4743=DIRECTION('',(-3.02362980895638E-14,-1.,-4.35162310923522E-30));
#4744=DIRECTION('',(-1.,3.02362980895638E-14,-2.22525883669533E-23));
#4745=DIRECTION('',(-1.01594138663549E-44,4.35162310923521E-30,-1.));
#4746=DIRECTION('',(1.,-3.02362980895638E-14,2.90289306331502E-15));
#4747=DIRECTION('',(6.93889390399594E-18,-4.56142957372829E-30,1.));
#4748=DIRECTION('',(1.,-3.02362980895638E-14,-3.02362980895638E-14));
#4749=DIRECTION('',(6.4982061548537E-16,-6.47368226322943E-16,1.));
#4750=DIRECTION('',(0.383556576459978,-0.923517380807909,-8.47098779380711E-16));
#4751=DIRECTION('',(8.49701689796295E-24,-8.46494524706219E-24,-1.));
#4752=DIRECTION('',(-6.50521303491302E-16,3.46944695195361E-15,-1.));
#4753=DIRECTION('',(0.,1.,3.46944695195361E-15));
#4754=DIRECTION('',(-6.49820615473673E-16,-6.28302812314401E-12,-1.));
#4755=DIRECTION('',(-3.15544362088405E-30,2.95822839457879E-31,-1.));
#4756=DIRECTION('',(-1.,0.,3.15544362088405E-30));
#4757=DIRECTION('',(-0.70576870530861,-0.708442329767927,-3.08287401377855E-30));
#4758=DIRECTION('',(-0.708442329767927,0.70576870530861,-1.19939398947977E-23));
#4759=DIRECTION('',(-3.96004375502301E-46,4.35162310923522E-30,-1.));
#4760=DIRECTION('',(0.708442329767927,-0.70576870530861,2.14296406343282E-15));
#4761=DIRECTION('',(0.708442329767927,-0.70576870530861,2.95787123946532E-16));
#4762=DIRECTION('',(0.707106781186547,-0.707106781186549,-4.57039294297817E-16));
#4763=DIRECTION('',(-6.49820615485351E-16,-3.46944695194986E-18,-1.));
#4764=DIRECTION('',(6.49820615485357E-16,3.46944695195614E-18,1.));
#4765=DIRECTION('',(0.707106781186549,0.707106781186547,-4.44336165807508E-12));
#4766=DIRECTION('',(6.49820615485357E-16,3.46944695195522E-18,1.));
#4767=DIRECTION('',(-0.707106781186549,-0.707106781186547,-1.96605976450458E-15));
#4768=DIRECTION('',(-3.42461102211343E-15,1.,-3.46944695195298E-18));
#4769=DIRECTION('',(1.,3.42461102211343E-15,2.22525883559684E-23));
#4770=DIRECTION('',(1.,3.42461102211343E-15,-2.15229396040074E-26));
#4771=DIRECTION('',(-1.,-3.42461102211343E-15,-2.90289306331502E-15));
#4772=DIRECTION('',(-1.,-1.85962356610269E-15,6.49820615485357E-16));
#4773=DIRECTION('',(-1.85962356610677E-15,1.,-6.28302812314401E-12));
#4774=DIRECTION('',(-6.49820615485357E-16,-3.4694469519537E-18,-1.));
#4775=DIRECTION('',(1.85962356610678E-15,-1.,6.28386231937838E-12));
#4776=DIRECTION('',(-1.85962356610269E-15,1.,-1.224646799166E-16));
#4777=DIRECTION('',(-6.49820615485369E-16,-6.50837673274892E-16,-1.));
#4778=DIRECTION('',(1.85962356610269E-15,-1.,-1.85962356610269E-15));
#4779=DIRECTION('',(-6.49820615485369E-16,-6.50837673274892E-16,-1.));
#4780=DIRECTION('',(0.383556576459977,0.92351738080791,-8.50302873942625E-16));
#4781=DIRECTION('',(-6.50521303491302E-16,-3.46944695195361E-15,-1.));
#4782=DIRECTION('',(0.,1.,-3.46944695195361E-15));
#4783=DIRECTION('',(-6.49820615485369E-16,-6.50837673274892E-16,-1.));
#4784=DIRECTION('',(-3.15544362088405E-30,2.95822839457879E-31,-1.));
#4785=DIRECTION('',(-1.,0.,3.15544362088405E-30));
#4786=DIRECTION('',(0.70576870530861,-0.708442329767927,2.45790308164781E-18));
#4787=DIRECTION('',(-0.708442329767927,-0.70576870530861,2.4486150894738E-18));
#4788=DIRECTION('',(-0.708442329767927,-0.70576870530861,-1.97010058625128E-15));
#4789=DIRECTION('',(-6.99457309519265E-34,3.46944695195299E-18,1.));
#4790=DIRECTION('',(-0.708442329767927,-0.70576870530861,-2.95787123946532E-16));
#4791=DIRECTION('',(1.,-3.02362980895638E-14,-1.39078872584238E-43));
#4792=DIRECTION('',(-3.02362980895638E-14,-1.,-5.34273581783362E-24));
#4793=DIRECTION('',(8.96643336920531E-34,-3.46944695195298E-18,-1.));
#4794=DIRECTION('',(-3.02362980895638E-14,-1.,1.22464679916507E-16));
#4795=DIRECTION('',(-1.04903232245325E-31,-3.46944695195325E-18,-1.));
#4796=DIRECTION('',(3.02362980895638E-14,1.,-3.02362980895638E-14));
#4797=DIRECTION('',(0.499053837472979,-0.500944375458508,-0.707106781186533));
#4798=DIRECTION('',(0.817011879104298,8.17798891691171E-7,0.576620836773868));
#4799=DIRECTION('',(-0.499053837472958,0.500944375458487,-0.707106781186562));
#4800=DIRECTION('',(0.678454795444623,-0.281776828494448,0.678454795444623));
#4801=DIRECTION('',(-3.15544362088405E-30,2.95822839457879E-31,-1.));
#4802=DIRECTION('',(0.383556576459977,0.92351738080791,-9.3709361855946E-31));
#4803=DIRECTION('',(0.707106781186548,2.09178335810526E-31,-0.707106781186548));
#4804=DIRECTION('',(0.499053837472979,0.500944375458508,-0.707106781186533));
#4805=DIRECTION('',(0.817011879104299,-8.17798893707007E-7,0.576620836773866));
#4806=DIRECTION('',(0.499053837472958,0.500944375458487,0.707106781186562));
#4807=DIRECTION('',(0.678454795444623,0.281776828494449,0.678454795444623));
#4808=DIRECTION('',(-3.15544362088405E-30,2.95822839457879E-31,-1.));
#4809=DIRECTION('',(0.383556576459978,-0.923517380807909,-1.48348868631806E-30));
#4810=DIRECTION('',(-0.707106781186548,-2.09178335810526E-31,0.707106781186548));
#4811=DIRECTION('',(-0.707106781186548,2.09178335810526E-31,-0.707106781186548));
#4812=DIRECTION('',(0.707106781186548,-1.89126339554557E-26,-0.707106781186548));
#4813=DIRECTION('',(-0.707106781186548,2.09178335810526E-31,-0.707106781186548));
#4814=DIRECTION('',(0.707106781186548,5.63746907733112E-30,-0.707106781186548));
#4815=DIRECTION('',(-1.85962356610269E-15,1.,1.85962356610269E-15));
#4816=DIRECTION('',(-3.15544362088405E-30,-6.28386231937838E-12,-1.));
#4817=DIRECTION('',(1.,0.,-3.15544362088405E-30));
#4818=DIRECTION('',(-0.707106781186547,0.707106781186548,-4.44336165807508E-12));
#4819=DIRECTION('',(-1.,1.57893787957954E-16,-9.89027380992023E-28));
#4820=DIRECTION('',(1.85962356610678E-15,-1.,6.28386231937838E-12));
#4821=DIRECTION('',(0.707106781186549,-0.707106781186546,4.44336165807507E-12));
#4822=DIRECTION('',(1.,-2.90773132956048E-15,1.82686278930802E-26));
#4823=DIRECTION('',(2.27595720039366E-15,-1.,6.28386231937838E-12));
#4824=DIRECTION('',(-1.,-3.42461102211343E-15,2.15229396040074E-26));
#4825=DIRECTION('',(-0.707106781186549,-0.707106781186547,4.44336165807508E-12));
#4826=DIRECTION('',(1.85962356610678E-15,-1.,6.28386231937838E-12));
#4827=DIRECTION('',(1.,6.74773480510899E-16,-4.24333909191912E-27));
#4828=DIRECTION('',(0.707106781186547,0.707106781186548,-4.44336165807508E-12));
#4829=DIRECTION('',(6.28386231937838E-12,1.,-6.28386231937838E-12));
#4830=DIRECTION('',(-1.,-1.85962356610269E-15,6.49820615485357E-16));
#4831=DIRECTION('',(-1.85962356610677E-15,1.,-6.28302812314401E-12));
#4832=DIRECTION('',(-6.49820615485357E-16,5.52878514837104E-30,-1.));
#4833=DIRECTION('',(-1.85962356610678E-15,1.,-6.28386231937838E-12));
#4834=DIRECTION('',(-6.49820615485357E-16,4.13420403303924E-30,-1.));
#4835=DIRECTION('',(-1.85962356610269E-15,1.,-1.224646799166E-16));
#4836=DIRECTION('',(-0.707106781186546,-0.707106781186549,4.59492563764507E-16));
#4837=DIRECTION('',(-6.49820615485351E-16,4.9303806576313E-32,-1.));
#4838=DIRECTION('',(6.49820615485357E-16,-6.24112687147626E-30,1.));
#4839=DIRECTION('',(-0.707106781186549,0.707106781186546,-4.44336165807507E-12));
#4840=DIRECTION('',(-0.707106781186549,0.707106781186546,-2.1392509757543E-15));
#4841=DIRECTION('',(2.90773132956048E-15,1.,4.35162310923521E-30));
#4842=DIRECTION('',(1.,-2.90773132956048E-15,2.22525883669533E-23));
#4843=DIRECTION('',(-1.,2.90773132956048E-15,-1.82686278930802E-26));
#4844=DIRECTION('',(-1.,2.90773132956048E-15,-2.90289306331502E-15));
#4845=DIRECTION('',(-1.,-9.10015333501384E-17,0.));
#4846=DIRECTION('',(-9.10015333501384E-17,1.,5.34273581783362E-24));
#4847=DIRECTION('',(6.29066925584193E-34,-6.91270687894663E-18,1.));
#4848=DIRECTION('',(-9.10015333501384E-17,1.,-9.10015333501381E-17));
#4849=DIRECTION('',(7.42556612755222E-17,-0.815982528446146,-0.578076563502306));
#4850=DIRECTION('',(9.10015333501384E-17,-1.,1.22464679916595E-16));
#4851=DIRECTION('',(-0.927248962093466,0.374445406296552,-1.29911847354837E-18));
#4852=DIRECTION('',(0.374445406296552,0.927248962093466,-3.21703770689949E-18));
#4853=DIRECTION('',(0.374445406296552,0.927248962093466,9.73419725182663E-16));
#4854=DIRECTION('',(-2.04219734496653E-15,-5.06061619429524E-15,-1.));
#4855=DIRECTION('',(0.374445406296552,0.927248962093466,2.74301420850859E-31));
#4856=DIRECTION('',(-1.,-9.10015333501384E-17,0.));
#4857=DIRECTION('',(-9.10015333501384E-17,1.,5.34273581783362E-24));
#4858=DIRECTION('',(-6.29066925731467E-34,6.912706880565E-18,1.));
#4859=DIRECTION('',(9.10015333501384E-17,-1.,1.22464679916595E-16));
#4860=DIRECTION('',(4.22870705755463E-17,-0.815982528446142,0.578076563502311));
#4861=DIRECTION('',(9.10015333501384E-17,-1.,9.10015333501381E-17));
#4862=DIRECTION('',(-1.,-4.79579591859752E-16,6.93889390399594E-18));
#4863=DIRECTION('',(-4.79579591859752E-16,1.,5.34192232992035E-24));
#4864=DIRECTION('',(-6.93889390399594E-18,-8.09227190534437E-28,-1.));
#4865=DIRECTION('',(-4.79579591859752E-16,1.,-1.22464679916596E-16));
#4866=DIRECTION('',(6.93889390399594E-18,3.46944695195319E-18,1.));
#4867=DIRECTION('',(-4.79579591859752E-16,1.,-4.79579591859752E-16));
#4868=DIRECTION('',(0.70576870530861,-0.708442329767927,-4.89725416632373E-18));
#4869=DIRECTION('',(-0.708442329767927,-0.70576870530861,4.91579416998751E-18));
#4870=DIRECTION('',(0.708442329767927,0.70576870530861,1.97010058625128E-15));
#4871=DIRECTION('',(-0.57807656350231,-0.575894932655881,0.578076563502309));
#4872=DIRECTION('',(-0.578076563502309,-0.57589493265588,-0.578076563502309));
#4873=DIRECTION('',(-0.70576870530861,-0.708442329767927,4.89725416747025E-18));
#4874=DIRECTION('',(-0.708442329767927,0.70576870530861,4.91579416884533E-18));
#4875=DIRECTION('',(0.578076563502309,-0.57589493265588,0.578076563502309));
#4876=DIRECTION('',(6.93889390399594E-18,8.09140899433901E-28,1.));
#4877=DIRECTION('',(0.57807656350231,-0.575894932655881,-0.578076563502308));
#4878=DIRECTION('',(-0.708442329767927,0.70576870530861,-2.14296406343282E-15));
#4879=DIRECTION('',(-1.35006521255216E-14,-1.63230681602523E-16,-1.));
#4880=DIRECTION('',(2.88380430646395E-14,-1.,1.63230681602134E-16));
#4881=DIRECTION('',(-1.35006521255219E-14,-1.63230681602527E-16,-1.));
#4882=DIRECTION('',(-1.,0.,1.35006521255219E-14));
#4883=DIRECTION('',(2.22044624924763E-16,-1.02136153772444E-16,-1.));
#4884=DIRECTION('',(-1.,0.,-2.22044624924763E-16));
#4885=DIRECTION('',(2.90289306331502E-15,-1.22464679916595E-16,-1.));
#4886=DIRECTION('',(3.02535774210365E-14,-1.,1.22464679916683E-16));
#4887=DIRECTION('',(2.90289306331502E-15,-1.22464679916595E-16,-1.));
#4888=DIRECTION('',(-1.,0.,-2.90289306331502E-15));
#4889=DIRECTION('',(2.90289306331502E-15,-1.22464679916595E-16,-1.));
#4890=DIRECTION('',(-1.,0.,-2.90289306331502E-15));
#4891=DIRECTION('',(-0.708442329767927,0.70576870530861,-2.14296406343282E-15));
#4892=DIRECTION('',(-4.79579591859752E-16,1.,-1.22464679916596E-16));
#4893=DIRECTION('',(-1.,3.02362980895638E-14,-2.90289306331502E-15));
#4894=DIRECTION('',(-3.02362980895638E-14,-1.,1.22464679916507E-16));
#4895=DIRECTION('',(0.374445406296553,-0.927248962093466,1.20053021987421E-15));
#4896=DIRECTION('',(0.707106781186569,-0.707106781186526,2.13925097575436E-15));
#4897=DIRECTION('',(-1.22464679916595E-16,1.,-1.22464679916595E-16));
#4898=DIRECTION('',(-0.707106781186526,-0.707106781186569,-1.96605976450451E-15));
#4899=DIRECTION('',(-0.374445406296552,-0.927248962093466,-9.73419725182663E-16));
#4900=DIRECTION('',(-3.02362980895638E-14,-1.,1.22464679916507E-16));
#4901=DIRECTION('',(1.,3.07531777821167E-14,2.90289306331502E-15));
#4902=DIRECTION('',(-4.79579591859752E-16,1.,-1.22464679916596E-16));
#4903=DIRECTION('',(0.708442329767927,0.70576870530861,1.97010058625128E-15));
#4904=DIRECTION('',(2.90289306331502E-15,-1.22464679916595E-16,-1.));
#4905=DIRECTION('',(-1.,0.,-2.90289306331502E-15));
#4906=DIRECTION('',(-1.,-4.79579591859752E-16,6.93889390399594E-18));
#4907=DIRECTION('',(-4.79579591859752E-16,1.,5.34192232992035E-24));
#4908=DIRECTION('',(-6.93889390399594E-18,4.56142957372829E-30,-1.));
#4909=DIRECTION('',(4.79579591859752E-16,-1.,1.22464679916596E-16));
#4910=DIRECTION('',(4.79579591859752E-16,-1.,4.79579591859752E-16));
#4911=DIRECTION('',(0.707106781186548,2.09178335810526E-31,-0.707106781186548));
#4912=DIRECTION('',(0.707106781186548,-6.44102463920383E-23,0.707106781186548));
#4913=DIRECTION('',(0.707106781186548,2.09178335810526E-31,-0.707106781186548));
#4914=DIRECTION('',(-0.707106781186548,6.24165723116575E-30,-0.707106781186548));
#4915=DIRECTION('',(-0.577350269189626,-0.577350269189626,-0.577350269189626));
#4916=DIRECTION('',(-6.93889390399594E-18,4.56142957372829E-30,-1.));
#4917=DIRECTION('',(0.707106781186559,0.707106781186537,-2.02205724616846E-30));
#4918=DIRECTION('',(2.90289306331502E-15,-1.22464679916595E-16,-1.));
#4919=DIRECTION('',(-1.,0.,-2.90289306331502E-15));
#4920=DIRECTION('',(2.23123558197894E-30,-0.707106781186548,0.707106781186548));
#4921=DIRECTION('',(-9.81307786689681E-18,-0.707106781186548,-0.707106781186548));
#4922=DIRECTION('',(-2.23123558197894E-30,0.707106781186548,-0.707106781186548));
#4923=DIRECTION('',(1.,1.51181490447819E-14,1.51181490447819E-14));
#4924=DIRECTION('',(2.23123558197894E-30,-0.707106781186548,0.707106781186548));
#4925=DIRECTION('',(2.23123558197893E-30,-0.707106781186548,-0.707106781186548));
#4926=DIRECTION('',(-0.577350269189626,0.577350269189626,0.577350269189626));
#4927=DIRECTION('',(-0.707106781186548,2.09178335810526E-31,-0.707106781186548));
#4928=DIRECTION('',(0.707106781186548,2.09178335810526E-31,-0.707106781186548));
#4929=DIRECTION('',(0.707106781186548,-2.09178335810526E-31,0.707106781186548));
#4930=DIRECTION('',(0.707106781186548,5.94494608360609E-30,-0.707106781186548));
#4931=DIRECTION('',(-0.700525986938048,-0.136112759317225,0.700525986938048));
#4932=DIRECTION('',(3.02362980895638E-14,1.,-3.02362980895638E-14));
#4933=DIRECTION('',(1.,-3.02362980895638E-14,-1.39078872584238E-43));
#4934=DIRECTION('',(-3.02362980895638E-14,-1.,-5.34273581783362E-24));
#4935=DIRECTION('',(3.02362980895638E-14,1.,-1.22464679916507E-16));
#4936=DIRECTION('',(1.01594138663549E-44,-4.35162310923521E-30,1.));
#4937=DIRECTION('',(-1.01594138663549E-44,4.35162310923521E-30,-1.));
#4938=DIRECTION('',(-0.707106781186526,0.70710678118657,2.44041391778941E-30));
#4939=DIRECTION('',(2.90289306331502E-15,-1.22464679916595E-16,-1.));
#4940=DIRECTION('',(-1.,0.,-2.90289306331502E-15));
#4941=DIRECTION('',(-0.707106781186548,2.09178335810526E-31,-0.707106781186548));
#4942=DIRECTION('',(0.707106781186548,2.09178335810526E-31,-0.707106781186548));
#4943=DIRECTION('',(0.707106781186548,-2.09178335810526E-31,0.707106781186548));
#4944=DIRECTION('',(0.707106781186548,-4.90653893338611E-18,-0.707106781186548));
#4945=DIRECTION('',(-0.700525986938052,0.136112759317182,0.700525986938052));
#4946=DIRECTION('',(-0.577350269189626,-0.577350269189626,0.577350269189626));
#4947=DIRECTION('',(8.96643336920531E-34,-3.46944695195298E-18,-1.));
#4948=DIRECTION('',(-0.707106781186532,-0.707106781186563,2.02205724616836E-30));
#4949=DIRECTION('',(-8.96643336920531E-34,3.46944695195298E-18,1.));
#4950=DIRECTION('',(2.90289306331502E-15,-1.22464679916595E-16,-1.));
#4951=DIRECTION('',(-1.,0.,-2.90289306331502E-15));
#4952=DIRECTION('',(2.23123558197894E-30,0.707106781186548,0.707106781186548));
#4953=DIRECTION('',(2.23250362714663E-30,0.707106781186548,-0.707106781186548));
#4954=DIRECTION('',(3.07531777821167E-14,-1.,3.46944695195298E-18));
#4955=DIRECTION('',(-1.,-3.07531777821167E-14,-2.22525882611534E-23));
#4956=DIRECTION('',(-6.93889390399594E-18,-3.46944695195319E-18,-1.));
#4957=DIRECTION('',(-1.,-3.07531777821167E-14,-2.90289306331502E-15));
#4958=DIRECTION('',(-1.,-3.07531777821167E-14,3.07531777821167E-14));
#4959=DIRECTION('',(-2.23123558197894E-30,-0.707106781186548,-0.707106781186548));
#4960=DIRECTION('',(1.,-1.5376588891058E-14,1.5376588891058E-14));
#4961=DIRECTION('',(2.23123558197894E-30,0.707106781186548,0.707106781186548));
#4962=DIRECTION('',(9.81307786689681E-18,-0.707106781186548,0.707106781186548));
#4963=DIRECTION('',(0.577350269189626,-0.577350269189626,0.577350269189626));
#4964=DIRECTION('',(0.707106781186548,2.09178335810526E-31,-0.707106781186548));
#4965=DIRECTION('',(0.707106781186548,-6.44102463920383E-23,0.707106781186548));
#4966=DIRECTION('',(0.707106781186548,2.09178335810526E-31,-0.707106781186548));
#4967=DIRECTION('',(0.707106781186548,4.90653893338641E-18,0.707106781186548));
#4968=DIRECTION('',(6.93889390399594E-18,3.46944695195319E-18,1.));
#4969=DIRECTION('',(0.707106781186554,-0.707106781186541,-2.44041391778949E-30));
#4970=DIRECTION('',(2.90289306331502E-15,-1.22464679916595E-16,-1.));
#4971=DIRECTION('',(-1.,0.,-2.90289306331502E-15));
#4972=DIRECTION('',(-6.49820615485357E-16,4.13420403303924E-30,-1.));
#4973=DIRECTION('',(-0.707106781186551,0.707106781186544,2.44041391778948E-30));
#4974=DIRECTION('',(-0.707106781186547,4.44204670564103E-12,0.707106781186548));
#4975=DIRECTION('',(-0.707106781186548,4.44204670564103E-12,-0.707106781186548));
#4976=DIRECTION('',(1.11647768171952E-16,0.70710678118877,0.707106781184325));
#4977=DIRECTION('',(-8.07337359354885E-16,0.707106781184325,-0.70710678118877));
#4978=DIRECTION('',(-0.707106781186548,2.09178335810526E-31,-0.707106781186548));
#4979=DIRECTION('',(0.707106781186548,-1.89126339554557E-26,-0.707106781186548));
#4980=DIRECTION('',(-0.707106781186548,2.09178335810526E-31,-0.707106781186548));
#4981=DIRECTION('',(0.707106781186548,-4.90653893338712E-18,-0.707106781186548));
#4982=DIRECTION('',(-6.49820615485357E-16,-3.4694469519537E-18,-1.));
#4983=DIRECTION('',(-0.707106781186554,-0.707106781186541,2.02205724616844E-30));
#4984=DIRECTION('',(-4.77136903835607E-16,0.707106781184326,-0.707106781188769));
#4985=DIRECTION('',(-4.41848223693306E-16,-0.707106781188769,-0.707106781184326));
#4986=DIRECTION('',(-0.70710678118655,4.44204670564101E-12,0.707106781186545));
#4987=DIRECTION('',(-0.707106781186545,4.44204179910205E-12,-0.70710678118655));
#4988=DIRECTION('',(-1.35006521255216E-14,-1.63230681602523E-16,-1.));
#4989=DIRECTION('',(2.88380430646395E-14,-1.,1.63230681602134E-16));
#4990=DIRECTION('',(1.,8.04911692853237E-16,-6.66133923592083E-16));
#4991=DIRECTION('',(8.04911692853237E-16,-1.,1.22952835515632E-16));
#4992=DIRECTION('',(2.22044624924763E-16,-1.02136153772444E-16,-1.));
#4993=DIRECTION('',(-8.04911692853237E-16,1.,-1.02136153772444E-16));
#4994=DIRECTION('',(-2.22044624924764E-16,1.74926636756068E-16,1.));
#4995=DIRECTION('',(2.22044624924763E-16,-1.02136153772444E-16,-1.));
#4996=DIRECTION('',(1.,1.43011283108337E-15,2.22044624924763E-16));
#4997=DIRECTION('',(3.33066907380573E-15,-1.,1.02136153772444E-16));
#4998=DIRECTION('',(-0.866025403784439,-0.5,-1.4122820907241E-16));
#4999=DIRECTION('',(2.22044624924763E-16,-1.02136153772444E-16,-1.));
#5000=DIRECTION('',(-1.,0.,-2.22044624924763E-16));
#5001=DIRECTION('',(2.22044624924763E-16,-1.02136153772444E-16,-1.));
#5002=DIRECTION('',(-1.,0.,-2.22044624924763E-16));
#5003=DIRECTION('',(0.5,-0.866025403784439,2.6251322369171E-16));
#5004=DIRECTION('',(-0.866025403784439,-0.5,-1.04832967580598E-16));
#5005=DIRECTION('',(0.866025403784439,0.5,1.4122820907241E-16));
#5006=DIRECTION('',(3.15544362088405E-30,-2.95822839457879E-31,1.));
#5007=DIRECTION('',(-2.22044624924763E-16,1.02136153772444E-16,1.));
#5008=DIRECTION('',(-1.,-1.43011283108337E-15,-2.22044624924763E-16));
#5009=DIRECTION('',(2.22044624924763E-16,-1.02136153772444E-16,-1.));
#5010=DIRECTION('',(1.,1.43011283108337E-15,2.22044624924763E-16));
#5011=DIRECTION('',(2.22044624924763E-16,-1.02136153772444E-16,-1.));
#5012=DIRECTION('',(-1.,0.,-2.22044624924763E-16));
#5013=DIRECTION('',(2.22044624924764E-16,-1.74926636756068E-16,-1.));
#5014=DIRECTION('',(-1.,-1.76241107671149E-16,-2.22044624924764E-16));
#5015=DIRECTION('',(-1.,-3.33066907380573E-15,-2.90289306331501E-15));
#5016=DIRECTION('',(-3.33066907380573E-15,1.,-1.22464679916602E-16));
#5017=DIRECTION('',(-3.33066907380573E-15,1.,-1.02136153772444E-16));
#5018=DIRECTION('',(-2.90289306331501E-15,1.02136153772442E-16,1.));
#5019=DIRECTION('',(3.33066907380573E-15,-1.,1.02136153772444E-16));
#5020=DIRECTION('',(2.90289306331501E-15,-1.74926636756067E-16,-1.));
#5021=DIRECTION('',(-3.33066907380572E-15,1.,-3.33066907380572E-15));
#5022=DIRECTION('',(-2.90289306331501E-15,1.29403573821389E-16,1.));
#5023=DIRECTION('',(-3.33066907380572E-15,1.,-3.33066907380572E-15));
#5024=DIRECTION('',(3.15544362088406E-30,-4.05580026977734E-30,1.));
#5025=DIRECTION('',(-3.33066907380574E-15,1.,3.33066907380574E-15));
#5026=DIRECTION('',(-3.14730890261734E-30,-3.46944695195328E-18,-1.));
#5027=DIRECTION('',(-3.33066907380572E-15,1.,-3.33066907380572E-15));
#5028=DIRECTION('',(-2.90289306331501E-15,1.15525786013407E-16,1.));
#5029=DIRECTION('',(-0.707106781186548,2.09178335810526E-31,-0.707106781186548));
#5030=DIRECTION('',(0.707106781186548,1.80017203018702E-22,-0.707106781186548));
#5031=DIRECTION('',(0.707106781186548,2.41911240719591E-15,-0.707106781186548));
#5032=DIRECTION('',(-0.707106781186548,2.05607654100079E-15,0.707106781186548));
#5033=DIRECTION('',(0.577350269189626,0.577350269189626,-0.577350269189626));
#5034=DIRECTION('',(-0.577350269189626,0.577350269189626,0.577350269189626));
#5035=DIRECTION('',(0.707106781186548,2.09178335810526E-31,-0.707106781186548));
#5036=DIRECTION('',(-2.08501906391386E-14,1.,-2.08501906391386E-14));
#5037=DIRECTION('',(0.577350269189637,-0.577350269189603,0.577350269189637));
#5038=DIRECTION('',(-0.577350269189613,-0.57735026918965,-0.577350269189613));
#5039=DIRECTION('',(0.707106781186548,2.09178335810526E-31,-0.707106781186548));
#5040=DIRECTION('',(-2.08501906391386E-14,1.,-2.08501906391386E-14));
#5041=DIRECTION('',(-0.707106781186548,2.0560765410008E-15,-0.707106781186548));
#5042=DIRECTION('',(0.577350269189637,-0.577350269189604,0.577350269189637));
#5043=DIRECTION('',(0.707106781186548,2.09178335810526E-31,-0.707106781186548));
#5044=DIRECTION('',(-2.08501906391386E-14,1.,-2.08501906391386E-14));
#5045=DIRECTION('',(-0.577350269189613,-0.57735026918965,-0.577350269189614));
#5046=DIRECTION('',(0.707106781186548,2.4240189461293E-15,0.707106781186548));
#5047=DIRECTION('',(0.707106781186526,0.707106781186569,1.96115322557049E-15));
#5048=DIRECTION('',(-0.707106781186569,0.707106781186526,4.90651942003954E-18));
#5049=DIRECTION('',(0.658580387456752,-0.658580387456713,0.364065579964214));
#5050=DIRECTION('',(0.658580736958019,-0.658580736957978,-0.364064315493457));
#5051=DIRECTION('',(0.577350269189648,-0.577350269189615,0.577350269189615));
#5052=DIRECTION('',(-2.77348948949362E-15,4.00876201102995E-30,1.));
#5053=DIRECTION('',(2.90773132956048E-15,1.,4.05580026977733E-30));
#5054=DIRECTION('',(1.,-2.90773132956048E-15,2.22525883669533E-23));
#5055=DIRECTION('',(-1.,2.90773132956048E-15,-2.90773132956048E-15));
#5056=DIRECTION('',(-3.42461102211343E-15,1.,-3.46944695195328E-18));
#5057=DIRECTION('',(1.,3.42461102211343E-15,2.22525883559684E-23));
#5058=DIRECTION('',(-3.01494940237647E-15,3.46944695194295E-18,1.));
#5059=DIRECTION('',(1.,3.42461102211343E-15,3.42461102211343E-15));
#5060=DIRECTION('',(0.707106781186569,-0.707106781186526,2.13434443682148E-15));
#5061=DIRECTION('',(0.707106781186526,0.707106781186569,-4.90652697694696E-18));
#5062=DIRECTION('',(0.658580387456727,0.658580387456768,0.364065579964162));
#5063=DIRECTION('',(-0.577350269189601,-0.577350269189638,-0.577350269189638));
#5064=DIRECTION('',(-0.658580736957989,-0.658580736958028,0.364064315493419));
#5065=DIRECTION('',(-0.655662716339918,-0.26477235591519,-0.707108196773931));
#5066=DIRECTION('',(0.733278202533665,2.01138447496167E-31,-0.679928729859974));
#5067=DIRECTION('',(0.430559989765821,0.638207683756963,-0.638207683756963));
#5068=DIRECTION('',(-0.655662716339926,0.264772355915193,-0.707108196773923));
#5069=DIRECTION('',(0.733278202533657,-1.11022302462516E-16,-0.679928729859983));
#5070=DIRECTION('',(-0.430559989765809,0.638207683756968,0.638207683756968));
#5071=DIRECTION('',(-2.23123558197894E-30,-0.707106781186548,-0.707106781186548));
#5072=DIRECTION('',(1.,1.4538656647803E-15,-1.45386566478031E-15));
#5073=DIRECTION('',(-2.23123558197894E-30,0.707106781186548,-0.707106781186548));
#5074=DIRECTION('',(1.,-1.71230551105675E-15,-1.71230551105675E-15));
#5075=DIRECTION('',(-0.707106781186548,-0.707106781186547,4.44336165807508E-12));
#5076=DIRECTION('',(0.707106781186547,-0.707106781186548,0.));
#5077=DIRECTION('',(0.707106781186547,-0.707106781186548,4.44336165807508E-12));
#5078=DIRECTION('',(3.15544361673311E-30,6.28386231937838E-12,1.));
#5079=DIRECTION('',(0.577350269190831,-0.577350269187203,0.577350269190844));
#5080=DIRECTION('',(-1.,6.28386231937838E-12,-3.94869224934598E-23));
#5081=DIRECTION('',(-6.28386231937838E-12,-1.,0.));
#5082=DIRECTION('',(-6.28386231937838E-12,-1.,6.28386231937838E-12));
#5083=DIRECTION('',(3.15544361677277E-30,6.28386231937838E-12,1.));
#5084=DIRECTION('',(4.44336165807509E-12,0.707106781182107,-0.707106781190989));
#5085=DIRECTION('',(3.15544362088405E-30,6.28386231937838E-12,1.));
#5086=DIRECTION('',(6.28386231937838E-12,1.,0.));
#5087=DIRECTION('',(3.15544362088405E-30,6.28386231937838E-12,1.));
#5088=DIRECTION('',(-4.44336165807508E-12,-0.707106781190992,-0.707106781182104));
#5089=DIRECTION('',(-0.707106781186548,0.707106781186547,-4.44336165807508E-12));
#5090=DIRECTION('',(-0.707106781186547,-0.707106781186548,0.));
#5091=DIRECTION('',(-0.707106781186547,-0.707106781186548,4.44336165807508E-12));
#5092=DIRECTION('',(0.577350269188416,0.577350269192045,0.577350269188416));
#5093=DIRECTION('',(0.38268343236509,0.923879532511287,-5.80553178199259E-12));
#5094=DIRECTION('',(-0.923879532511287,0.38268343236509,0.));
#5095=DIRECTION('',(-0.923879532511287,0.38268343236509,0.));
#5096=DIRECTION('',(0.923879532511287,-0.38268343236509,2.40473000088938E-12));
#5097=DIRECTION('',(0.707106781186549,-0.707106781186546,4.44336165807507E-12));
#5098=DIRECTION('',(0.707106781186546,0.707106781186549,0.));
#5099=DIRECTION('',(3.15544362088405E-30,6.28386231937838E-12,1.));
#5100=DIRECTION('',(0.707106781186546,0.707106781186549,0.));
#5101=DIRECTION('',(-0.707106781186546,-0.707106781186549,4.44336165807509E-12));
#5102=DIRECTION('',(0.,-1.,6.28386231937838E-12));
#5103=DIRECTION('',(0.,-6.28386231937838E-12,-1.));
#5104=DIRECTION('',(1.,0.,0.));
#5105=DIRECTION('',(-1.,1.98283732701961E-41,3.15544362088405E-30));
#5106=DIRECTION('',(0.,-1.,6.28386231937838E-12));
#5107=DIRECTION('',(0.,-6.28386231937838E-12,-1.));
#5108=DIRECTION('',(3.15544362088405E-30,6.28386231937838E-12,1.));
#5109=DIRECTION('',(-1.,0.,0.));
#5110=DIRECTION('',(1.,-1.98283732701961E-41,-3.15544362088405E-30));
#5111=DIRECTION('',(-0.707106781186549,-0.707106781186546,4.44336165807507E-12));
#5112=DIRECTION('',(0.707106781186546,-0.707106781186549,0.));
#5113=DIRECTION('',(-0.707106781186546,0.707106781186549,0.));
#5114=DIRECTION('',(0.707106781186546,-0.707106781186549,4.44336165807509E-12));
#5115=DIRECTION('',(-0.38268343236509,0.923879532511287,-5.80553178199259E-12));
#5116=DIRECTION('',(-0.923879532511287,-0.38268343236509,0.));
#5117=DIRECTION('',(0.923879532511287,0.38268343236509,0.));
#5118=DIRECTION('',(-0.923879532511287,-0.38268343236509,2.40473000088938E-12));
#5119=DIRECTION('',(0.,-1.,6.28386231937838E-12));
#5120=DIRECTION('',(0.,-6.28386231937838E-12,-1.));
#5121=DIRECTION('',(3.15544362088405E-30,6.28386231937838E-12,1.));
#5122=DIRECTION('',(-1.,1.98283732701961E-41,3.15544362088405E-30));
#5123=DIRECTION('',(3.15544362088405E-30,6.28386231937838E-12,1.));
#5124=DIRECTION('',(1.,0.,0.));
#5125=DIRECTION('',(3.15544362088405E-30,6.28386231937838E-12,1.));
#5126=DIRECTION('',(0.,-1.,6.28386231937838E-12));
#5127=DIRECTION('',(0.,6.27969898303601E-12,1.));
#5128=DIRECTION('',(0.,-1.,6.27969898303601E-12));
#5129=DIRECTION('',(3.15544362088405E-30,6.28386231937838E-12,1.));
#5130=DIRECTION('',(0.,-6.27969898299657E-12,-1.));
#5131=DIRECTION('',(0.,1.,-6.27969898299657E-12));
#5132=DIRECTION('',(0.,-1.,6.28386231937838E-12));
#5133=DIRECTION('',(0.,-6.28386231937838E-12,-1.));
#5134=DIRECTION('',(1.,-1.98283732701961E-41,-3.15544362088405E-30));
#5135=DIRECTION('',(3.15544362088405E-30,6.28386231937838E-12,1.));
#5136=DIRECTION('',(-1.,0.,0.));
#5137=DIRECTION('',(3.15544362088405E-30,6.28386231937838E-12,1.));
#5138=DIRECTION('',(0.,-1.,6.28386231937838E-12));
#5139=DIRECTION('',(0.,6.27969898303601E-12,1.));
#5140=DIRECTION('',(0.,-1.,6.27969898303601E-12));
#5141=DIRECTION('',(0.,-6.27969898307544E-12,-1.));
#5142=DIRECTION('',(0.,1.,-6.27969898307544E-12));
#5143=DIRECTION('',(0.,-1.,6.28386231937838E-12));
#5144=DIRECTION('',(0.,-6.28386231937838E-12,-1.));
#5145=DIRECTION('',(3.15544362088405E-30,6.28386231937838E-12,1.));
#5146=DIRECTION('',(-1.,1.98283732701961E-41,3.15544362088405E-30));
#5147=DIRECTION('',(3.15544362088405E-30,6.28386231937838E-12,1.));
#5148=DIRECTION('',(1.,0.,0.));
#5149=DIRECTION('',(3.15544362088405E-30,6.28386231937838E-12,1.));
#5150=DIRECTION('',(0.,-1.,6.28386231937838E-12));
#5151=DIRECTION('',(0.,6.27969898303608E-12,1.));
#5152=DIRECTION('',(0.,-1.,6.27969898303608E-12));
#5153=DIRECTION('',(3.15544362088405E-30,6.28386231937838E-12,1.));
#5154=DIRECTION('',(0.,-6.27969898299657E-12,-1.));
#5155=DIRECTION('',(0.,1.,-6.27969898299657E-12));
#5156=DIRECTION('',(0.,-1.,6.28386231937838E-12));
#5157=DIRECTION('',(0.,-6.28386231937838E-12,-1.));
#5158=DIRECTION('',(1.,-1.98283732701961E-41,-3.15544362088405E-30));
#5159=DIRECTION('',(3.15544362088405E-30,6.28386231937838E-12,1.));
#5160=DIRECTION('',(-1.,0.,0.));
#5161=DIRECTION('',(3.15544362088405E-30,6.28386231937838E-12,1.));
#5162=DIRECTION('',(0.,-1.,6.28386231937838E-12));
#5163=DIRECTION('',(0.,6.27969898303608E-12,1.));
#5164=DIRECTION('',(0.,-1.,6.27969898303608E-12));
#5165=DIRECTION('',(0.,-6.27969898307544E-12,-1.));
#5166=DIRECTION('',(0.,1.,-6.27969898307544E-12));
#5167=DIRECTION('',(3.15544362088405E-30,6.28386231937838E-12,1.));
#5168=DIRECTION('',(0.,-1.,6.28386231937838E-12));
#5169=DIRECTION('',(-3.15544362088405E-30,-6.28386231937838E-12,-1.));
#5170=DIRECTION('',(0.,1.,-6.28386231937838E-12));
#5171=DIRECTION('',(-3.15544362088405E-30,-6.28386231937838E-12,-1.));
#5172=DIRECTION('',(0.,1.,-6.28386231937838E-12));
#5173=DIRECTION('',(3.15544362088405E-30,6.28386231937838E-12,1.));
#5174=DIRECTION('',(0.,-1.,6.28386231937838E-12));
#5175=DIRECTION('',(0.,-6.28548139462263E-12,-1.));
#5176=DIRECTION('',(0.,1.,-6.28548139462263E-12));
#5177=DIRECTION('',(3.15544362088405E-30,6.28386231937838E-12,1.));
#5178=DIRECTION('',(0.,-1.,6.28386231937838E-12));
#5179=DIRECTION('',(-3.15544362088405E-30,-6.28386231937838E-12,-1.));
#5180=DIRECTION('',(0.,1.,-6.28386231937838E-12));
#5181=DIRECTION('',(-3.15544362088405E-30,-6.28386231937838E-12,-1.));
#5182=DIRECTION('',(0.,1.,-6.28386231937838E-12));
#5183=DIRECTION('',(3.15544362088405E-30,6.28386231937838E-12,1.));
#5184=DIRECTION('',(0.,-1.,6.28386231937838E-12));
#5185=DIRECTION('',(0.,-6.28548139462263E-12,-1.));
#5186=DIRECTION('',(0.,1.,-6.28548139462263E-12));
#5187=DIRECTION('',(2.23123558197895E-30,0.707106781190989,0.707106781182107));
#5188=DIRECTION('',(-1.,1.98283732701961E-41,3.15544362088405E-30));
#5189=DIRECTION('',(0.281084637714819,0.678598344541586,-0.678598344550109));
#5190=DIRECTION('',(0.5,0.500000000004441,0.707106781183407));
#5191=DIRECTION('',(-0.707106781186546,0.707106781186549,-4.44336165807509E-12));
#5192=DIRECTION('',(0.67859834454585,0.281084637710554,-0.678598344547612));
#5193=DIRECTION('',(0.707106781186546,4.44138896420555E-12,0.707106781186549));
#5194=DIRECTION('',(-2.78981042471594E-15,-1.,6.28386231937838E-12));
#5195=DIRECTION('',(0.639338269725915,-0.42719217423916,-0.639338269723229));
#5196=DIRECTION('',(0.270598050073099,-0.653281482433744,0.707106781190653));
#5197=DIRECTION('',(0.923879532511287,0.38268343236509,-2.40473000088938E-12));
#5198=DIRECTION('',(0.139281325327999,-0.700214507283675,-0.700214507279274));
#5199=DIRECTION('',(4.77136903835606E-16,-0.707106781184325,0.70710678118877));
#5200=DIRECTION('',(-1.,-6.74773480510899E-16,4.24333909191912E-27));
#5201=DIRECTION('',(-2.23123558197895E-30,0.707106781182104,-0.707106781190992));
#5202=DIRECTION('',(1.,-1.98283732701961E-41,-3.15544362088405E-30));
#5203=DIRECTION('',(-0.281084637714823,0.678598344550111,0.678598344541582));
#5204=DIRECTION('',(-0.5,0.499999999995555,-0.707106781189691));
#5205=DIRECTION('',(0.707106781186546,0.707106781186549,-4.44336165807509E-12));
#5206=DIRECTION('',(0.678598344545848,-0.281084637719085,-0.67859834454408));
#5207=DIRECTION('',(0.707106781186546,4.44138896420555E-12,0.707106781186549));
#5208=DIRECTION('',(-2.78981042471594E-15,-1.,6.28386231937838E-12));
#5209=DIRECTION('',(0.639338269725916,0.427192174231124,-0.639338269728597));
#5210=DIRECTION('',(-0.270598050073099,-0.653281482442631,-0.707106781182444));
#5211=DIRECTION('',(-0.923879532511287,0.38268343236509,-2.40473000088938E-12));
#5212=DIRECTION('',(-0.139281325306349,-0.70021450728142,0.700214507285835));
#5213=DIRECTION('',(-1.11647768171953E-16,-0.707106781188777,-0.707106781184318));
#5214=DIRECTION('',(1.,-1.57893787957954E-16,9.89027380992023E-28));
#5215=DIRECTION('',(0.,-6.28548139462263E-12,-1.));
#5216=DIRECTION('',(0.,1.,-6.28548139462263E-12));
#5217=DIRECTION('',(0.,-6.28548139462263E-12,-1.));
#5218=DIRECTION('',(0.,1.,-6.28548139462263E-12));
#5219=DIRECTION('',(0.,6.27969898303601E-12,1.));
#5220=DIRECTION('',(0.,-1.,6.27969898303601E-12));
#5221=DIRECTION('',(0.,-0.707106781190991,-0.707106781182104));
#5222=DIRECTION('',(0.,-0.707106781182098,0.707106781190997));
#5223=DIRECTION('',(2.23123558197895E-30,0.707106781190988,0.707106781182107));
#5224=DIRECTION('',(-1.,1.98283732701961E-41,3.15544362088405E-30));
#5225=DIRECTION('',(0.,-0.707106781182107,0.707106781190988));
#5226=DIRECTION('',(-2.23123558197894E-30,0.707106781182105,-0.70710678119099));
#5227=DIRECTION('',(1.,-1.98283732701961E-41,-3.15544362088405E-30));
#5228=DIRECTION('',(0.,-0.70710678119099,-0.707106781182105));
#5229=DIRECTION('',(0.,6.27969898303601E-12,1.));
#5230=DIRECTION('',(0.,-1.,6.27969898303601E-12));
#5231=DIRECTION('',(-2.23123558197896E-30,0.707106781182098,-0.707106781190997));
#5232=DIRECTION('',(1.,-1.98283732701961E-41,-3.15544362088405E-30));
#5233=DIRECTION('',(0.,-0.707106781190997,-0.707106781182098));
#5234=DIRECTION('',(0.,0.707106781190997,0.707106781182098));
#5235=DIRECTION('',(0.,6.27969898303608E-12,1.));
#5236=DIRECTION('',(0.,-1.,6.27969898303608E-12));
#5237=DIRECTION('',(0.,-0.707106781182102,0.707106781190993));
#5238=DIRECTION('',(0.,6.27969898303608E-12,1.));
#5239=DIRECTION('',(0.,-1.,6.27969898303608E-12));
#5240=DIRECTION('',(0.,0.70710678118211,-0.707106781190985));
#5241=DIRECTION('',(2.23123558197895E-30,0.707106781190988,0.707106781182107));
#5242=DIRECTION('',(-1.,1.98283732701961E-41,3.15544362088405E-30));
#5243=DIRECTION('',(0.,-6.27969898299657E-12,-1.));
#5244=DIRECTION('',(0.,1.,-6.27969898299657E-12));
#5245=DIRECTION('',(0.,0.707106781190989,0.707106781182106));
#5246=DIRECTION('',(0.,0.7071067811995,-0.707106781173596));
#5247=DIRECTION('',(0.,0.707106781188768,0.707106781184327));
#5248=DIRECTION('',(-1.,0.,0.));
#5249=DIRECTION('',(0.,0.707106781184327,-0.707106781188768));
#5250=DIRECTION('',(0.,0.707106781184327,-0.707106781188768));
#5251=DIRECTION('',(1.,0.,0.));
#5252=DIRECTION('',(0.,0.707106781188768,0.707106781184327));
#5253=DIRECTION('',(0.,-6.27969898307544E-12,-1.));
#5254=DIRECTION('',(0.,1.,-6.27969898307544E-12));
#5255=DIRECTION('',(0.,0.707106781188768,0.707106781184327));
#5256=DIRECTION('',(-1.,0.,0.));
#5257=DIRECTION('',(0.,-0.707106781184327,0.707106781188768));
#5258=DIRECTION('',(0.,0.707106781184327,-0.707106781188768));
#5259=DIRECTION('',(0.,-6.27969898307544E-12,-1.));
#5260=DIRECTION('',(0.,1.,-6.27969898307544E-12));
#5261=DIRECTION('',(0.,-0.707106781173596,-0.707106781199499));
#5262=DIRECTION('',(0.,-6.27969898299657E-12,-1.));
#5263=DIRECTION('',(0.,1.,-6.27969898299657E-12));
#5264=DIRECTION('',(0.,0.707106781190989,0.707106781182106));
#5265=DIRECTION('',(0.,0.707106781184327,-0.707106781188768));
#5266=DIRECTION('',(1.,0.,0.));
#5267=DIRECTION('',(-0.270598050072311,-0.653281482436287,0.707106781188605));
#5268=DIRECTION('',(0.923879532511287,-0.38268343236509,0.));
#5269=DIRECTION('',(0.639338269724816,0.427192174238433,0.639338269724813));
#5270=DIRECTION('',(0.707106781186547,-1.97269386954149E-15,-0.707106781186548));
#5271=DIRECTION('',(2.78981042471584E-15,1.,0.));
#5272=DIRECTION('',(0.678598344546662,-0.281084637710889,0.678598344546661));
#5273=DIRECTION('',(-0.500000000001113,0.50000000000111,0.707106781184975));
#5274=DIRECTION('',(-0.707106781186546,-0.707106781186549,0.));
#5275=DIRECTION('',(-0.281084637715637,0.678598344543543,-0.678598344547812));
#5276=DIRECTION('',(0.,0.707106781188772,0.707106781184323));
#5277=DIRECTION('',(-1.,0.,0.));
#5278=DIRECTION('',(0.577350269188416,-0.577350269188415,0.577350269192047));
#5279=DIRECTION('',(0.70710678118655,-4.44336165807509E-12,-0.707106781186546));
#5280=DIRECTION('',(-6.28386231937838E-12,-1.,0.));
#5281=DIRECTION('',(-0.577350269190834,-0.577350269190835,-0.577350269187209));
#5282=DIRECTION('',(0.,0.707106781184327,-0.707106781188768));
#5283=DIRECTION('',(1.,0.,0.));
#5284=DIRECTION('',(-0.281084637714004,-0.678598344548147,-0.678598344543885));
#5285=DIRECTION('',(0.499999999998893,0.49999999999889,-0.707106781188116));
#5286=DIRECTION('',(0.707106781186546,-0.707106781186549,0.));
#5287=DIRECTION('',(-0.678598344545037,-0.281084637718737,-0.678598344545035));
#5288=DIRECTION('',(0.707106781186547,-1.97269386954149E-15,-0.707106781186548));
#5289=DIRECTION('',(2.78981042471584E-15,1.,0.));
#5290=DIRECTION('',(-0.639338269727012,0.427192174231856,-0.639338269727012));
#5291=DIRECTION('',(0.270598050073884,-0.653281482440086,-0.707106781184494));
#5292=DIRECTION('',(-0.923879532511287,-0.38268343236509,0.));
#5293=DIRECTION('',(-1.35006521255219E-14,-1.63230681602527E-16,-1.));
#5294=DIRECTION('',(-1.,0.,1.35006521255219E-14));
#5295=DIRECTION('',(-0.70710678118655,0.707106781186545,-2.17634718118981E-15));
#5296=DIRECTION('',(-2.90289306331501E-15,1.74926636756067E-16,1.));
#5297=DIRECTION('',(-0.57735026918963,-0.577350269189632,0.577350269189615));
#5298=DIRECTION('',(0.577350269189622,0.577350269189628,0.577350269189628));
#5299=DIRECTION('',(-0.70710678118655,-2.28291752103955E-15,0.707106781186545));
#5300=DIRECTION('',(3.33066907380573E-15,-1.,1.02136153772444E-16));
#5301=DIRECTION('',(-0.577350269189631,0.577350269189613,-0.577350269189633));
#5302=DIRECTION('',(0.707106781186537,2.42735985491312E-15,0.707106781186558));
#5303=DIRECTION('',(-3.33066907380573E-15,1.,-1.02136153772444E-16));
#5304=DIRECTION('',(-0.577350269189639,0.577350269189619,0.57735026918962));
#5305=DIRECTION('',(-0.707106781186536,-0.707106781186559,-1.98043420319259E-15));
#5306=DIRECTION('',(2.90289306331501E-15,-1.02136153772442E-16,-1.));
#5307=DIRECTION('',(0.499999999998889,-0.500000000003333,-0.707106781184976));
#5308=DIRECTION('',(-0.707106781186549,-0.707106781186547,4.44336165807508E-12));
#5309=DIRECTION('',(0.678598344545031,-0.281084637714488,0.678598344546801));
#5310=DIRECTION('',(0.281084637713999,-0.678598344543888,0.678598344548146));
#5311=DIRECTION('',(-2.42156567665497E-15,0.707106781188766,0.70710678118433));
#5312=DIRECTION('',(-1.,-3.42461102211343E-15,2.15229396040074E-26));
#5313=DIRECTION('',(0.577350269188414,-0.57735026918842,0.577350269192044));
#5314=DIRECTION('',(-0.70710678118655,4.44204670564101E-12,0.707106781186545));
#5315=DIRECTION('',(-1.85962356610678E-15,1.,-6.28386231937838E-12));
#5316=DIRECTION('',(0.577350269190832,0.577350269190837,0.577350269187209));
#5317=DIRECTION('',(0.707106781186549,-4.44175231330498E-12,-0.707106781186546));
#5318=DIRECTION('',(2.27595720039366E-15,-1.,6.28386231937838E-12));
#5319=DIRECTION('',(-0.577350269190832,-0.577350269190837,-0.577350269187208));
#5320=DIRECTION('',(-4.77136903835607E-16,0.707106781184326,-0.707106781188769));
#5321=DIRECTION('',(-1.,-6.74773480510899E-16,4.24333909191912E-27));
#5322=DIRECTION('',(0.281084637719559,-0.678598344546998,-0.678598344542734));
#5323=DIRECTION('',(2.05607654100725E-15,0.707106781184325,-0.70710678118877));
#5324=DIRECTION('',(1.,-2.90773132956048E-15,1.82686278930802E-26));
#5325=DIRECTION('',(0.281084637715625,0.678598344547813,0.678598344543548));
#5326=DIRECTION('',(-0.5,0.499999999995557,-0.707106781189688));
#5327=DIRECTION('',(-0.707106781186547,-0.707106781186548,4.44336165807508E-12));
#5328=DIRECTION('',(0.678598344544556,-0.281084637721047,-0.678598344544559));
#5329=DIRECTION('',(-0.500000000001112,-0.49999999999667,0.707106781188116));
#5330=DIRECTION('',(0.707106781186549,-0.707106781186546,4.44336165807507E-12));
#5331=DIRECTION('',(-0.678598344546661,-0.281084637715152,-0.678598344544895));
#5332=DIRECTION('',(-0.707106781186549,1.56186490738526E-26,-0.707106781186546));
#5333=DIRECTION('',(-6.28386231937838E-12,-1.,6.28386231937838E-12));
#5334=DIRECTION('',(0.678598344547135,0.281084637708595,-0.678598344547138));
#5335=DIRECTION('',(-0.707106781186547,4.44204670564103E-12,0.707106781186548));
#5336=DIRECTION('',(1.85962356610678E-15,-1.,6.28386231937838E-12));
#5337=DIRECTION('',(-0.577350269188418,0.577350269188415,-0.577350269192045));
#5338=DIRECTION('',(-0.5,-0.500000000004443,-0.707106781183405));
#5339=DIRECTION('',(0.707106781186547,-0.707106781186548,4.44336165807508E-12));
#5340=DIRECTION('',(0.281084637710082,0.678598344544695,-0.678598344548962));
#5341=DIRECTION('',(1.11647768171952E-16,0.70710678118877,0.707106781184325));
#5342=DIRECTION('',(-1.,1.57893787957954E-16,-9.89027380992023E-28));
#5343=DIRECTION('',(-0.499053837472968,-0.500944375458499,-0.707106781186547));
#5344=DIRECTION('',(0.708442329767927,-0.70576870530861,2.14296406343282E-15));
#5345=DIRECTION('',(-0.499053837472968,-0.500944375458493,0.70710678118655));
#5346=DIRECTION('',(6.50521303491302E-16,-3.46944695195361E-15,1.));
#5347=DIRECTION('',(0.,-1.,-3.46944695195361E-15));
#5348=DIRECTION('',(0.499053837472964,-0.500944375458496,0.707106781186552));
#5349=DIRECTION('',(-0.708442329767927,-0.70576870530861,-1.97010058625128E-15));
#5350=DIRECTION('',(0.499053837472941,-0.50094437545853,-0.707106781186544));
#5351=DIRECTION('',(6.50521303491302E-16,3.46944695195361E-15,1.));
#5352=DIRECTION('',(0.,-1.,3.46944695195361E-15));
#5353=DIRECTION('',(0.655664028944475,0.264772885976442,-0.707106781186551));
#5354=DIRECTION('',(-0.374445406296553,0.927248962093466,-1.20053021987421E-15));
#5355=DIRECTION('',(-0.700526701155618,-0.136105407446092,-0.70052670115561));
#5356=DIRECTION('',(0.707106781186546,-2.14668870227332E-14,-0.707106781186549));
#5357=DIRECTION('',(3.02362980895638E-14,1.,-1.22464679916507E-16));
#5358=DIRECTION('',(0.707106781186551,0.,0.707106781186544));
#5359=DIRECTION('',(2.90289306331502E-15,-1.22464679916595E-16,-1.));
#5360=DIRECTION('',(-1.,0.,-2.90289306331502E-15));
#5361=DIRECTION('',(-2.45326946669345E-14,-0.707106781186533,0.707106781186562));
#5362=DIRECTION('',(-1.9327636046979E-14,-0.707106781186549,-0.707106781186547));
#5363=DIRECTION('',(1.,-3.02362980895638E-14,2.90289306331502E-15));
#5364=DIRECTION('',(-1.47196168001604E-14,-0.707106781186545,0.70710678118655));
#5365=DIRECTION('',(2.90289306331502E-15,-1.22464679916595E-16,-1.));
#5366=DIRECTION('',(-1.,0.,-2.90289306331502E-15));
#5367=DIRECTION('',(-0.707106781186543,0.,0.707106781186552));
#5368=DIRECTION('',(-0.707106781186547,-4.25709587147572E-16,-0.707106781186548));
#5369=DIRECTION('',(-4.79579591859752E-16,1.,-1.22464679916596E-16));
#5370=DIRECTION('',(-0.707106781186547,-4.25709587147572E-16,-0.707106781186548));
#5371=DIRECTION('',(-4.79579591859752E-16,1.,-1.22464679916596E-16));
#5372=DIRECTION('',(-0.707106781186552,0.,0.707106781186543));
#5373=DIRECTION('',(2.90289306331502E-15,-1.22464679916595E-16,-1.));
#5374=DIRECTION('',(-1.,0.,-2.90289306331502E-15));
#5375=DIRECTION('',(-2.45326946669343E-14,0.707106781186538,0.707106781186557));
#5376=DIRECTION('',(1.96931251826407E-14,-0.707106781186544,0.707106781186551));
#5377=DIRECTION('',(-1.,-3.07531777821167E-14,-2.90289306331502E-15));
#5378=DIRECTION('',(-2.94392336003207E-14,0.707106781186548,0.707106781186548));
#5379=DIRECTION('',(2.90289306331502E-15,-1.22464679916595E-16,-1.));
#5380=DIRECTION('',(-1.,0.,-2.90289306331502E-15));
#5381=DIRECTION('',(0.707106781185793,-1.96261557335679E-14,0.707106781187302));
#5382=DIRECTION('',(0.707106781186541,-2.1466887022733E-14,-0.707106781186554));
#5383=DIRECTION('',(-3.02362980895638E-14,-1.,1.22464679916507E-16));
#5384=DIRECTION('',(0.700526701155615,-0.136105407446129,0.700526701155606));
#5385=DIRECTION('',(-0.655664028944468,0.264772885976439,0.707106781186558));
#5386=DIRECTION('',(0.374445406296552,0.927248962093466,9.73419725182663E-16));
#5387=CARTESIAN_POINT('',(0.,0.,0.));
#5388=CARTESIAN_POINT('',(-0.0017,5.70070434119891E-6,0.029264118717285));
#5389=CARTESIAN_POINT('',(-0.0017,5.70070434119891E-6,0.029264118717285));
#5390=CARTESIAN_POINT('',(-0.0017,-0.0017,0.029264118717285));
#5391=CARTESIAN_POINT('',(-0.0017,-2.50975862271449E-18,0.029264118717285));
#5392=CARTESIAN_POINT('',(-0.0017,-0.0017,0.029264118717285));
#5393=CARTESIAN_POINT('',(-0.0017,-0.0017,0.029064118717285));
#5394=CARTESIAN_POINT('',(-0.0017,-0.0017,0.029264118717285));
#5395=CARTESIAN_POINT('',(-0.0017,-0.0017,0.028864118717285));
#5396=CARTESIAN_POINT('',(-0.0017,5.70070434119887E-6,0.028864118717285));
#5397=CARTESIAN_POINT('',(-0.0017,-2.55061308422347E-18,0.028864118717285));
#5398=CARTESIAN_POINT('',(-0.0017,-2.50975862271449E-18,0.029264118717285));
#5399=CARTESIAN_POINT('',(-0.0017,5.70070434119891E-6,0.029264118717285));
#5400=CARTESIAN_POINT('',(-0.0017,5.70070434119891E-6,0.029264118717285));
#5401=CARTESIAN_POINT('',(-0.0017,0.0017,0.029264118717285));
#5402=CARTESIAN_POINT('',(-0.0017,5.70070434119887E-6,0.028864118717285));
#5403=CARTESIAN_POINT('',(-0.0017,0.0017,0.028864118717285));
#5404=CARTESIAN_POINT('',(-0.0017,0.0017,0.029264118717285));
#5405=CARTESIAN_POINT('',(-0.0017,0.0017,0.029064118717285));
#5406=CARTESIAN_POINT('',(-0.0017,0.0017,0.029264118717285));
#5407=CARTESIAN_POINT('',(0.0017,5.70070434120377E-6,0.029264118717285));
#5408=CARTESIAN_POINT('',(0.0017,5.70070434120377E-6,0.029264118717285));
#5409=CARTESIAN_POINT('',(0.0017,0.0017,0.029264118717285));
#5410=CARTESIAN_POINT('',(0.0017,-2.30138851768994E-18,0.029264118717285));
#5411=CARTESIAN_POINT('',(0.0017,0.0017,0.029264118717285));
#5412=CARTESIAN_POINT('',(0.0017,0.0017,0.029064118717285));
#5413=CARTESIAN_POINT('',(0.0017,0.0017,0.029264118717285));
#5414=CARTESIAN_POINT('',(0.0017,0.0017,0.028864118717285));
#5415=CARTESIAN_POINT('',(0.0017,5.70070434120373E-6,0.028864118717285));
#5416=CARTESIAN_POINT('',(0.0017,-2.34224297919891E-18,0.028864118717285));
#5417=CARTESIAN_POINT('',(0.0017,-2.30138851768994E-18,0.029264118717285));
#5418=CARTESIAN_POINT('',(0.0017,5.70070434120377E-6,0.029264118717285));
#5419=CARTESIAN_POINT('',(0.0017,5.70070434120377E-6,0.029264118717285));
#5420=CARTESIAN_POINT('',(0.0017,-0.0017,0.029264118717285));
#5421=CARTESIAN_POINT('',(0.0017,5.70070434120373E-6,0.028864118717285));
#5422=CARTESIAN_POINT('',(0.0017,-0.0017,0.028864118717285));
#5423=CARTESIAN_POINT('',(0.0017,-0.0017,0.029264118717285));
#5424=CARTESIAN_POINT('',(0.0017,-0.0017,0.029064118717285));
#5425=CARTESIAN_POINT('',(0.0017,-0.0017,0.029264118717285));
#5426=CARTESIAN_POINT('',(0.0017,5.70070434120377E-6,0.029264118717285));
#5427=CARTESIAN_POINT('',(0.0017,5.70070434120373E-6,0.028864118717285));
#5428=CARTESIAN_POINT('',(0.0017,-0.00230940107675857,0.028864118717285));
#5429=CARTESIAN_POINT('',(0.0017,-0.00230940107675857,0.029264118717285));
#5430=CARTESIAN_POINT('',(0.0017,-0.00230940107675857,0.029064118717285));
#5431=CARTESIAN_POINT('',(0.0017,5.70070434120375E-6,0.029064118717285));
#5432=CARTESIAN_POINT('',(6.01454626176648E-16,-0.0017,0.029264118717285));
#5433=CARTESIAN_POINT('',(6.01454626176648E-16,-0.0017,0.029264118717285));
#5434=CARTESIAN_POINT('',(5.79774642166361E-18,-0.0017,0.029264118717285));
#5435=CARTESIAN_POINT('',(6.01499035101633E-16,-0.0017,0.029064118717285));
#5436=CARTESIAN_POINT('',(5.84215534664856E-18,-0.0017,0.029064118717285));
#5437=CARTESIAN_POINT('',(5.79774642166361E-18,-0.0017,0.029264118717285));
#5438=CARTESIAN_POINT('',(6.01454626176648E-16,-0.0017,0.029264118717285));
#5439=CARTESIAN_POINT('',(6.01454626176648E-16,-0.0017,0.029264118717285));
#5440=CARTESIAN_POINT('',(6.01499035101633E-16,-0.0017,0.029064118717285));
#5441=CARTESIAN_POINT('',(-0.00170000000000002,5.70070434119891E-6,0.029264118717285));
#5442=CARTESIAN_POINT('',(-0.00170000000000002,5.70070434119887E-6,0.028864118717285));
#5443=CARTESIAN_POINT('',(-0.0017,-0.00310081833930525,0.028864118717285));
#5444=CARTESIAN_POINT('',(-0.00170000000000002,5.70070434119889E-6,0.029064118717285));
#5445=CARTESIAN_POINT('',(-0.0017,-0.00310081833930525,0.029064118717285));
#5446=CARTESIAN_POINT('',(-0.0017,-0.00310081833930525,0.0427641179904297));
#5447=CARTESIAN_POINT('',(5.96592242550964E-16,0.0017,0.029264118717285));
#5448=CARTESIAN_POINT('',(5.96592242550964E-16,0.0017,0.029264118717285));
#5449=CARTESIAN_POINT('',(5.38136650995356E-18,0.0017,0.029264118717285));
#5450=CARTESIAN_POINT('',(5.38136650995356E-18,0.0017,0.029264118717285));
#5451=CARTESIAN_POINT('',(5.42577543493851E-18,0.0017,0.029064118717285));
#5452=CARTESIAN_POINT('',(5.96636651475949E-16,0.0017,0.029064118717285));
#5453=CARTESIAN_POINT('',(0.0017,5.70070434120377E-6,0.029264118717285));
#5454=CARTESIAN_POINT('',(0.0017,5.70070434120373E-6,0.028864118717285));
#5455=CARTESIAN_POINT('',(0.0017,0.00231510178110006,0.028864118717285));
#5456=CARTESIAN_POINT('',(0.0017,5.70070434120375E-6,0.029064118717285));
#5457=CARTESIAN_POINT('',(0.0017,0.00231510178110006,0.029064118717285));
#5458=CARTESIAN_POINT('',(0.0017,0.00231510178110006,0.029264118717285));
#5459=CARTESIAN_POINT('',(-0.0017,5.70070434119891E-6,0.029264118717285));
#5460=CARTESIAN_POINT('',(-0.0017,5.70070434119887E-6,0.028864118717285));
#5461=CARTESIAN_POINT('',(-0.0017,0.00310651904364676,0.028864118717285));
#5462=CARTESIAN_POINT('',(-0.00170000000000002,0.00310651904364676,0.0427641179904297));
#5463=CARTESIAN_POINT('',(-0.0017,0.00310651904364676,0.029064118717285));
#5464=CARTESIAN_POINT('',(-0.0017,5.70070434119889E-6,0.029064118717285));
#5465=CARTESIAN_POINT('',(5.96592242550964E-16,0.0017,0.029264118717285));
#5466=CARTESIAN_POINT('',(5.96592242550964E-16,0.0017,0.029264118717285));
#5467=CARTESIAN_POINT('',(5.96636651475949E-16,0.0017,0.029064118717285));
#5468=CARTESIAN_POINT('',(5.99104099563351E-16,5.7007043412013E-6,0.028864118717285));
#5469=CARTESIAN_POINT('',(-0.00320120850821981,5.70070434119064E-6,0.028864118717285));
#5470=CARTESIAN_POINT('',(-0.0032012085082198,-0.0017,0.028864118717285));
#5471=CARTESIAN_POINT('',(-0.00320120850821982,0.0017,0.028864118717285));
#5472=CARTESIAN_POINT('',(5.96681060400934E-16,0.0017,0.028864118717285));
#5473=CARTESIAN_POINT('',(6.01543444026618E-16,-0.0017,0.028864118717285));
#5474=CARTESIAN_POINT('',(5.99104099563351E-16,5.7007043412013E-6,0.028864118717285));
#5475=CARTESIAN_POINT('',(5.96681060400934E-16,0.0017,0.028864118717285));
#5476=CARTESIAN_POINT('',(0.00276021855105955,0.0017,0.028864118717285));
#5477=CARTESIAN_POINT('',(0.0026125000000006,0.0015140282825991,0.028864118717285));
#5478=CARTESIAN_POINT('',(0.0028500000000001,0.0015140282825991,0.028864118717285));
#5479=CARTESIAN_POINT('',(0.00285000000000011,5.7007043412036E-6,0.028864118717285));
#5480=CARTESIAN_POINT('',(0.0028500000000001,-0.00150832757825759,0.028864118717285));
#5481=CARTESIAN_POINT('',(0.0026125000000006,-0.00150832757825759,0.028864118717285));
#5482=CARTESIAN_POINT('',(0.00275274240707991,-0.0017,0.028864118717285));
#5483=CARTESIAN_POINT('',(6.01543444026618E-16,-0.0017,0.028864118717285));
#5484=CARTESIAN_POINT('',(5.99015281713382E-16,5.70070434120134E-6,0.029264118717285));
#5485=CARTESIAN_POINT('',(1.11827301439147E-17,-2.27678233753744E-18,0.029264118717285));
#5486=CARTESIAN_POINT('',(5.99015281713382E-16,5.70070434120134E-6,0.029264118717285));
#5487=CARTESIAN_POINT('',(1.11827301439147E-17,-2.27678233753744E-18,0.029264118717285));
#5488=CARTESIAN_POINT('',(5.99059690638366E-16,5.70070434120132E-6,0.029064118717285));
#5489=CARTESIAN_POINT('',(-0.000623404173524398,-0.0049038550628401,0.029064118717285));
#5490=CARTESIAN_POINT('',(0.000281961106073904,-0.00300904274746471,0.029064118717285));
#5491=CARTESIAN_POINT('',(5.00000000005997E-5,-0.00326202902092111,0.029064118717285));
#5492=CARTESIAN_POINT('',(0.000503103607933202,-0.0030004295309104,0.029064118717285));
#5493=CARTESIAN_POINT('',(0.000384353607933204,-0.0027947484975116,0.029064118717285));
#5494=CARTESIAN_POINT('',(5.99015281713382E-16,5.70070434120134E-6,0.029264118717285));
#5495=CARTESIAN_POINT('',(1.11827301439147E-17,-2.27678233753744E-18,0.029264118717285));
#5496=CARTESIAN_POINT('',(5.99059690638366E-16,5.70070434120132E-6,0.029064118717285));
#5497=CARTESIAN_POINT('',(-0.000623404173524398,0.0049095557671816,0.029064118717285));
#5498=CARTESIAN_POINT('',(0.000281961106073904,0.00301474345180629,0.029064118717285));
#5499=CARTESIAN_POINT('',(0.000384353607933204,0.0028004492018531,0.029064118717285));
#5500=CARTESIAN_POINT('',(0.000503103607933205,0.003006130235252,0.029064118717285));
#5501=CARTESIAN_POINT('',(0.0014250000000006,0.00247387310512686,0.029064118717285));
#5502=CARTESIAN_POINT('',(5.99104099563351E-16,5.7007043412013E-6,0.028864118717285));
#5503=CARTESIAN_POINT('',(0.0014250000000006,0.00247387310512686,0.028864118717285));
#5504=CARTESIAN_POINT('',(0.0027312500000006,0.00171970931599789,0.028864118717285));
#5505=CARTESIAN_POINT('',(0.0026125000000006,0.0015140282825991,0.028864118717285));
#5506=CARTESIAN_POINT('',(5.99015281713382E-16,5.70070434120134E-6,0.029264118717285));
#5507=CARTESIAN_POINT('',(1.11827301439147E-17,-2.27678233753744E-18,0.029264118717285));
#5508=CARTESIAN_POINT('',(5.99104099563351E-16,5.7007043412013E-6,0.028864118717285));
#5509=CARTESIAN_POINT('',(-0.00320120850821981,5.70070434119064E-6,0.028864118717285));
#5510=CARTESIAN_POINT('',(-0.00320120850821982,0.0036437048177022,0.028864118717285));
#5511=CARTESIAN_POINT('',(5.9620107123882E-16,0.00364370481770221,0.028864118717285));
#5512=CARTESIAN_POINT('',(-0.00229899999999989,0.0036437048177022,0.028864118717285));
#5513=CARTESIAN_POINT('',(-0.000623404173524398,0.0049095557671816,0.028864118717285));
#5514=CARTESIAN_POINT('',(5.99104099563351E-16,5.7007043412013E-6,0.028864118717285));
#5515=CARTESIAN_POINT('',(-0.000623404173524398,-0.0049038550628401,0.028864118717285));
#5516=CARTESIAN_POINT('',(-0.00229899999999989,-0.00363800411336061,0.028864118717285));
#5517=CARTESIAN_POINT('',(6.02011676894881E-16,-0.0036380041133606,0.028864118717285));
#5518=CARTESIAN_POINT('',(-0.00320120850821981,-0.0036380041133606,0.028864118717285));
#5519=CARTESIAN_POINT('',(-0.00320120850821981,5.70070434119064E-6,0.028864118717285));
#5520=CARTESIAN_POINT('',(0.000384353607933201,-0.0027947484975116,0.0427641179904297));
#5521=CARTESIAN_POINT('',(0.000503103607933202,-0.0030004295309104,0.0238641187172851));
#5522=CARTESIAN_POINT('',(0.000503103607933202,-0.0030004295309104,0.024664118717285));
#5523=CARTESIAN_POINT('',(0.000384353607933205,-0.0027947484975116,0.024664118717285));
#5524=CARTESIAN_POINT('',(0.000281961106073904,-0.00300904274746471,0.024664118717285));
#5525=CARTESIAN_POINT('',(0.000281961106073901,-0.00300904274746471,0.0427641179904297));
#5526=CARTESIAN_POINT('',(0.000384353607933201,0.0028004492018531,0.0427641179904297));
#5527=CARTESIAN_POINT('',(0.000281961106073901,0.00301474345180629,0.0427641179904297));
#5528=CARTESIAN_POINT('',(0.000281961106073904,0.00301474345180629,0.024664118717285));
#5529=CARTESIAN_POINT('',(0.000384353607933205,0.0028004492018531,0.024664118717285));
#5530=CARTESIAN_POINT('',(0.000503103607933206,0.003006130235252,0.024664118717285));
#5531=CARTESIAN_POINT('',(0.000503103607933202,0.003006130235252,0.0427641179904297));
#5532=CARTESIAN_POINT('',(-0.000623404173524401,0.0049095557671816,0.0427641179904297));
#5533=CARTESIAN_POINT('',(-0.0022989999999999,0.0036437048177022,0.0427641179904297));
#5534=CARTESIAN_POINT('',(-0.00229899999999989,0.0036437048177022,0.024664118717285));
#5535=CARTESIAN_POINT('',(-0.000623404173524397,0.0049095557671816,0.024664118717285));
#5536=CARTESIAN_POINT('',(-0.0022989999999998,-0.0036380041133606,0.0192641187172851));
#5537=CARTESIAN_POINT('',(-0.0022989999999998,-0.0036380041133606,0.024664118717285));
#5538=CARTESIAN_POINT('',(-0.00320120850821981,-0.0036380041133606,0.024664118717285));
#5539=CARTESIAN_POINT('',(-0.00229899999999989,-0.00363800411336061,0.024664118717285));
#5540=CARTESIAN_POINT('',(-0.00320120850821981,-0.0036380041133606,0.028864118717285));
#5541=CARTESIAN_POINT('',(-0.0022989999999999,-0.0036380041133606,0.0427641179904297));
#5542=CARTESIAN_POINT('',(-0.0022989999999999,0.0036437048177022,0.024264118717285));
#5543=CARTESIAN_POINT('',(-0.00320120850821981,0.0036437048177022,0.024664118717285));
#5544=CARTESIAN_POINT('',(-0.00320120850821981,0.0036437048177022,0.024664118717285));
#5545=CARTESIAN_POINT('',(-0.0022989999999999,0.0036437048177022,0.024664118717285));
#5546=CARTESIAN_POINT('',(5.00000000006017E-5,0.0032677297252626,0.021364118717285));
#5547=CARTESIAN_POINT('',(0.0014250000000006,0.00247387310512686,0.024664118717285));
#5548=CARTESIAN_POINT('',(0.0027312500000006,0.00171970931599789,0.024664118717285));
#5549=CARTESIAN_POINT('',(0.0027312500000006,0.00171970931599789,0.0238641187172851));
#5550=CARTESIAN_POINT('',(-0.000623404173524401,-0.0049038550628401,0.0427641179904297));
#5551=CARTESIAN_POINT('',(-0.000623404173524397,-0.0049038550628401,0.024664118717285));
#5552=CARTESIAN_POINT('',(0.0172999867401945,-0.0135028503521463,0.0039999996942559));
#5553=CARTESIAN_POINT('',(0.0172999867401945,-0.0135028503521463,0.0039999996942559));
#5554=CARTESIAN_POINT('',(0.0172999867401945,-0.0135028503521463,0.0039999996942559));
#5555=CARTESIAN_POINT('',(0.0172999867401945,-0.0118213331800662,0.00399999969424533));
#5556=CARTESIAN_POINT('',(0.0172999867401945,-0.0135028503521463,0.0039999996942559));
#5557=CARTESIAN_POINT('',(0.0172999867401945,-0.0135028503521488,0.0035999996942559));
#5558=CARTESIAN_POINT('',(0.0172999867401945,-0.0135028503521488,0.0035999996942559));
#5559=CARTESIAN_POINT('',(0.0172999867401945,-0.0118213331800688,0.00359999969424533));
#5560=CARTESIAN_POINT('',(0.0172999867401945,-0.0118213331800914,-3.05754663129314E-10));
#5561=CARTESIAN_POINT('',(0.0172999867401945,-0.0135028503521463,0.0039999996942559));
#5562=CARTESIAN_POINT('',(0.0172999867401945,-0.0135028503521463,0.0039999996942559));
#5563=CARTESIAN_POINT('',(0.0172999867401945,-0.0151843675242263,0.00399999969426647));
#5564=CARTESIAN_POINT('',(0.0172999867401945,-0.0151843675242514,-3.0573353028452E-10));
#5565=CARTESIAN_POINT('',(0.0172999867401945,-0.0151843675242288,0.00359999969426647));
#5566=CARTESIAN_POINT('',(0.0172999867401945,-0.0135028503521488,0.0035999996942559));
#5567=CARTESIAN_POINT('',(0.0209999867401945,-0.0135028503521463,0.0039999996942559));
#5568=CARTESIAN_POINT('',(0.0209999867401945,-0.0135028503521463,0.0039999996942559));
#5569=CARTESIAN_POINT('',(0.0209999867401945,-0.0135028503521463,0.0039999996942559));
#5570=CARTESIAN_POINT('',(0.0209999867401945,-0.0151843675242263,0.00399999969426647));
#5571=CARTESIAN_POINT('',(0.0209999867401945,-0.0135028503521463,0.0039999996942559));
#5572=CARTESIAN_POINT('',(0.0209999867401945,-0.0135028503521488,0.0035999996942559));
#5573=CARTESIAN_POINT('',(0.0209999867401945,-0.0135028503521488,0.0035999996942559));
#5574=CARTESIAN_POINT('',(0.0209999867401945,-0.0151843675242288,0.00359999969426647));
#5575=CARTESIAN_POINT('',(0.0209999867401945,-0.0151843675242514,-3.0573353028452E-10));
#5576=CARTESIAN_POINT('',(0.0209999867401945,-0.0135028503521463,0.0039999996942559));
#5577=CARTESIAN_POINT('',(0.0209999867401945,-0.0135028503521463,0.0039999996942559));
#5578=CARTESIAN_POINT('',(0.0209999867401945,-0.0118213331800662,0.00399999969424533));
#5579=CARTESIAN_POINT('',(0.0209999867401945,-0.0118213331800914,-3.05754663129314E-10));
#5580=CARTESIAN_POINT('',(0.0209999867401945,-0.0118213331800688,0.00359999969424533));
#5581=CARTESIAN_POINT('',(0.0209999867401945,-0.0135028503521488,0.0035999996942559));
#5582=CARTESIAN_POINT('',(0.0216499867401945,-0.0153528503521463,0.00399999969426753));
#5583=CARTESIAN_POINT('',(0.0216499867401945,-0.0153528503521463,0.00399999969426753));
#5584=CARTESIAN_POINT('',(0.0191499867401945,-0.0153528503521463,0.00399999969426753));
#5585=CARTESIAN_POINT('',(0.0174684695681145,-0.0153528503521463,0.00399999969426753));
#5586=CARTESIAN_POINT('',(0.0191499867401945,-0.0153528503521463,0.00399999969426753));
#5587=CARTESIAN_POINT('',(0.0191499867401945,-0.0153528503521475,0.00379999969426753));
#5588=CARTESIAN_POINT('',(0.0216499867401945,-0.0153528503521476,0.00379999969426753));
#5589=CARTESIAN_POINT('',(0.0174684695681145,-0.0153528503521475,0.00379999969426753));
#5590=CARTESIAN_POINT('',(0.0174684695681145,-0.0153528503521714,-3.05732471561626E-10));
#5591=CARTESIAN_POINT('',(0.0216499867401945,-0.0153528503521463,0.00399999969426753));
#5592=CARTESIAN_POINT('',(0.0216499867401945,-0.0153528503521463,0.00399999969426753));
#5593=CARTESIAN_POINT('',(0.0208315039122745,-0.0153528503521463,0.00399999969426753));
#5594=CARTESIAN_POINT('',(0.0208315039122745,-0.0153528503521714,-3.05732471561626E-10));
#5595=CARTESIAN_POINT('',(0.0208315039122745,-0.0153528503521475,0.00379999969426753));
#5596=CARTESIAN_POINT('',(0.0216499867401945,-0.0153528503521476,0.00379999969426753));
#5597=CARTESIAN_POINT('',(0.0216499867401945,-0.0116528503521463,0.00399999969424428));
#5598=CARTESIAN_POINT('',(0.0216499867401945,-0.0116528503521463,0.00399999969424428));
#5599=CARTESIAN_POINT('',(0.0191499867401945,-0.0116528503521463,0.00399999969424428));
#5600=CARTESIAN_POINT('',(0.0208315039122745,-0.0116528503521463,0.00399999969424428));
#5601=CARTESIAN_POINT('',(0.0191499867401945,-0.0116528503521463,0.00399999969424428));
#5602=CARTESIAN_POINT('',(0.0191499867401945,-0.0116528503521475,0.00379999969424428));
#5603=CARTESIAN_POINT('',(0.0216499867401945,-0.0116528503521475,0.00379999969424428));
#5604=CARTESIAN_POINT('',(0.0208315039122745,-0.0116528503521475,0.00379999969424428));
#5605=CARTESIAN_POINT('',(0.0208315039122745,-0.0116528503521714,-3.05755721852208E-10));
#5606=CARTESIAN_POINT('',(0.0216499867401945,-0.0116528503521463,0.00399999969424428));
#5607=CARTESIAN_POINT('',(0.0216499867401945,-0.0116528503521463,0.00399999969424428));
#5608=CARTESIAN_POINT('',(0.0174684695681145,-0.0116528503521463,0.00399999969424428));
#5609=CARTESIAN_POINT('',(0.0174684695681145,-0.0116528503521714,-3.05755721852208E-10));
#5610=CARTESIAN_POINT('',(0.0174684695681145,-0.0116528503521475,0.00379999969424428));
#5611=CARTESIAN_POINT('',(0.0216499867401945,-0.0116528503521475,0.00379999969424428));
#5612=CARTESIAN_POINT('',(0.0216499867401945,-0.0135028503521463,0.0039999996942559));
#5613=CARTESIAN_POINT('',(0.0191499867401945,-0.0135028503521463,0.0039999996942559));
#5614=CARTESIAN_POINT('',(0.0191499867401945,-0.0135028503521463,0.0039999996942559));
#5615=CARTESIAN_POINT('',(0.0216499867401945,-0.0135028503521463,0.0039999996942559));
#5616=CARTESIAN_POINT('',(0.0191499867401945,-0.0135028503521463,0.0039999996942559));
#5617=CARTESIAN_POINT('',(0.0191499867401945,-0.0135028503521463,0.0039999996942559));
#5618=CARTESIAN_POINT('',(0.0216499867401945,-0.0135028503521475,0.00379999969425591));
#5619=CARTESIAN_POINT('',(0.0191499867401945,-0.0135028503521475,0.00379999969425591));
#5620=CARTESIAN_POINT('',(0.0216499867401945,-0.0135028503521463,0.0039999996942559));
#5621=CARTESIAN_POINT('',(0.0191499867401945,-0.0135028503521463,0.0039999996942559));
#5622=CARTESIAN_POINT('',(0.0191499867401945,-0.0135028503521463,0.0039999996942559));
#5623=CARTESIAN_POINT('',(0.0216499867401945,-0.0135028503521488,0.0035999996942559));
#5624=CARTESIAN_POINT('',(0.0191499867401945,-0.0135028503521488,0.0035999996942559));
#5625=CARTESIAN_POINT('',(0.0216499867401945,-0.0135028503521463,0.0039999996942559));
#5626=CARTESIAN_POINT('',(0.0191499867401945,-0.0135028503521463,0.0039999996942559));
#5627=CARTESIAN_POINT('',(0.0191499867401945,-0.0135028503521463,0.0039999996942559));
#5628=CARTESIAN_POINT('',(0.0216499867401945,-0.0135028503521475,0.00379999969425591));
#5629=CARTESIAN_POINT('',(0.0191499867401945,-0.0135028503521475,0.00379999969425591));
#5630=CARTESIAN_POINT('',(0.0172999867401945,0.0135028503521525,0.0039999996942559));
#5631=CARTESIAN_POINT('',(0.0172999867401945,0.0135028503521525,0.0039999996942559));
#5632=CARTESIAN_POINT('',(0.0172999867401945,0.0135028503521525,0.0039999996942559));
#5633=CARTESIAN_POINT('',(0.0172999867401945,0.0151843675242326,0.00399999969424533));
#5634=CARTESIAN_POINT('',(0.0172999867401945,0.0135028503521525,0.0039999996942559));
#5635=CARTESIAN_POINT('',(0.0172999867401945,0.01350285035215,0.0035999996942559));
#5636=CARTESIAN_POINT('',(0.0172999867401945,0.01350285035215,0.0035999996942559));
#5637=CARTESIAN_POINT('',(0.0172999867401945,0.0151843675242301,0.00359999969424533));
#5638=CARTESIAN_POINT('',(0.0172999867401945,0.0151843675242075,-3.05754663129314E-10));
#5639=CARTESIAN_POINT('',(0.0172999867401945,0.0135028503521525,0.0039999996942559));
#5640=CARTESIAN_POINT('',(0.0172999867401945,0.0135028503521525,0.0039999996942559));
#5641=CARTESIAN_POINT('',(0.0172999867401945,0.0118213331800725,0.00399999969426647));
#5642=CARTESIAN_POINT('',(0.0172999867401945,0.0118213331800474,-3.0573353028452E-10));
#5643=CARTESIAN_POINT('',(0.0172999867401945,0.01182133318007,0.00359999969426647));
#5644=CARTESIAN_POINT('',(0.0172999867401945,0.01350285035215,0.0035999996942559));
#5645=CARTESIAN_POINT('',(0.0209999867401945,0.0135028503521525,0.0039999996942559));
#5646=CARTESIAN_POINT('',(0.0209999867401945,0.0135028503521525,0.0039999996942559));
#5647=CARTESIAN_POINT('',(0.0209999867401945,0.0135028503521525,0.0039999996942559));
#5648=CARTESIAN_POINT('',(0.0209999867401945,0.0118213331800725,0.00399999969426647));
#5649=CARTESIAN_POINT('',(0.0209999867401945,0.0135028503521525,0.0039999996942559));
#5650=CARTESIAN_POINT('',(0.0209999867401945,0.01350285035215,0.0035999996942559));
#5651=CARTESIAN_POINT('',(0.0209999867401945,0.01350285035215,0.0035999996942559));
#5652=CARTESIAN_POINT('',(0.0209999867401945,0.01182133318007,0.00359999969426647));
#5653=CARTESIAN_POINT('',(0.0209999867401945,0.0118213331800474,-3.0573353028452E-10));
#5654=CARTESIAN_POINT('',(0.0209999867401945,0.0135028503521525,0.0039999996942559));
#5655=CARTESIAN_POINT('',(0.0209999867401945,0.0135028503521525,0.0039999996942559));
#5656=CARTESIAN_POINT('',(0.0209999867401945,0.0151843675242326,0.00399999969424533));
#5657=CARTESIAN_POINT('',(0.0209999867401945,0.0151843675242075,-3.05754663129314E-10));
#5658=CARTESIAN_POINT('',(0.0209999867401945,0.0151843675242301,0.00359999969424533));
#5659=CARTESIAN_POINT('',(0.0209999867401945,0.01350285035215,0.0035999996942559));
#5660=CARTESIAN_POINT('',(0.0216499867401945,0.0116528503521525,0.00399999969426753));
#5661=CARTESIAN_POINT('',(0.0216499867401945,0.0116528503521525,0.00399999969426753));
#5662=CARTESIAN_POINT('',(0.0191499867401945,0.0116528503521525,0.00399999969426753));
#5663=CARTESIAN_POINT('',(0.0174684695681145,0.0116528503521525,0.00399999969426753));
#5664=CARTESIAN_POINT('',(0.0191499867401945,0.0116528503521525,0.00399999969426753));
#5665=CARTESIAN_POINT('',(0.0191499867401945,0.0116528503521513,0.00379999969426753));
#5666=CARTESIAN_POINT('',(0.0216499867401945,0.0116528503521513,0.00379999969426753));
#5667=CARTESIAN_POINT('',(0.0174684695681145,0.0116528503521513,0.00379999969426753));
#5668=CARTESIAN_POINT('',(0.0174684695681145,0.0116528503521274,-3.05732471561626E-10));
#5669=CARTESIAN_POINT('',(0.0216499867401945,0.0116528503521525,0.00399999969426753));
#5670=CARTESIAN_POINT('',(0.0216499867401945,0.0116528503521525,0.00399999969426753));
#5671=CARTESIAN_POINT('',(0.0208315039122745,0.0116528503521525,0.00399999969426753));
#5672=CARTESIAN_POINT('',(0.0208315039122745,0.0116528503521274,-3.05732471561626E-10));
#5673=CARTESIAN_POINT('',(0.0208315039122745,0.0116528503521513,0.00379999969426753));
#5674=CARTESIAN_POINT('',(0.0216499867401945,0.0116528503521513,0.00379999969426753));
#5675=CARTESIAN_POINT('',(0.0216499867401945,0.0153528503521526,0.00399999969424428));
#5676=CARTESIAN_POINT('',(0.0216499867401945,0.0153528503521526,0.00399999969424428));
#5677=CARTESIAN_POINT('',(0.0191499867401945,0.0153528503521526,0.00399999969424428));
#5678=CARTESIAN_POINT('',(0.0208315039122745,0.0153528503521526,0.00399999969424428));
#5679=CARTESIAN_POINT('',(0.0191499867401945,0.0153528503521526,0.00399999969424428));
#5680=CARTESIAN_POINT('',(0.0191499867401945,0.0153528503521513,0.00379999969424428));
#5681=CARTESIAN_POINT('',(0.0216499867401945,0.0153528503521513,0.00379999969424428));
#5682=CARTESIAN_POINT('',(0.0208315039122745,0.0153528503521513,0.00379999969424428));
#5683=CARTESIAN_POINT('',(0.0208315039122745,0.0153528503521274,-3.05755721852208E-10));
#5684=CARTESIAN_POINT('',(0.0216499867401945,0.0153528503521526,0.00399999969424428));
#5685=CARTESIAN_POINT('',(0.0216499867401945,0.0153528503521526,0.00399999969424428));
#5686=CARTESIAN_POINT('',(0.0174684695681145,0.0153528503521526,0.00399999969424428));
#5687=CARTESIAN_POINT('',(0.0174684695681145,0.0153528503521274,-3.05755721852208E-10));
#5688=CARTESIAN_POINT('',(0.0174684695681145,0.0153528503521513,0.00379999969424428));
#5689=CARTESIAN_POINT('',(0.0216499867401945,0.0153528503521513,0.00379999969424428));
#5690=CARTESIAN_POINT('',(0.0216499867401945,0.0135028503521525,0.0039999996942559));
#5691=CARTESIAN_POINT('',(0.0191499867401945,0.0135028503521525,0.0039999996942559));
#5692=CARTESIAN_POINT('',(0.0191499867401945,0.0135028503521525,0.0039999996942559));
#5693=CARTESIAN_POINT('',(0.0216499867401945,0.0135028503521525,0.0039999996942559));
#5694=CARTESIAN_POINT('',(0.0191499867401945,0.0135028503521525,0.0039999996942559));
#5695=CARTESIAN_POINT('',(0.0191499867401945,0.0135028503521525,0.0039999996942559));
#5696=CARTESIAN_POINT('',(0.0216499867401945,0.0135028503521513,0.00379999969425591));
#5697=CARTESIAN_POINT('',(0.0191499867401945,0.0135028503521513,0.00379999969425591));
#5698=CARTESIAN_POINT('',(0.0216499867401945,0.0135028503521525,0.0039999996942559));
#5699=CARTESIAN_POINT('',(0.0191499867401945,0.0135028503521525,0.0039999996942559));
#5700=CARTESIAN_POINT('',(0.0191499867401945,0.0135028503521525,0.0039999996942559));
#5701=CARTESIAN_POINT('',(0.0216499867401945,0.01350285035215,0.0035999996942559));
#5702=CARTESIAN_POINT('',(0.0191499867401945,0.01350285035215,0.0035999996942559));
#5703=CARTESIAN_POINT('',(0.0216499867401945,0.0135028503521525,0.0039999996942559));
#5704=CARTESIAN_POINT('',(0.0191499867401945,0.0135028503521525,0.0039999996942559));
#5705=CARTESIAN_POINT('',(0.0191499867401945,0.0135028503521525,0.0039999996942559));
#5706=CARTESIAN_POINT('',(0.0216499867401945,0.0135028503521513,0.00379999969425591));
#5707=CARTESIAN_POINT('',(0.0191499867401945,0.0135028503521513,0.00379999969425591));
#5708=CARTESIAN_POINT('',(0.00939998674019211,-2.85035213688495E-6,0.00550011810432813));
#5709=CARTESIAN_POINT('',(0.00939998674019211,-0.0168470000000094,0.00550011810443398));
#5710=CARTESIAN_POINT('',(0.0096600372465317,-0.0168470000000094,0.00550011810443398));
#5711=CARTESIAN_POINT('',(0.0119100372465317,-0.0168470000000094,0.00550011810443398));
#5712=CARTESIAN_POINT('',(0.0119100372465317,-0.0180220000000093,0.00550011810444136));
#5713=CARTESIAN_POINT('',(0.0119100372465317,-0.0191970000000093,0.00550011810444875));
#5714=CARTESIAN_POINT('',(0.0096600372465317,-0.0191970000000093,0.00550011810444875));
#5715=CARTESIAN_POINT('',(0.0096600372465317,-0.0191970000000093,0.00550011810444875));
#5716=CARTESIAN_POINT('',(0.0096600372465317,-0.0180220000000093,0.00550011810444136));
#5717=CARTESIAN_POINT('',(0.0191499867401945,-0.0135028503521368,0.00550011810441297));
#5718=CARTESIAN_POINT('',(0.0191499867401945,-0.0153528503521368,0.00550011810442459));
#5719=CARTESIAN_POINT('',(0.0167799371695367,-0.00738280078148146,0.00550011810437451));
#5720=CARTESIAN_POINT('',(0.00864998674009382,-0.0155127512109243,0.0055001181044256));
#5721=CARTESIAN_POINT('',(0.00476003724667547,-0.0194027007043427,0.00550011810445004));
#5722=CARTESIAN_POINT('',(0.0138914080962955,-0.0194027007043427,0.00550011810445004));
#5723=CARTESIAN_POINT('',(0.0137919519126057,-0.0194027007043427,0.00550011810445004));
#5724=CARTESIAN_POINT('',(0.0224586450240119,-0.0158128388766727,0.00550011810442748));
#5725=CARTESIAN_POINT('',(0.0221499867401945,-0.0159406893239687,0.00550011810442828));
#5726=CARTESIAN_POINT('',(0.0221499867401945,-0.0111999999999654,0.00550011810439849));
#5727=CARTESIAN_POINT('',(0.0221499867401945,-0.0114071067811519,0.0055001181043998));
#5728=CARTESIAN_POINT('',(0.0192964333496013,-0.00855355339055871,0.00550011810438186));
#5729=CARTESIAN_POINT('',(0.019442879959008,-0.00869999999996544,0.00550011810438279));
#5730=CARTESIAN_POINT('',(0.00864998674013977,-0.00869999999996544,0.00550011810438279));
#5731=CARTESIAN_POINT('',(0.00864998674013663,-0.00869999999996544,0.00550011810438279));
#5732=CARTESIAN_POINT('',(0.00864998674019128,-2.85035213217206E-6,0.00550011810432813));
#5733=CARTESIAN_POINT('',(0.0226499867401946,0.0159393398282197,0.00537867935069621));
#5734=CARTESIAN_POINT('',(0.0226499867401945,-0.0162747786430981,-0.0214998818955696));
#5735=CARTESIAN_POINT('',(0.0226499867401945,-0.0162747786429611,0.000299999694255905));
#5736=CARTESIAN_POINT('',(0.0226499867401945,-0.0162747786429316,0.00500011810441444));
#5737=CARTESIAN_POINT('',(0.0226499867401945,-0.0112,0.000299999694255905));
#5738=CARTESIAN_POINT('',(0.0226499867401945,-0.0111999999999981,0.000299999694255905));
#5739=CARTESIAN_POINT('',(0.0226499867401945,-0.0112000000001351,-0.0214998818956015));
#5740=CARTESIAN_POINT('',(0.0226499867401945,-0.0111999999999685,0.00500011810438907));
#5741=CARTESIAN_POINT('',(0.0226499867401945,-0.0162747786429316,0.00500011810443039));
#5742=CARTESIAN_POINT('',(0.0226499867401946,0.0159393398282197,0.00537867935069621));
#5743=CARTESIAN_POINT('',(0.0226499867401946,0.0111999999998209,-0.0214998818957422));
#5744=CARTESIAN_POINT('',(0.0226499867401946,0.0111999999999579,0.000299999694255905));
#5745=CARTESIAN_POINT('',(0.0226499867401946,0.0111999999999875,0.00500011810426716));
#5746=CARTESIAN_POINT('',(0.0226499867401946,0.0162747786429189,0.000299999694255905));
#5747=CARTESIAN_POINT('',(0.0226499867401946,0.0162747786429208,0.000299999694255901));
#5748=CARTESIAN_POINT('',(0.0226499867401946,0.0162747786427838,-0.0214998818957741));
#5749=CARTESIAN_POINT('',(0.0226499867401946,0.0162747786429503,0.00500011810424179));
#5750=CARTESIAN_POINT('',(0.0226499867401946,0.0111999999999875,0.00500011810425774));
#5751=CARTESIAN_POINT('',(0.002961552635231,0.019797,0.000199999694255909));
#5752=CARTESIAN_POINT('',(0.002961552635231,0.019897,0.000299999694255912));
#5753=CARTESIAN_POINT('',(0.000649986740189557,0.019897,0.000299999694255912));
#5754=CARTESIAN_POINT('',(0.0139051708140168,0.019897,0.00029999969425591));
#5755=CARTESIAN_POINT('',(0.0136733670568284,0.0187316438171527,-0.000865356488591293));
#5756=CARTESIAN_POINT('',(0.0138454971037983,0.019597,-3.05744096706917E-10));
#5757=CARTESIAN_POINT('',(0.002961552635231,0.019597,-3.05744096706917E-10));
#5758=CARTESIAN_POINT('',(0.00054998674018982,0.019597,-3.05744096706917E-10));
#5759=CARTESIAN_POINT('',(0.0012205087051959,0.0189264780349824,-0.0006705222707616));
#5760=CARTESIAN_POINT('',(0.000367144027709341,0.0197798427124689,0.000182842406724959));
#5761=CARTESIAN_POINT('',(0.000649986740189567,0.019497,-0.0001000003057441));
#5762=CARTESIAN_POINT('',(-0.000350013259809399,9.71445146547012E-17,-3.05744096706917E-10));
#5763=CARTESIAN_POINT('',(0.0191499867401945,0.0135028503521274,-3.05744096706917E-10));
#5764=CARTESIAN_POINT('',(0.0163499867401769,0.0135028503521274,-3.05744096706917E-10));
#5765=CARTESIAN_POINT('',(0.0191499867401945,-0.0135028503521714,-3.05744096706917E-10));
#5766=CARTESIAN_POINT('',(0.0163499867401769,-0.0135028503521714,-3.05744096706917E-10));
#5767=CARTESIAN_POINT('',(0.0119100372465317,-0.0191970000000439,-3.05744096706917E-10));
#5768=CARTESIAN_POINT('',(0.0096600372465317,-0.0191970000000439,-3.05744096706917E-10));
#5769=CARTESIAN_POINT('',(0.0119100372465317,-0.0191970000000439,-3.05744096706917E-10));
#5770=CARTESIAN_POINT('',(0.0119100372465317,-0.0180220000000439,-3.05744096706917E-10));
#5771=CARTESIAN_POINT('',(0.0119100372465317,-0.0168470000000439,-3.05744096706917E-10));
#5772=CARTESIAN_POINT('',(-0.000350013259809399,-0.0168470000000439,-3.05744096706917E-10));
#5773=CARTESIAN_POINT('',(0.0096600372465317,-0.0168470000000346,-3.05744096706917E-10));
#5774=CARTESIAN_POINT('',(0.0096600372465317,-0.0180220000000439,-3.05744096706917E-10));
#5775=CARTESIAN_POINT('',(0.0096600372465317,0.018022,-3.05744096706917E-10));
#5776=CARTESIAN_POINT('',(0.0096600372465317,0.019197,-3.05744096706917E-10));
#5777=CARTESIAN_POINT('',(0.0096600372465317,0.0168469999999907,-3.05744096706917E-10));
#5778=CARTESIAN_POINT('',(0.0119100372465317,0.016847,-3.05744096706917E-10));
#5779=CARTESIAN_POINT('',(0.0119100372465317,0.0168470000000091,-3.05744096706917E-10));
#5780=CARTESIAN_POINT('',(0.0119100372465317,0.018022,-3.05744096706917E-10));
#5781=CARTESIAN_POINT('',(0.0119100372465317,0.0191969999999907,-3.05744096706917E-10));
#5782=CARTESIAN_POINT('',(-0.000350013259809399,0.019197,-3.05744096706917E-10));
#5783=CARTESIAN_POINT('',(-3.83901960545861E-16,-7.05358443216387E-18,-3.05744096706917E-10));
#5784=CARTESIAN_POINT('',(-0.00200000000000038,-7.05358443216387E-18,-3.05744096706917E-10));
#5785=CARTESIAN_POINT('',(0.0223499867401945,-0.016274778642963,-3.05744096706917E-10));
#5786=CARTESIAN_POINT('',(0.0223499867401945,-0.0113242640687119,-3.05744096706917E-10));
#5787=CARTESIAN_POINT('',(0.0223499867401945,-0.0160743250515872,-3.05744096706917E-10));
#5788=CARTESIAN_POINT('',(0.0145008671353811,-0.0193255368445894,-3.05744096706917E-10));
#5789=CARTESIAN_POINT('',(0.0138317343861648,-0.0196027007043428,-3.05744096706917E-10));
#5790=CARTESIAN_POINT('',(0.002961552635231,-0.0196027007043428,-3.05744096706917E-10));
#5791=CARTESIAN_POINT('',(0.00054998674018982,-0.0196027007043428,-3.05744096706917E-10));
#5792=CARTESIAN_POINT('',(0.000549986740178381,-0.01,-3.05744096706917E-10));
#5793=CARTESIAN_POINT('',(0.00054998674018986,-0.012528192654057,-3.05744096706917E-10));
#5794=CARTESIAN_POINT('',(-0.000850013259810101,-0.012528192654057,-3.05744096706917E-10));
#5795=CARTESIAN_POINT('',(-0.00183808944724068,-0.0115363733923834,-3.05744096706917E-10));
#5796=CARTESIAN_POINT('',(0.0030251296222546,-0.0066915088713709,-3.05744096706917E-10));
#5797=CARTESIAN_POINT('',(-0.00415001325980763,-0.0138395721248802,-3.05744096706917E-10));
#5798=CARTESIAN_POINT('',(-0.00415001245903126,0.0070000000000001,-3.05744096706917E-10));
#5799=CARTESIAN_POINT('',(-0.00415001325980763,-0.0176057007043429,-3.05744096706917E-10));
#5800=CARTESIAN_POINT('',(-0.000550013259809901,-0.0176057007043428,-3.05744096706917E-10));
#5801=CARTESIAN_POINT('',(-0.00795001325980969,-0.0176057007043431,-3.05744096706917E-10));
#5802=CARTESIAN_POINT('',(-0.00795001325980994,0.0100000000000003,-3.05744096706917E-10));
#5803=CARTESIAN_POINT('',(-0.00795001325980975,-0.016559742925642,-3.05744096706917E-10));
#5804=CARTESIAN_POINT('',(-0.0038466484090471,-0.0063984731250795,-3.05744096706917E-10));
#5805=CARTESIAN_POINT('',(-0.00352054166636946,-0.00559092646114721,-3.05744096706917E-10));
#5806=CARTESIAN_POINT('',(-0.0020500132598101,-0.00559092646114721,-3.05744096706917E-10));
#5807=CARTESIAN_POINT('',(-0.00270120850821824,-0.00559092646114721,-3.05744096706917E-10));
#5808=CARTESIAN_POINT('',(-0.0027012083553464,-0.0024676128784021,-3.05744096706917E-10));
#5809=CARTESIAN_POINT('',(-0.00270120850821826,0.00558522575680445,-3.05744096706917E-10));
#5810=CARTESIAN_POINT('',(-0.0020500132598101,0.0055852257568044,-3.05744096706917E-10));
#5811=CARTESIAN_POINT('',(-0.00352054166636946,0.0055852257568044,-3.05744096706917E-10));
#5812=CARTESIAN_POINT('',(-0.0038476380630484,0.0063952231268479,-3.05744096706917E-10));
#5813=CARTESIAN_POINT('',(-0.00795001325980976,0.016554042221299,-3.05744096706917E-10));
#5814=CARTESIAN_POINT('',(-0.00795001325980994,0.0100000000000003,-3.05744096706917E-10));
#5815=CARTESIAN_POINT('',(-0.00795001325980973,0.0176,-3.05744096706917E-10));
#5816=CARTESIAN_POINT('',(-0.000550013259809901,0.0176,-3.05744096706917E-10));
#5817=CARTESIAN_POINT('',(-0.00415001325980767,0.0176,-3.05744096706917E-10));
#5818=CARTESIAN_POINT('',(-0.00415001245903126,0.0070000000000001,-3.05744096706917E-10));
#5819=CARTESIAN_POINT('',(-0.00415001325980765,0.0138338714205374,-3.05744096706917E-10));
#5820=CARTESIAN_POINT('',(0.0030237044563564,0.0066872279544244,-3.05744096706917E-10));
#5821=CARTESIAN_POINT('',(-0.00183808944724066,0.0115306726880405,-3.05744096706917E-10));
#5822=CARTESIAN_POINT('',(-0.000850013259810101,0.0125224919497141,-3.05744096706917E-10));
#5823=CARTESIAN_POINT('',(0.000549986740189841,0.0125224919497141,-3.05744096706917E-10));
#5824=CARTESIAN_POINT('',(0.000549986740178381,-0.01,-3.05744096706917E-10));
#5825=CARTESIAN_POINT('',(0.00865745689719531,0.0217459566157118,-3.05744096706917E-10));
#5826=CARTESIAN_POINT('',(0.0223499867401946,0.0160743250515431,-3.05744096706917E-10));
#5827=CARTESIAN_POINT('',(0.0223499867401946,0.011199999999956,-3.05744096706917E-10));
#5828=CARTESIAN_POINT('',(0.0223499867401946,0.011324264068668,-3.05744096706917E-10));
#5829=CARTESIAN_POINT('',(0.00533785470585872,-0.00568786796566799,-3.05744096706917E-10));
#5830=CARTESIAN_POINT('',(0.0195257226715266,0.0085,-3.05744096706917E-10));
#5831=CARTESIAN_POINT('',(-0.000350013259809399,0.0085,-3.05744096706917E-10));
#5832=CARTESIAN_POINT('',(0.00834998674024471,0.0085,-3.05744096706917E-10));
#5833=CARTESIAN_POINT('',(0.00834998674013977,-0.00819999999999812,-3.05744096706917E-10));
#5834=CARTESIAN_POINT('',(0.00834998674013789,-0.0085,-3.05744096706917E-10));
#5835=CARTESIAN_POINT('',(0.0196499867401945,-0.0085,-3.05744096706917E-10));
#5836=CARTESIAN_POINT('',(0.0195257226714826,-0.0085,-3.05744096706917E-10));
#5837=CARTESIAN_POINT('',(0.0224378547058385,-0.0114121320343559,-3.05744096706917E-10));
#5838=CARTESIAN_POINT('',(0.00939998674019211,-2.85035213688495E-6,0.00550011810432813));
#5839=CARTESIAN_POINT('',(0.0119100372465317,0.0180220000000345,0.00550011810421487));
#5840=CARTESIAN_POINT('',(0.0119100372465317,0.0191970000000345,0.00550011810420748));
#5841=CARTESIAN_POINT('',(0.0119100372465317,0.0168470000000345,0.00550011810422225));
#5842=CARTESIAN_POINT('',(0.0096600372465317,0.0168470000000345,0.00550011810422225));
#5843=CARTESIAN_POINT('',(0.0096600372465317,0.0168470000000345,0.00550011810422225));
#5844=CARTESIAN_POINT('',(0.0096600372465317,0.0180220000000345,0.00550011810421487));
#5845=CARTESIAN_POINT('',(0.0096600372465317,0.0191970000000345,0.00550011810420748));
#5846=CARTESIAN_POINT('',(0.00939998674019211,0.0191970000000345,0.00550011810420748));
#5847=CARTESIAN_POINT('',(0.0191499867401945,0.013502850352162,0.00550011810424327));
#5848=CARTESIAN_POINT('',(0.0191499867401945,0.011652850352162,0.00550011810425489));
#5849=CARTESIAN_POINT('',(0.0169040735206826,0.018113617726548,0.00550011810421429));
#5850=CARTESIAN_POINT('',(0.0221499867401946,0.0159406893239939,0.00550011810422795));
#5851=CARTESIAN_POINT('',(0.0138057146304058,0.019397,0.00550011810420623));
#5852=CARTESIAN_POINT('',(0.00939998674019212,0.019397,0.00550011810420623));
#5853=CARTESIAN_POINT('',(0.00476003724638483,0.019397,0.00550011810420623));
#5854=CARTESIAN_POINT('',(0.0167799371693568,0.00737710007702785,0.00550011810428176));
#5855=CARTESIAN_POINT('',(0.00864998674028875,0.015507050506096,0.00550011810423067));
#5856=CARTESIAN_POINT('',(0.00864998674019128,-2.85035213217206E-6,0.00550011810432813));
#5857=CARTESIAN_POINT('',(0.00864998674024597,0.00870000000003456,0.00550011810427345));
#5858=CARTESIAN_POINT('',(0.00939998674019211,0.00870000000003456,0.00550011810427345));
#5859=CARTESIAN_POINT('',(0.019442879959052,0.00870000000003456,0.00550011810427345));
#5860=CARTESIAN_POINT('',(0.0100700081735364,-0.000672871785481134,0.00550011810433234));
#5861=CARTESIAN_POINT('',(0.0221499867401946,0.0114071067811771,0.00550011810425643));
#5862=CARTESIAN_POINT('',(0.0221499867401946,0.0162747786429535,0.00550011810422585));
#5863=CARTESIAN_POINT('',(0.0062731185302714,-0.0199027007043427,0.070460741204563));
#5864=CARTESIAN_POINT('',(0.00426003724626727,-0.0199027007043427,0.0704607412045503));
#5865=CARTESIAN_POINT('',(0.00426003724667862,-0.0199027007043427,0.00500011810445318));
#5866=CARTESIAN_POINT('',(0.00426003724650193,-0.0199027007043427,0.0331181181044394));
#5867=CARTESIAN_POINT('',(0.0062731185302714,-0.0199027007043427,0.0331181181044532));
#5868=CARTESIAN_POINT('',(0.000649986740189679,-0.0199027007043427,0.0331181181044532));
#5869=CARTESIAN_POINT('',(0.000649986740189692,-0.0199027007043427,0.0517303704494098));
#5870=CARTESIAN_POINT('',(0.000649986740189658,-0.0199027007043427,0.000299999694255808));
#5871=CARTESIAN_POINT('',(0.00627311853027135,-0.0199027007043427,0.000299999694255801));
#5872=CARTESIAN_POINT('',(0.0138914080963744,-0.0199027007043427,0.0002999996942558));
#5873=CARTESIAN_POINT('',(0.01389140809531,-0.0199027007043427,0.0704607412046786));
#5874=CARTESIAN_POINT('',(0.0138914080963031,-0.0199027007043427,0.00500011810444179));
#5875=CARTESIAN_POINT('',(0.00426003724667547,-0.0199027007043427,0.00500011810445318));
#5876=CARTESIAN_POINT('',(0.0062731185302713,0.019897,0.070460741204563));
#5877=CARTESIAN_POINT('',(0.000649986740189591,0.019897,0.0517303704494098));
#5878=CARTESIAN_POINT('',(0.000649986740189579,0.019897,0.0331181181042031));
#5879=CARTESIAN_POINT('',(0.00426003724654036,0.019897,0.0331181181042031));
#5880=CARTESIAN_POINT('',(0.00426003724655838,0.019897,0.0331181181042169));
#5881=CARTESIAN_POINT('',(0.00426003724679304,0.019897,0.0704607412045756));
#5882=CARTESIAN_POINT('',(0.00426003724638169,0.019897,0.00500011810420308));
#5883=CARTESIAN_POINT('',(0.0062731185302713,0.019897,0.00500011810420308));
#5884=CARTESIAN_POINT('',(0.0139051708140881,0.019897,0.00500011810421446));
#5885=CARTESIAN_POINT('',(0.013905170813686,0.019897,-0.0214998818957215));
#5886=CARTESIAN_POINT('',(0.002961552635231,-0.0198027007043428,0.000199999694255909));
#5887=CARTESIAN_POINT('',(0.0136598713261697,-0.0187386867555256,-0.000864014254561225));
#5888=CARTESIAN_POINT('',(0.000649986740189667,-0.0195027007043427,-0.000100000305744204));
#5889=CARTESIAN_POINT('',(0.000367144027709467,-0.0197855434168117,0.000182842406724838));
#5890=CARTESIAN_POINT('',(0.0036175536416336,-0.0165351338028876,-0.00306756720719929));
#5891=CARTESIAN_POINT('',(-0.00735001325980979,0.0140000000000002,0.0549141181047));
#5892=CARTESIAN_POINT('',(-0.00385072699327058,0.0053346258115219,0.0417661181942133));
#5893=CARTESIAN_POINT('',(-0.00385072699327065,0.0053346258115221,0.000399998092700013));
#5894=CARTESIAN_POINT('',(-0.0038507269932706,0.00533462581152195,0.0322641181047));
#5895=CARTESIAN_POINT('',(-0.00735001325980978,0.0140000000000002,0.0322641181047));
#5896=CARTESIAN_POINT('',(-0.00835001325980976,0.0164763261786663,0.0322641181047));
#5897=CARTESIAN_POINT('',(-0.00835001325980976,0.0164763261786663,0.0549141181047));
#5898=CARTESIAN_POINT('',(-0.00835001330874764,0.0164763260238105,0.000399998996840207));
#5899=CARTESIAN_POINT('',(-0.00421853764788279,0.0062454449643305,0.000399998092700013));
#5900=CARTESIAN_POINT('',(0.0047999867401886,0.0047647742431959,0.0379141181047));
#5901=CARTESIAN_POINT('',(0.0047999867401887,-0.0050909264611473,0.0379141181047));
#5902=CARTESIAN_POINT('',(0.00479998674018871,-0.0050909264611473,0.0327641181047001));
#5903=CARTESIAN_POINT('',(0.00479998674018871,-0.0050909264611473,0.0331181181043601));
#5904=CARTESIAN_POINT('',(0.00479998674018861,0.00476477424316576,0.0331181181042982));
#5905=CARTESIAN_POINT('',(0.00479998674018871,0.0050852257568045,0.0331181181043282));
#5906=CARTESIAN_POINT('',(0.0047999867401887,0.0050852257568045,0.0379141181047));
#5907=CARTESIAN_POINT('',(0.00479998674018871,0.0050852257568045,0.0327641181047001));
#5908=CARTESIAN_POINT('',(0.00479998674018861,0.0047647742431959,0.0327641181047001));
#5909=CARTESIAN_POINT('',(-0.0037500132598109,0.018,0.0549141181047));
#5910=CARTESIAN_POINT('',(-0.00785001325980971,0.018,0.0549141181047));
#5911=CARTESIAN_POINT('',(-0.00785001325980971,0.018,0.0322641181047));
#5912=CARTESIAN_POINT('',(-0.00785001325980971,0.018,0.000399999694255901));
#5913=CARTESIAN_POINT('',(-0.00375001325981083,0.018,0.0322641181047));
#5914=CARTESIAN_POINT('',(-0.00435113205497189,0.018,0.0322641181047));
#5915=CARTESIAN_POINT('',(-0.00435113205497189,0.018,0.0467661181942128));
#5916=CARTESIAN_POINT('',(-0.00435113205497189,0.018,0.000399999694255901));
#5917=CARTESIAN_POINT('',(-0.000550013259809901,0.018,0.000399999694255901));
#5918=CARTESIAN_POINT('',(-0.000850013259810101,0.0125224919497141,0.0524570588994783));
#5919=CARTESIAN_POINT('',(-0.00162635883564961,0.0117432053869694,0.0549141181047));
#5920=CARTESIAN_POINT('',(-0.00162635883564961,0.0117432053869694,0.0322641181047));
#5921=CARTESIAN_POINT('',(-0.00162635883564959,0.0117432053869694,0.000299999335437923));
#5922=CARTESIAN_POINT('',(-0.000850013259810114,0.0125224919497141,0.0322641181047));
#5923=CARTESIAN_POINT('',(0.00024998674018964,0.0125224919499144,0.0322641181047));
#5924=CARTESIAN_POINT('',(0.00024998674018964,0.012522491949919,0.0329999996940523));
#5925=CARTESIAN_POINT('',(0.000249986740184011,0.0125224919497138,0.000299999694250406));
#5926=CARTESIAN_POINT('',(-0.000850013259810101,0.0125224919497141,0.000299999694255913));
#5927=CARTESIAN_POINT('',(7.94098696583401E-5,0.0100438741639247,0.0549141181047));
#5928=CARTESIAN_POINT('',(-0.0038500132598109,0.0139584678551341,0.0549141181047));
#5929=CARTESIAN_POINT('',(-0.0038500132598109,0.0139584678551341,0.0322641181047));
#5930=CARTESIAN_POINT('',(-0.00385001321823905,0.0139584677964535,0.00029999893504809));
#5931=CARTESIAN_POINT('',(7.94098696583745E-5,0.0100438741639247,0.0322641181047));
#5932=CARTESIAN_POINT('',(7.94098696583516E-5,0.0100438741639247,0.000299998976619934));
#5933=CARTESIAN_POINT('',(0.000830552757367599,-0.0057714924783252,0.0439570588994783));
#5934=CARTESIAN_POINT('',(0.000249986740189676,-0.00635205849550312,0.0329999996942566));
#5935=CARTESIAN_POINT('',(0.000249986740189676,-0.00635205849550312,0.0331181181044094));
#5936=CARTESIAN_POINT('',(0.000249986740189675,-0.00635205849550312,0.0327641181047));
#5937=CARTESIAN_POINT('',(0.000830552757333541,-0.00577149247835925,0.0331181181043644));
#5938=CARTESIAN_POINT('',(0.00151111877454559,-0.00509092646114721,0.0331181181043641));
#5939=CARTESIAN_POINT('',(0.0015111187745456,-0.00509092646114721,0.0494355885020891));
#5940=CARTESIAN_POINT('',(0.00151111877454559,-0.00509092646114721,0.0327641181047));
#5941=CARTESIAN_POINT('',(0.00235840310953903,-0.00424364212615377,0.0327641181047));
#5942=CARTESIAN_POINT('',(-0.0037500132598109,-0.00509092646114721,0.0549141181047));
#5943=CARTESIAN_POINT('',(0.00479998674019695,-0.00509092646114718,0.0331181181043601));
#5944=CARTESIAN_POINT('',(-0.00375001325981083,-0.00509092646114721,0.0327641181047));
#5945=CARTESIAN_POINT('',(0.000249986740189701,-0.02,0.0329999996942566));
#5946=CARTESIAN_POINT('',(0.000249986740189701,-0.0195027007043427,0.0517303704494098));
#5947=CARTESIAN_POINT('',(0.000249986740189689,-0.0195027007043427,0.0331181181044507));
#5948=CARTESIAN_POINT('',(0.000249986740189668,-0.0195027007043427,0.000299999694244643));
#5949=CARTESIAN_POINT('',(0.000249986740189701,-0.0199999999999993,0.0331181181044538));
#5950=CARTESIAN_POINT('',(0.000249986740189664,-8.52257568042966E-5,0.0327641181047));
#5951=CARTESIAN_POINT('',(0.000249986740189685,-0.0113662976501946,0.0327641181047));
#5952=CARTESIAN_POINT('',(0.000249986740189685,-0.0113662976501946,0.0327641181047));
#5953=CARTESIAN_POINT('',(0.000249986740189685,-0.0117132024367055,0.0325122012682856));
#5954=CARTESIAN_POINT('',(0.000249986740189686,-0.012092190591601,0.0322641181046998));
#5955=CARTESIAN_POINT('',(0.000249986740189687,-0.012528192654057,0.0322641181046998));
#5956=CARTESIAN_POINT('',(0.000249986740189887,-0.012528192654057,0.0322641181047));
#5957=CARTESIAN_POINT('',(0.0002499867401899,-0.012528192654057,0.0524570588994783));
#5958=CARTESIAN_POINT('',(0.000249986740189766,-0.012528192654057,0.000299999694250143));
#5959=CARTESIAN_POINT('',(0.00024998674018968,-0.02,0.000299999694244636));
#5960=CARTESIAN_POINT('',(-0.000850013259810101,-0.012528192654057,0.0524570588994783));
#5961=CARTESIAN_POINT('',(-0.000850013259810114,-0.012528192654057,0.0322641181047));
#5962=CARTESIAN_POINT('',(-0.00162635883564954,-0.0117489060913122,0.0322641181047));
#5963=CARTESIAN_POINT('',(-0.00162635883564952,-0.0117489060913122,0.0524570588994783));
#5964=CARTESIAN_POINT('',(-0.00162635858240714,-0.0117489063455141,0.000299999335437972));
#5965=CARTESIAN_POINT('',(-0.000850013259810101,-0.012528192654057,0.000299999694255913));
#5966=CARTESIAN_POINT('',(7.94098696583401E-5,-0.0100495748682676,0.0549141181047));
#5967=CARTESIAN_POINT('',(-0.0038500132598109,-0.013964168559477,0.0322641181047));
#5968=CARTESIAN_POINT('',(-0.0038500132598109,-0.013964168559477,0.0322641181047));
#5969=CARTESIAN_POINT('',(-0.0038500132598109,-0.013964168559477,0.0549141181047));
#5970=CARTESIAN_POINT('',(-0.003850013218239,-0.0139641685007963,0.000299998935048139));
#5971=CARTESIAN_POINT('',(0.00323685972736224,-0.00690404106189761,0.000299998976620034));
#5972=CARTESIAN_POINT('',(-0.00835001325980965,0.02,0.0549141181047));
#5973=CARTESIAN_POINT('',(-0.00835001325981025,-0.017505700704343,0.0549141181047));
#5974=CARTESIAN_POINT('',(-0.00835001325981025,-0.017505700704343,0.0322641181047));
#5975=CARTESIAN_POINT('',(-0.00835001325980972,-0.017505700704343,0.000399999694255901));
#5976=CARTESIAN_POINT('',(-0.00835001325981075,-0.0164820268830117,0.0322641181047));
#5977=CARTESIAN_POINT('',(-0.00835001325981075,-0.0164820268830117,0.0322641181047));
#5978=CARTESIAN_POINT('',(-0.00835001325981075,-0.0164820268830117,0.0549141181047));
#5979=CARTESIAN_POINT('',(-0.00835001329806541,-0.016482026729048,0.000399998986600106));
#5980=CARTESIAN_POINT('',(-0.00835001325980995,0.0100000000000003,0.000399999694255901));
#5981=CARTESIAN_POINT('',(0.00316628285683305,-0.0068331968289225,0.000199998976622401));
#5982=CARTESIAN_POINT('',(-0.0012734742297528,-0.012103127510398,0.000799999335438006));
#5983=CARTESIAN_POINT('',(-0.00794985307228208,-0.0122614170319258,-0.0037998409189949));
#5984=CARTESIAN_POINT('',(-0.000850013259810101,-0.012528192654057,0.000199999694255909));
#5985=CARTESIAN_POINT('',(-0.00025001325981586,-0.012528192654057,0.000799999694250098));
#5986=CARTESIAN_POINT('',(0.00316485769093485,0.00682891591197605,0.000199998976622401));
#5987=CARTESIAN_POINT('',(-0.0012734742297528,0.0120974268060551,0.000799999335437909));
#5988=CARTESIAN_POINT('',(-0.0020300685083944,0.0147143298284124,0.00211994364489271));
#5989=CARTESIAN_POINT('',(-0.000850013259810101,0.0125224919497141,0.000199999694255909));
#5990=CARTESIAN_POINT('',(-0.00025001325981586,0.0125224919497141,0.000799999694250098));
#5991=CARTESIAN_POINT('',(0.0003499867401898,-0.01,0.000199999694244515));
#5992=CARTESIAN_POINT('',(0.000649986740189567,0.019497,-0.00010000030575525));
#5993=CARTESIAN_POINT('',(0.000249986740189567,0.019497,0.000299999694244747));
#5994=CARTESIAN_POINT('',(0.000249986740189661,-0.01,0.000299999694244655));
#5995=CARTESIAN_POINT('',(0.0291490959822069,-4.02802791121815E-14,0.0336181181043281));
#5996=CARTESIAN_POINT('',(0.026299513223811,-0.00284958275843616,0.033618118104346));
#5997=CARTESIAN_POINT('',(0.00814998674028745,0.0152999437250875,0.0336181181042319));
#5998=CARTESIAN_POINT('',(0.00405293046537498,0.019397,0.0336181181042062));
#5999=CARTESIAN_POINT('',(0.000649986740189557,0.019397,0.0336181181042062));
#6000=CARTESIAN_POINT('',(0.000749986740189628,0.019397,0.0336181181042062));
#6001=CARTESIAN_POINT('',(0.000749986740189652,0.00634635779116024,0.0336181181042882));
#6002=CARTESIAN_POINT('',(0.000749986740189652,0.00655346457234678,0.0336181181042869));
#6003=CARTESIAN_POINT('',(0.00186467216514595,0.00543877914739049,0.0336181181042939));
#6004=CARTESIAN_POINT('',(0.00171822555573205,0.00558522575680439,0.033618118104293));
#6005=CARTESIAN_POINT('',(0.0291490959822069,0.00558522575680431,0.033618118104293));
#6006=CARTESIAN_POINT('',(0.00529998674018861,0.00558522575680438,0.033618118104293));
#6007=CARTESIAN_POINT('',(0.00529998674018862,-4.03345586640839E-14,0.0336181181043281));
#6008=CARTESIAN_POINT('',(0.00529998674018863,-0.00559092646114718,0.0336181181043632));
#6009=CARTESIAN_POINT('',(0.00151111877454559,-0.00559092646114719,0.0336181181043632));
#6010=CARTESIAN_POINT('',(0.00171822555573216,-0.00559092646114719,0.0336181181043632));
#6011=CARTESIAN_POINT('',(0.018229123999523,0.0109199719826436,0.0336181181042595));
#6012=CARTESIAN_POINT('',(0.000749986740189673,-0.00655916527668967,0.0336181181043693));
#6013=CARTESIAN_POINT('',(0.000749986740189661,-4.03330907649844E-14,0.0336181181043281));
#6014=CARTESIAN_POINT('',(0.000749986740189695,-0.0194027007043427,0.03361811810445));
#6015=CARTESIAN_POINT('',(0.0291490959822069,-0.0194027007043427,0.03361811810445));
#6016=CARTESIAN_POINT('',(0.00405293046531223,-0.0194027007043427,0.03361811810445));
#6017=CARTESIAN_POINT('',(0.0263023635759107,0.00284673240625586,0.0336181181043102));
#6018=CARTESIAN_POINT('',(0.00814998674009512,-0.0153056444295598,0.0336181181044243));
#6019=CARTESIAN_POINT('',(0.0081499867401913,9.16752321942306E-14,0.0336181181043281));
#6020=CARTESIAN_POINT('',(0.000249986740189701,-0.02,0.0329999996942566));
#6021=CARTESIAN_POINT('',(0.000249986740189659,0.00634635779116024,0.0439570588994783));
#6022=CARTESIAN_POINT('',(0.000249986740189652,0.00634635779116024,0.0331181181042922));
#6023=CARTESIAN_POINT('',(0.000249986740189652,0.00634635779116024,0.0327641181047));
#6024=CARTESIAN_POINT('',(0.000249986740189628,0.0194969999999967,0.0331181181042056));
#6025=CARTESIAN_POINT('',(0.000249986740189589,0.019497,0.0331181181042056));
#6026=CARTESIAN_POINT('',(0.000249986740189601,0.019497,0.0517303704494098));
#6027=CARTESIAN_POINT('',(0.000249986740189886,0.0125224919499144,0.0322641181047));
#6028=CARTESIAN_POINT('',(0.000249986740189887,0.0120874610772687,0.0322641181046208));
#6029=CARTESIAN_POINT('',(0.000249986740189641,0.0117077577424903,0.0325120153577304));
#6030=CARTESIAN_POINT('',(0.000249986740189642,0.0113605969458516,0.0327641181047));
#6031=CARTESIAN_POINT('',(0.000249986740189643,0.0113605969458516,0.0327641181047));
#6032=CARTESIAN_POINT('',(0.000249986740189664,-8.52257568042966E-5,0.0327641181047));
#6033=CARTESIAN_POINT('',(0.000830552757367599,0.0057657917739823,0.0439570588994783));
#6034=CARTESIAN_POINT('',(0.0015111187745456,0.0050852257568043,0.0494355885020891));
#6035=CARTESIAN_POINT('',(0.00151111877454559,0.0050852257568043,0.0327641181047));
#6036=CARTESIAN_POINT('',(0.00151111877454559,0.0050852257568043,0.0331181181042962));
#6037=CARTESIAN_POINT('',(0.000249986740191223,0.00634635779115867,0.0331181181042883));
#6038=CARTESIAN_POINT('',(0.00244077851417188,0.00415556601717802,0.0327641181047));
#6039=CARTESIAN_POINT('',(-0.0037500132598109,0.0050852257568044,0.0549141181047));
#6040=CARTESIAN_POINT('',(-0.0037500132598109,0.0050852257568044,0.0331181181042962));
#6041=CARTESIAN_POINT('',(-0.00375001325981083,0.0050852257568044,0.0327641181047));
#6042=CARTESIAN_POINT('',(-0.0038500132598109,0.014,0.0549141181047));
#6043=CARTESIAN_POINT('',(-0.0038500132598109,-0.0143130905096623,0.0549141181047));
#6044=CARTESIAN_POINT('',(-0.0038500132598109,-0.0143130905096623,0.0327641181047));
#6045=CARTESIAN_POINT('',(-0.0038500132598109,-0.0143130905096623,0.000299998893476266));
#6046=CARTESIAN_POINT('',(-0.0038500132598109,0.0070000000000001,0.000299998893476246));
#6047=CARTESIAN_POINT('',(-0.0038500132598109,-0.00820697948130258,0.0363427545481563));
#6048=CARTESIAN_POINT('',(-0.0038500132598109,-0.0132583948091086,0.0327641181047));
#6049=CARTESIAN_POINT('',(-0.0038500132598109,0.014,0.0327641181047));
#6050=CARTESIAN_POINT('',(-0.00735001325980978,-0.014005700704343,0.0549141181047));
#6051=CARTESIAN_POINT('',(-0.00385072699335061,-0.00534032651606293,0.0322641181047));
#6052=CARTESIAN_POINT('',(-0.00385072699335058,-0.00534032651606295,0.0322641181047));
#6053=CARTESIAN_POINT('',(-0.00385072699335056,-0.0053403265160629,0.0417661181942133));
#6054=CARTESIAN_POINT('',(-0.00385072699335065,-0.0053403265160631,0.000399998092700013));
#6055=CARTESIAN_POINT('',(-0.00421754799388147,-0.0062486949625621,0.000399998092700013));
#6056=CARTESIAN_POINT('',(-0.0038500132598109,0.014,0.0549141181047));
#6057=CARTESIAN_POINT('',(-0.0038500132598109,0.014307389805202,0.0549141181047));
#6058=CARTESIAN_POINT('',(-0.0038500132598109,0.014307389805202,0.000299998893476205));
#6059=CARTESIAN_POINT('',(-0.0038500132598109,0.014307389805202,0.0327641181047));
#6060=CARTESIAN_POINT('',(-0.0038500132598109,0.014,0.0327641181047));
#6061=CARTESIAN_POINT('',(-0.0038500132598109,0.0132526941047657,0.0327641181047));
#6062=CARTESIAN_POINT('',(-0.0038500132598109,0.00330210758413377,0.0398135348019339));
#6063=CARTESIAN_POINT('',(-0.0038500132598109,0.014,0.000299998893476247));
#6064=CARTESIAN_POINT('',(-0.0038511320549719,0.01399714964777,0.0386181182837257));
#6065=CARTESIAN_POINT('',(-0.00385113205497188,-0.0143142050825486,0.0386181182837257));
#6066=CARTESIAN_POINT('',(-0.00385113205497188,-0.0143142050825486,0.000298880098315279));
#6067=CARTESIAN_POINT('',(-0.00385113205497188,-0.0143142050825486,0.0322641181047));
#6068=CARTESIAN_POINT('',(-0.00385113205497188,-0.0175057007043429,0.0322641181047));
#6069=CARTESIAN_POINT('',(-0.0038511320549719,-0.0175057007043429,0.0322641181047));
#6070=CARTESIAN_POINT('',(-0.0038511320549719,-0.0175057007043429,0.0467661181942128));
#6071=CARTESIAN_POINT('',(-0.0038511320549719,-0.0175057007043429,0.000298880098315246));
#6072=CARTESIAN_POINT('',(-0.00385113205497189,0.0070000000000001,0.000298880098315249));
#6073=CARTESIAN_POINT('',(0.0002547332508245,-0.010223835098597,0.0386181182837257));
#6074=CARTESIAN_POINT('',(0.000254733250824509,-0.010223835098597,0.0327641181047));
#6075=CARTESIAN_POINT('',(-0.00435113205497189,-0.0148123181085869,0.0327641181047));
#6076=CARTESIAN_POINT('',(0.000551684341842545,-0.00992800468553228,0.0278613017078856));
#6077=CARTESIAN_POINT('',(0.00317852226181075,-0.00731108031507741,0.00732853441509791));
#6078=CARTESIAN_POINT('',(0.0002547332508245,0.0102181343941367,0.0386181182837257));
#6079=CARTESIAN_POINT('',(-0.0014841346579982,0.0119504399060257,0.00266587749528891));
#6080=CARTESIAN_POINT('',(-0.0038511320549719,0.0143085043780883,0.000298880098315205));
#6081=CARTESIAN_POINT('',(-0.0038511320549719,0.0143085043780883,0.0386181182837257));
#6082=CARTESIAN_POINT('',(-0.0038511320549719,0.0143085043780883,0.0322641181047));
#6083=CARTESIAN_POINT('',(-0.00324066628671131,0.0137003424758462,0.0316536523364394));
#6084=CARTESIAN_POINT('',(-0.0043511320549719,0.0148066174041266,0.0327641181047));
#6085=CARTESIAN_POINT('',(0.00437511867600201,0.00611329908897837,0.0327641181047));
#6086=CARTESIAN_POINT('',(1.99493199737333E-16,0.,0.0432123686123724));
#6087=CARTESIAN_POINT('',(-3.79851764908204E-16,-7.00461522768311E-18,0.000299999694255905));
#6088=CARTESIAN_POINT('',(-0.00170000000000038,-7.00461522768311E-18,0.000299999694255928));
#6089=CARTESIAN_POINT('',(-5.09202696334847E-17,-3.02764347290906E-18,0.024664118717285));
#6090=CARTESIAN_POINT('',(-0.00170000000000005,-3.02764347290906E-18,0.024664118717285));
#6091=CARTESIAN_POINT('',(-0.00180001325981042,-8.52257568043005E-5,0.0327641181047));
#6092=CARTESIAN_POINT('',(5.84350043129434E-17,-1.70547505192128E-18,0.0327641181047));
#6093=CARTESIAN_POINT('',(-0.00169999999999994,-1.70547505192128E-18,0.0327641181047));
#6094=CARTESIAN_POINT('',(-0.000850013259810114,0.0125224919497141,0.0327641181047));
#6095=CARTESIAN_POINT('',(-0.00197924318830392,0.0113889842220854,0.0327641181047));
#6096=CARTESIAN_POINT('',(0.00384777459540754,0.00558395730003873,0.0327641181047));
#6097=CARTESIAN_POINT('',(-0.00435113205497189,-8.52257568043017E-5,0.0327641181047));
#6098=CARTESIAN_POINT('',(-0.0043511320549719,0.0175,0.0327641181047));
#6099=CARTESIAN_POINT('',(-0.00180001325980989,0.0175,0.0327641181047));
#6100=CARTESIAN_POINT('',(-0.00785001325980972,0.0175,0.0327641181047));
#6101=CARTESIAN_POINT('',(-0.00785001325981025,-8.52257568041175E-5,0.0327641181047));
#6102=CARTESIAN_POINT('',(-0.00785001325980975,0.0165734712319681,0.0327641181047));
#6103=CARTESIAN_POINT('',(-0.001217778483718,0.000149894632871511,0.0327641181047));
#6104=CARTESIAN_POINT('',(-0.00294624655938619,0.00443014537763751,0.0327641181047));
#6105=CARTESIAN_POINT('',(-0.000115444342377366,0.00159934316062885,0.0327641181047));
#6106=CARTESIAN_POINT('',(-0.00283978943294699,0.00432368825119831,0.0327641181047));
#6107=CARTESIAN_POINT('',(-0.00283978943294699,0.000193108827191904,0.0327641181047));
#6108=CARTESIAN_POINT('',(-0.00283978943294699,-0.00432938895565926,0.0327641181047));
#6109=CARTESIAN_POINT('',(-0.000197819746951251,-0.00168741926966336,0.0327641181047));
#6110=CARTESIAN_POINT('',(-0.00294624655946624,-0.00443584608217852,0.0327641181047));
#6111=CARTESIAN_POINT('',(-0.00788638877876404,-0.01666924958616,0.0327641181047));
#6112=CARTESIAN_POINT('',(-0.00785001325981075,-0.0165791719363134,0.0327641181047));
#6113=CARTESIAN_POINT('',(-0.00785001325981078,-0.017505700704343,0.0327641181047));
#6114=CARTESIAN_POINT('',(-0.00785001325980972,-0.0175057007043431,0.0327641181047));
#6115=CARTESIAN_POINT('',(-0.00435113205497191,-0.0175057007043429,0.0327641181047));
#6116=CARTESIAN_POINT('',(-0.00435113205497189,-0.0175057007043429,0.0327641181047));
#6117=CARTESIAN_POINT('',(-0.00435113205497189,-0.0143142050825486,0.0327641181047));
#6118=CARTESIAN_POINT('',(-0.00197924318830387,-0.0113946849264282,0.0327641181047));
#6119=CARTESIAN_POINT('',(-0.00197924318830386,-0.0113946849264282,0.0327641181047));
#6120=CARTESIAN_POINT('',(-0.000850013259810114,-0.012528192654057,0.0327641181047));
#6121=CARTESIAN_POINT('',(-0.0038511320549719,0.01399714964777,0.0386181182837257));
#6122=CARTESIAN_POINT('',(-0.0038511320549719,0.0175,0.0467661181942128));
#6123=CARTESIAN_POINT('',(-0.0038511320549719,0.0175,0.0322641181047));
#6124=CARTESIAN_POINT('',(-0.0038511320549719,0.0175,0.000298880098315246));
#6125=CARTESIAN_POINT('',(-0.0038511320549719,0.01399714964777,0.0322641181047));
#6126=CARTESIAN_POINT('',(-0.0038511320549719,0.01399714964777,0.000298880098315246));
#6127=CARTESIAN_POINT('',(-0.00395001325980925,0.0070000000000001,0.000199998893477896));
#6128=CARTESIAN_POINT('',(-0.0043511320549719,0.0175,-0.000201119901684754));
#6129=CARTESIAN_POINT('',(-0.00395065268505792,0.0177993597739733,0.000199359468229234));
#6130=CARTESIAN_POINT('',(-0.00281667939262414,0.0189333330664071,0.00133333276066301));
#6131=CARTESIAN_POINT('',(-0.0043511320549719,0.0175,0.0467661181942128));
#6132=CARTESIAN_POINT('',(-0.0043511320549719,0.0175,0.0322641181047));
#6133=CARTESIAN_POINT('',(-0.0043511320549719,0.0175,-0.000100000305744002));
#6134=CARTESIAN_POINT('',(-0.000550013259809901,0.0178,0.000199999694255909));
#6135=CARTESIAN_POINT('',(-0.00785001325980973,0.0175,-0.000100000305743891));
#6136=CARTESIAN_POINT('',(-0.008203566650403,0.0178535533905935,0.0002535530848492));
#6137=CARTESIAN_POINT('',(-0.0056166799264766,0.0152666666666667,-0.0023333336390774));
#6138=CARTESIAN_POINT('',(-0.00815001325980995,0.0100000000000003,0.000199999694255909));
#6139=CARTESIAN_POINT('',(-0.00785001325980973,0.0175,-0.000100000305744294));
#6140=CARTESIAN_POINT('',(-0.00835001325980973,0.0175,0.000399999694255901));
#6141=CARTESIAN_POINT('',(-0.00877123929019735,0.0163944773470431,0.000821225724643299));
#6142=CARTESIAN_POINT('',(-0.00835001325980995,0.0100000000000003,0.000399999694255901));
#6143=CARTESIAN_POINT('',(-0.00835001325980965,0.02,0.0549141181047));
#6144=CARTESIAN_POINT('',(-0.00835001325980965,0.02,0.0322641181047));
#6145=CARTESIAN_POINT('',(-0.00835001325980973,0.0175,0.0322641181047));
#6146=CARTESIAN_POINT('',(-0.00835001325980973,0.0175,0.0549141181047));
#6147=CARTESIAN_POINT('',(-0.00785001325980973,0.0175,0.0549141181047));
#6148=CARTESIAN_POINT('',(-0.00785001325980973,0.0175,0.0322641181047));
#6149=CARTESIAN_POINT('',(-0.00815001325980995,0.0100000000000003,0.000199999694255909));
#6150=CARTESIAN_POINT('',(-0.00785001325980972,-0.017505700704343,-0.000100000305744294));
#6151=CARTESIAN_POINT('',(-0.00820356665040295,-0.0178592540949363,0.000253553084849103));
#6152=CARTESIAN_POINT('',(-0.00710151877891572,-0.0167246060816328,-0.000848494786638301));
#6153=CARTESIAN_POINT('',(0.00111855364163774,-0.0085371338028951,-0.0090685672071918));
#6154=CARTESIAN_POINT('',(-0.00785001325980972,-0.017505700704343,0.0549141181047));
#6155=CARTESIAN_POINT('',(-0.0078500132598097,-0.018005700704343,0.0549141181047));
#6156=CARTESIAN_POINT('',(-0.0078500132598097,-0.018005700704343,0.000399999694255901));
#6157=CARTESIAN_POINT('',(-0.0078500132598097,-0.018005700704343,0.0322641181047));
#6158=CARTESIAN_POINT('',(-0.00785001325980972,-0.017505700704343,0.0322641181047));
#6159=CARTESIAN_POINT('',(-0.00785001325980972,-0.017505700704343,-0.000100000305743891));
#6160=CARTESIAN_POINT('',(-0.0037500132598109,-0.0180057007043429,0.0549141181047));
#6161=CARTESIAN_POINT('',(-0.00435113205497189,-0.0180057007043429,0.0467661181942128));
#6162=CARTESIAN_POINT('',(-0.00435113205497189,-0.0180057007043429,0.0322641181047));
#6163=CARTESIAN_POINT('',(-0.00435113205497189,-0.0180057007043429,0.000399999694256018));
#6164=CARTESIAN_POINT('',(-0.0078500132598097,-0.018005700704343,0.0322641181047));
#6165=CARTESIAN_POINT('',(-0.000550013259809901,-0.0180057007043428,0.000399999694255901));
#6166=CARTESIAN_POINT('',(-0.000550013259809901,-0.0178057007043428,0.000199999694255909));
#6167=CARTESIAN_POINT('',(-0.0043511320549719,-0.0175057007043429,-0.000100000305744002));
#6168=CARTESIAN_POINT('',(-0.00395065268505791,-0.0178050604783161,0.000199359468229236));
#6169=CARTESIAN_POINT('',(-0.00281667939262414,-0.0189390337707499,0.00133333276066301));
#6170=CARTESIAN_POINT('',(-0.00395001325980925,0.0070000000000001,0.000199998893477896));
#6171=CARTESIAN_POINT('',(-0.0043511320549719,-0.0175057007043429,-0.000201119901684754));
#6172=CARTESIAN_POINT('',(-0.0043511320549719,-0.0175057007043429,0.0467661181942128));
#6173=CARTESIAN_POINT('',(-0.0043511320549719,-0.0175057007043429,0.0322641181047));
#6174=CARTESIAN_POINT('',(0.000649986740189601,0.019497,0.0517303704494098));
#6175=CARTESIAN_POINT('',(0.000649986740189589,0.019497,0.0335181181042056));
#6176=CARTESIAN_POINT('',(0.000367144027714989,0.0197798427124745,0.0332352753917292));
#6177=CARTESIAN_POINT('',(0.000649986740189589,0.019497,0.0335181181042056));
#6178=CARTESIAN_POINT('',(0.0003499867401898,-0.01,0.000199999694244515));
#6179=CARTESIAN_POINT('',(0.000649986740189667,-0.0195027007043427,-0.000100000305755361));
#6180=CARTESIAN_POINT('',(0.000649986740189701,-0.0195027007043427,0.0517303704494098));
#6181=CARTESIAN_POINT('',(0.000649986740189689,-0.0195027007043427,0.0335181181044506));
#6182=CARTESIAN_POINT('',(0.000367144027715079,-0.0197855434168173,0.0332352753919778));
#6183=CARTESIAN_POINT('',(0.000649986740189689,-0.0195027007043427,0.0335181181044506));
#6184=CARTESIAN_POINT('',(1.99493199737333E-16,0.,0.0432123686123724));
#6185=CARTESIAN_POINT('',(0.0028500000000001,2.99999999840011E-6,0.0217641181047));
#6186=CARTESIAN_POINT('',(0.0028500000000001,0.0015140282825991,0.021364118717285));
#6187=CARTESIAN_POINT('',(0.0028500000000001,0.0015140282825991,0.024664118717285));
#6188=CARTESIAN_POINT('',(0.00285000000000011,2.99999999840041E-6,0.024664118717285));
#6189=CARTESIAN_POINT('',(0.0028500000000001,-0.0015083275782576,0.024664118717285));
#6190=CARTESIAN_POINT('',(0.0028500000000001,-0.0015083275782576,0.021364118717285));
#6191=CARTESIAN_POINT('',(5.99104099563351E-16,5.7007043412013E-6,0.024664118717285));
#6192=CARTESIAN_POINT('',(-0.0032012085082198,-0.0036380041133606,0.024664118717285));
#6193=CARTESIAN_POINT('',(0.00142746847738995,-0.00246674722470014,0.024664118717285));
#6194=CARTESIAN_POINT('',(0.0027312500000006,-0.0017140086116564,0.024664118717285));
#6195=CARTESIAN_POINT('',(0.0026125000000006,-0.0015083275782576,0.024664118717285));
#6196=CARTESIAN_POINT('',(0.0026125000000006,0.0015140282825991,0.024664118717285));
#6197=CARTESIAN_POINT('',(5.00000000006017E-5,-0.00326202902092111,0.021364118717285));
#6198=CARTESIAN_POINT('',(5.00000000005997E-5,-0.00326202902092111,0.028864118717285));
#6199=CARTESIAN_POINT('',(0.0027312500000006,-0.0017140086116564,0.028864118717285));
#6200=CARTESIAN_POINT('',(0.0027312500000006,-0.0017140086116564,0.0238641187172851));
#6201=CARTESIAN_POINT('',(0.0026125000000006,0.0015140282825991,0.021364118717285));
#6202=CARTESIAN_POINT('',(5.99104099563351E-16,5.7007043412013E-6,0.028864118717285));
#6203=CARTESIAN_POINT('',(0.0026125000000006,-0.00150832757825759,0.028864118717285));
#6204=CARTESIAN_POINT('',(0.0026125000000006,-0.0015083275782576,0.021364118717285));
#6205=CARTESIAN_POINT('',(-0.0037012085082198,-0.0049352257568043,0.0249141181047));
#6206=CARTESIAN_POINT('',(-0.00370120850821982,0.0036437048177022,0.024164118717285));
#6207=CARTESIAN_POINT('',(-0.0037012085082198,-0.00413800411336061,0.024164118717285));
#6208=CARTESIAN_POINT('',(-0.00370120850821982,0.0041437048177022,0.024164118717285));
#6209=CARTESIAN_POINT('',(-0.00370120850821984,0.0041437048177022,0.028864118717285));
#6210=CARTESIAN_POINT('',(-0.00370120850821984,0.0041437048177022,0.029364118717285));
#6211=CARTESIAN_POINT('',(-0.00370120850821981,-0.0049352257568043,0.029364118717285));
#6212=CARTESIAN_POINT('',(-0.00370120850821981,-0.00413800411336061,0.029364118717285));
#6213=CARTESIAN_POINT('',(-0.0037012085082198,-0.00413800411336061,0.024664118717285));
#6214=CARTESIAN_POINT('',(-0.00370120850821983,0.000193108827191921,0.0319026990294271));
#6215=CARTESIAN_POINT('',(-0.00370120850821982,-0.00519080803093215,0.0319026990294271));
#6216=CARTESIAN_POINT('',(-0.00370120850821985,0.00518510732647112,0.0319026990294271));
#6217=CARTESIAN_POINT('',(-0.00370120850821984,0.00518510732647112,0.0286181182837267));
#6218=CARTESIAN_POINT('',(-0.00370120850821983,0.00518510732647112,0.0248316312175617));
#6219=CARTESIAN_POINT('',(-0.0037012085082198,-0.0049352257568043,0.0248316312175617));
#6220=CARTESIAN_POINT('',(-0.00370120850821983,0.00518522575680439,0.0248316312175617));
#6221=CARTESIAN_POINT('',(-0.0037012085082182,0.0051852257568044,0.0364391181047006));
#6222=CARTESIAN_POINT('',(-0.0037012085082187,0.0051852257568044,0.001));
#6223=CARTESIAN_POINT('',(-0.00370120850821974,-0.0024676128784021,0.000999999847129202));
#6224=CARTESIAN_POINT('',(-0.00370120850821894,-0.0051909264611472,0.0010000000000004));
#6225=CARTESIAN_POINT('',(-0.0037012085082182,-0.0051909264611472,0.0364391181047006));
#6226=CARTESIAN_POINT('',(-0.00370120850821874,-0.0051909264611472,0.0248316312175627));
#6227=CARTESIAN_POINT('',(-0.0037012085082198,-0.0049352257568043,0.0248316312175617));
#6228=CARTESIAN_POINT('',(-0.0037012085082198,-0.00519080803093215,0.0248316312175617));
#6229=CARTESIAN_POINT('',(-0.0037012085082198,-0.00519080803093215,0.0249141181047));
#6230=CARTESIAN_POINT('',(-0.003201208508219,-0.0024676128784021,0.000499999847128507));
#6231=CARTESIAN_POINT('',(-0.0306826700128007,-0.0051909264611473,0.0279814613517102));
#6232=CARTESIAN_POINT('',(-0.00310120838592084,-0.0051909264611472,0.000399999694255998));
#6233=CARTESIAN_POINT('',(-0.0306826700128007,0.00518522575680445,0.0279814613517102));
#6234=CARTESIAN_POINT('',(-0.00310120838592088,0.00518522575680434,0.000399999694255901));
#6235=CARTESIAN_POINT('',(-0.00571882133566364,0.00256761277648715,0.0030176126745731));
#6236=CARTESIAN_POINT('',(-0.0040756463181765,-0.0042164884983171,0.001374437657086));
#6237=CARTESIAN_POINT('',(-0.00643392201300274,0.000193108827191903,0.0291699855246442));
#6238=CARTESIAN_POINT('',(-0.00385901801164881,0.00534291682990007,0.0317448895259982));
#6239=CARTESIAN_POINT('',(-0.0037283785587003,-0.00521797808141264,0.0318755289789467));
#6240=CARTESIAN_POINT('',(-0.00289838810707,0.000193108827191903,0.0256344516187115));
#6241=CARTESIAN_POINT('',(0.0113156325595538,0.00518522575680434,0.0398484722853353));
#6242=CARTESIAN_POINT('',(-0.003701326938553,0.00518522575680434,0.0248315127872285));
#6243=CARTESIAN_POINT('',(-4.30303555783995E-5,0.0015269291738299,0.0284898093702031));
#6244=CARTESIAN_POINT('',(-0.00289838810707,0.000193108827191903,0.0256344516187115));
#6245=CARTESIAN_POINT('',(-0.00727637252878535,-0.0087659720514979,0.0212564671969961));
#6246=CARTESIAN_POINT('',(-0.00370132693843486,-0.0051909264611472,0.0248315127873466));
#6247=CARTESIAN_POINT('',(0.0113156325595538,-0.0051909264611472,0.0398484722853353));
#6248=CARTESIAN_POINT('',(-0.0001071848123402,0.0015910836305917,0.0286181182837267));
#6249=CARTESIAN_POINT('',(-0.00912688238488593,0.0106107812031369,0.0293474406432779));
#6250=CARTESIAN_POINT('',(-0.00583925104111077,0.007323149859362,0.00149925685581401));
#6251=CARTESIAN_POINT('',(-0.0037545147804919,0.00523841359874325,0.000346811852317108));
#6252=CARTESIAN_POINT('',(0.00810080734207935,-0.0066169085238273,0.0122021339748876));
#6253=CARTESIAN_POINT('',(-0.00370132693855306,0.0051852257568044,0.000399999694255901));
#6254=CARTESIAN_POINT('',(-0.0037013269385532,0.0051852257568044,0.0417661181942133));
#6255=CARTESIAN_POINT('',(-0.0037500132598109,0.0051852257568044,0.0549141181047));
#6256=CARTESIAN_POINT('',(-0.0020500132598101,0.0051852257568044,0.000399999694255901));
#6257=CARTESIAN_POINT('',(-0.0037500132598109,-0.0051909264611472,0.0549141181047));
#6258=CARTESIAN_POINT('',(-0.0037013269384349,-0.0051909264611472,0.0417661181942134));
#6259=CARTESIAN_POINT('',(-0.00370132693843478,-0.0051909264611472,0.000399999694255901));
#6260=CARTESIAN_POINT('',(-0.0020500132598101,-0.0051909264611472,0.000399999694255901));
#6261=CARTESIAN_POINT('',(-0.0109571980721504,-0.0124467975948632,0.0286181182837267));
#6262=CARTESIAN_POINT('',(-0.000426344497510107,-0.00191594402022224,0.0341571289248093));
#6263=CARTESIAN_POINT('',(0.000867465168911679,-0.000622134353800451,0.0049687918016026));
#6264=CARTESIAN_POINT('',(-0.00375451478044426,-0.0052441143031567,0.000346811852246401));
#6265=CARTESIAN_POINT('',(-0.0105444658709385,-0.0120340653936513,0.0041003059301521));
#6266=CARTESIAN_POINT('',(-0.00403308785546558,0.0063203340455892,0.000199998893477896));
#6267=CARTESIAN_POINT('',(-0.00335784698683264,0.00582638377671995,-0.000241158325659699));
#6268=CARTESIAN_POINT('',(-0.00403209820146427,-0.0063235840438208,0.000199998893477896));
#6269=CARTESIAN_POINT('',(-0.00335784698683264,-0.00583208448106271,-0.000241158325659588));
#6270=CARTESIAN_POINT('',(-0.0020500132598101,0.0053852257568044,0.000199999694255909));
#6271=CARTESIAN_POINT('',(-0.0020500132598101,-0.0053909264611472,0.000199999694255909));
#6272=CARTESIAN_POINT('',(0.0166540393039361,0.00750299794243606,0.003500118104281));
#6273=CARTESIAN_POINT('',(0.0166540393039361,0.00750299794262217,0.033118118104281));
#6274=CARTESIAN_POINT('',(0.00864998674028875,0.0155070505062696,0.0331181181042169));
#6275=CARTESIAN_POINT('',(0.00864998674028875,0.0155070505060834,0.00350011810423067));
#6276=CARTESIAN_POINT('',(0.0120227052847868,0.0121343319616435,0.0127627861426084));
#6277=CARTESIAN_POINT('',(0.0086499867401913,-2.74890255003157E-13,0.00350011810432812));
#6278=CARTESIAN_POINT('',(0.0086499867401913,-8.87748208278083E-14,0.0331181181043281));
#6279=CARTESIAN_POINT('',(0.00864998674009382,-0.0155127512107508,0.0331181181043282));
#6280=CARTESIAN_POINT('',(0.00864998674009382,-0.0155127512109369,0.00350011810442562));
#6281=CARTESIAN_POINT('',(0.00864998674017025,-0.00335000000014747,0.000150118104497616));
#6282=CARTESIAN_POINT('',(0.00864998674013977,-0.00819999999996858,0.00500011810437965));
#6283=CARTESIAN_POINT('',(0.00864998674013977,-0.0082000000001351,-0.0214998818956203));
#6284=CARTESIAN_POINT('',(0.00864998674013977,-0.00819999999999812,0.000299999694255905));
#6285=CARTESIAN_POINT('',(0.00864998674024283,0.0082,0.000299999694255905));
#6286=CARTESIAN_POINT('',(0.00864998674024283,0.00820000000000189,0.000299999694255905));
#6287=CARTESIAN_POINT('',(0.00864998674024283,0.0081999999998649,-0.0214998818957234));
#6288=CARTESIAN_POINT('',(0.00864998674024283,0.00820000000003142,0.00500011810427659));
#6289=CARTESIAN_POINT('',(0.00864998674021235,0.00334999999985249,0.000150118104158624));
#6290=CARTESIAN_POINT('',(0.0166554644798788,-0.00750727347115193,0.00350011810437532));
#6291=CARTESIAN_POINT('',(0.0166554644798788,-0.00750727347096582,0.0331181181043753));
#6292=CARTESIAN_POINT('',(0.0120236554021097,-0.0121390825488628,0.0127637362598843));
#6293=CARTESIAN_POINT('',(0.0181499867401945,0.0181387396734628,-0.0214998818957859));
#6294=CARTESIAN_POINT('',(0.018149986740243,0.0181387396735797,0.000299999694255901));
#6295=CARTESIAN_POINT('',(0.0181499867401945,0.0181387396736293,0.00500011810421414));
#6296=CARTESIAN_POINT('',(0.0211499867401946,0.00969999999982089,-0.0214998818957328));
#6297=CARTESIAN_POINT('',(0.0196499867401945,0.00819999999982091,-0.0214998818957234));
#6298=CARTESIAN_POINT('',(0.0196499867401945,0.0081999999999579,0.000299999694255905));
#6299=CARTESIAN_POINT('',(0.0196499867401945,0.00819999999998743,0.00500011810427659));
#6300=CARTESIAN_POINT('',(0.021149986740126,0.00969999999988938,0.000299999694255905));
#6301=CARTESIAN_POINT('',(0.0211499867401946,0.00969999999998741,0.00500011810426716));
#6302=CARTESIAN_POINT('',(0.0141499867402335,0.0081999999998649,-0.0214998818957234));
#6303=CARTESIAN_POINT('',(0.0141499867402335,0.00820000000000189,0.000299999694255905));
#6304=CARTESIAN_POINT('',(0.0141499867402335,0.00820000000003142,0.00500011810427659));
#6305=CARTESIAN_POINT('',(0.0141499867402115,-0.0082000000001351,-0.0214998818956203));
#6306=CARTESIAN_POINT('',(0.0196499867401945,-0.0082000000001351,-0.0214998818956203));
#6307=CARTESIAN_POINT('',(0.0196499867401945,-0.00819999999999811,0.000299999694255905));
#6308=CARTESIAN_POINT('',(0.0196499867401945,-0.00819999999996858,0.00500011810437965));
#6309=CARTESIAN_POINT('',(0.00864998674013977,-0.00819999999999811,0.000299999694255905));
#6310=CARTESIAN_POINT('',(0.0196499867401945,-0.00819999999996858,0.00500011810437965));
#6311=CARTESIAN_POINT('',(0.0211499867401946,-0.00970000000013508,-0.0214998818956109));
#6312=CARTESIAN_POINT('',(0.0196499867401955,-0.00819999999999906,0.000299999694255905));
#6313=CARTESIAN_POINT('',(0.0226499867401945,-0.0111999999999685,0.0050001181043985));
#6314=CARTESIAN_POINT('',(0.0181499867401945,-0.018138739673777,-0.0214998818955579));
#6315=CARTESIAN_POINT('',(0.0226499867401939,-0.0162747786429614,0.000299999694255907));
#6316=CARTESIAN_POINT('',(0.0138914080962955,-0.0199027007043459,0.00500011810445318));
#6317=CARTESIAN_POINT('',(0.0107850372465317,-0.017147000000179,-0.0214998818955641));
#6318=CARTESIAN_POINT('',(0.0119100372465317,-0.017147000000179,-0.0214998818955641));
#6319=CARTESIAN_POINT('',(0.0119100372465317,-0.017147000000042,0.000299999694255905));
#6320=CARTESIAN_POINT('',(0.0119100372465317,-0.0171470000000112,0.00520011810443586));
#6321=CARTESIAN_POINT('',(0.0107850372465317,-0.0171470000000112,0.00520011810443586));
#6322=CARTESIAN_POINT('',(0.0096600372465317,-0.0171470000000112,0.00520011810443586));
#6323=CARTESIAN_POINT('',(0.0096600372465317,-0.017147000000179,-0.0214998818955641));
#6324=CARTESIAN_POINT('',(0.0096600372465317,-0.017147000000042,0.000299999694257789));
#6325=CARTESIAN_POINT('',(0.0107850372465317,-0.017147000000042,0.000299999694255905));
#6326=CARTESIAN_POINT('',(0.0096600372465317,-0.018022000000179,-0.0214998818955587));
#6327=CARTESIAN_POINT('',(0.0096600372465317,-0.0180220000000112,0.00520011810444136));
#6328=CARTESIAN_POINT('',(0.0096600372465317,-0.0188970000000112,0.00520011810444136));
#6329=CARTESIAN_POINT('',(0.0096600372465317,-0.018897000000179,-0.0214998818955531));
#6330=CARTESIAN_POINT('',(0.0096600372465317,-0.018897000000042,0.000299999694255905));
#6331=CARTESIAN_POINT('',(0.0096600372465317,-0.018022000000042,0.000299999694257789));
#6332=CARTESIAN_POINT('',(0.0107850372465317,-0.018897000000179,-0.0214998818955531));
#6333=CARTESIAN_POINT('',(0.0119100372465317,-0.0188970000000112,0.00520011810444686));
#6334=CARTESIAN_POINT('',(0.0119100372465317,-0.0188970000000112,0.00520011810444686));
#6335=CARTESIAN_POINT('',(0.0119100372465317,-0.018897000000179,-0.0214998818955531));
#6336=CARTESIAN_POINT('',(0.0119100372465317,-0.018897000000042,0.000299999694255905));
#6337=CARTESIAN_POINT('',(0.0096600372465317,-0.018897000000042,0.000299999694255905));
#6338=CARTESIAN_POINT('',(0.0119100372465317,-0.018022000000179,-0.0214998818955587));
#6339=CARTESIAN_POINT('',(0.0119100372465317,-0.0180220000000112,0.00520011810444136));
#6340=CARTESIAN_POINT('',(0.0119100372465317,-0.018022000000042,0.000299999694254021));
#6341=CARTESIAN_POINT('',(0.0107850372465317,0.0188969999998648,-0.0214998818957906));
#6342=CARTESIAN_POINT('',(0.0119100372465317,0.0188969999998648,-0.0214998818957906));
#6343=CARTESIAN_POINT('',(0.0119100372465317,0.0188970000000018,0.000299999694254021));
#6344=CARTESIAN_POINT('',(0.0119100372465317,0.0188970000000326,0.00520011810420937));
#6345=CARTESIAN_POINT('',(0.0107850372465317,0.0188970000000326,0.00520011810420937));
#6346=CARTESIAN_POINT('',(0.0096600372465317,0.0188970000000326,0.00520011810421487));
#6347=CARTESIAN_POINT('',(0.0096600372465317,0.0188969999998648,-0.0214998818957906));
#6348=CARTESIAN_POINT('',(0.0096600372465317,0.0188970000000018,0.000299999694255905));
#6349=CARTESIAN_POINT('',(0.0107850372465317,0.0188970000000018,0.000299999694255905));
#6350=CARTESIAN_POINT('',(0.0096600372465317,0.0180219999998648,-0.0214998818957851));
#6351=CARTESIAN_POINT('',(0.0096600372465317,0.0180220000000326,0.00520011810421487));
#6352=CARTESIAN_POINT('',(0.0096600372465317,0.0171470000000325,0.00520011810421487));
#6353=CARTESIAN_POINT('',(0.0096600372465317,0.0171469999998648,-0.0214998818957797));
#6354=CARTESIAN_POINT('',(0.0096600372465317,0.0171470000000018,0.000299999694257789));
#6355=CARTESIAN_POINT('',(0.0096600372465317,0.0180220000000018,0.000299999694257789));
#6356=CARTESIAN_POINT('',(0.0107850372465317,0.0171469999998648,-0.0214998818957797));
#6357=CARTESIAN_POINT('',(0.0119100372465317,0.0171470000000325,0.00520011810422037));
#6358=CARTESIAN_POINT('',(0.0119100372465317,0.0171470000000325,0.00520011810421487));
#6359=CARTESIAN_POINT('',(0.0119100372465317,0.0171469999998648,-0.0214998818957797));
#6360=CARTESIAN_POINT('',(0.0119100372465317,0.0171470000000018,0.000299999694254021));
#6361=CARTESIAN_POINT('',(0.0096600372465317,0.0171470000000018,0.000299999694255905));
#6362=CARTESIAN_POINT('',(0.0119100372465317,0.0180219999998648,-0.0214998818957851));
#6363=CARTESIAN_POINT('',(0.0119100372465317,0.0180220000000326,0.00520011810421487));
#6364=CARTESIAN_POINT('',(0.0119100372465317,0.0180220000000018,0.000299999694254021));
#6365=CARTESIAN_POINT('',(0.0191499867401945,0.0135028503521274,-3.05744096706917E-10));
#6366=CARTESIAN_POINT('',(0.0216499867401945,0.01350285035215,0.0035999996942559));
#6367=CARTESIAN_POINT('',(0.0191499867401945,0.01350285035215,0.0035999996942559));
#6368=CARTESIAN_POINT('',(0.0191499867401945,0.0135028503521274,-3.05744096706917E-10));
#6369=CARTESIAN_POINT('',(0.0191499867401945,0.0135028503521293,0.000299999694255903));
#6370=CARTESIAN_POINT('',(0.0191499867401945,0.0160028503521293,0.000299999694240189));
#6371=CARTESIAN_POINT('',(0.0191499867401945,-0.0135028503521714,-3.05744096706917E-10));
#6372=CARTESIAN_POINT('',(0.0216499867401945,-0.0135028503521488,0.0035999996942559));
#6373=CARTESIAN_POINT('',(0.0191499867401945,-0.0135028503521488,0.0035999996942559));
#6374=CARTESIAN_POINT('',(0.0191499867401945,-0.0135028503521714,-3.05744096706917E-10));
#6375=CARTESIAN_POINT('',(0.0191499867401945,-0.0135028503521695,0.000299999694255903));
#6376=CARTESIAN_POINT('',(0.0191499867401945,-0.0110028503521695,0.000299999694240189));
#6377=CARTESIAN_POINT('',(0.0141499867402115,-0.00819999999996858,0.00500011810437965));
#6378=CARTESIAN_POINT('',(0.0192154395856199,-0.00924908963402676,0.006049207738451));
#6379=CARTESIAN_POINT('',(0.0211499867401946,-0.00969999999996856,0.00500011810438907));
#6380=CARTESIAN_POINT('',(0.0222453585251098,-0.0113676024943729,0.00540474631948427));
#6381=CARTESIAN_POINT('',(0.0221499867401945,-2.85035213692053E-6,0.00550011810432813));
#6382=CARTESIAN_POINT('',(0.0177970392909438,-0.0130321428263668,0.00985306555366066));
#6383=CARTESIAN_POINT('',(0.0181499867401945,-0.0181387396736104,0.0050001181044421));
#6384=CARTESIAN_POINT('',(0.0138019880053752,-0.0194531555498656,0.00544966325892745));
#6385=CARTESIAN_POINT('',(0.00939998674019213,-0.0194027007043427,0.00550011810445004));
#6386=CARTESIAN_POINT('',(0.00939998674019211,0.00870000000003456,0.00550011810427345));
#6387=CARTESIAN_POINT('',(0.0186494052914218,0.0106156173040389,0.00741573540825374));
#6388=CARTESIAN_POINT('',(0.0100700081735364,-0.000672871785481133,0.00550011810433234));
#6389=CARTESIAN_POINT('',(0.0188913866297355,0.0127568631413002,0.00875871821470705));
#6390=CARTESIAN_POINT('',(0.0221499867401945,-2.85035213692053E-6,0.00550011810432813));
#6391=CARTESIAN_POINT('',(0.0177954823128441,0.0130311024869406,0.00985462253159669));
#6392=CARTESIAN_POINT('',(0.0169040735206826,0.018113617726548,0.00550011810421429));
#6393=CARTESIAN_POINT('',(0.0137406564133655,0.0190699302561609,0.00582718784804723));
#6394=CARTESIAN_POINT('',(0.0062731185302713,0.019897,0.00500011810420308));
#6395=CARTESIAN_POINT('',(0.0191499867401945,0.0135028503521274,-3.05744096706917E-10));
#6396=CARTESIAN_POINT('',(0.0191499867401945,-0.0135028503521714,-3.05744096706917E-10));
#6397=CARTESIAN_POINT('',(0.0096600372465317,-0.0180220000000112,0.00520011810444136));
#6398=CARTESIAN_POINT('',(0.0096600372465317,-0.0168470000000094,0.00550011810443398));
#6399=CARTESIAN_POINT('',(0.0096600372465317,-0.0188970000000112,0.00520011810444686));
#6400=CARTESIAN_POINT('',(0.0107850372465317,-0.0188970000000112,0.00520011810444686));
#6401=CARTESIAN_POINT('',(0.0119100372465317,-0.0188970000000112,0.00520011810444686));
#6402=CARTESIAN_POINT('',(0.00939998674019211,-0.0168470000000094,0.00550011810443398));
#6403=CARTESIAN_POINT('',(0.0119100372465317,-0.0168470000000094,0.00550011810443398));
#6404=CARTESIAN_POINT('',(0.0119100372465317,-0.0180220000000112,0.00520011810444136));
#6405=CARTESIAN_POINT('',(0.00939998674019211,0.0191970000000345,0.00550011810420748));
#6406=CARTESIAN_POINT('',(0.0119100372465317,0.0191970000000345,0.00550011810420748));
#6407=CARTESIAN_POINT('',(0.0096600372465317,0.0188970000000326,0.00520011810420937));
#6408=CARTESIAN_POINT('',(0.0096600372465317,0.0180220000000345,0.00550011810421486));
#6409=CARTESIAN_POINT('',(0.0096600372465317,0.0171470000000325,0.00520011810422036));
#6410=CARTESIAN_POINT('',(0.0119100372465317,0.0180220000000345,0.00550011810421486));
#6411=CARTESIAN_POINT('',(0.0119100372465317,0.0168470000000345,0.00550011810422225));
#6412=CARTESIAN_POINT('',(0.0107850372465317,0.0171470000000325,0.00520011810422037));
#6413=CARTESIAN_POINT('',(0.0096600372465317,-0.018022000000042,0.000299999694257789));
#6414=CARTESIAN_POINT('',(0.0096600372465317,-0.0191970000000531,-3.05744096706917E-10));
#6415=CARTESIAN_POINT('',(0.0096600372465317,-0.017147000000042,0.000299999694252294));
#6416=CARTESIAN_POINT('',(-0.000350013259809399,-0.0168470000000439,-3.05744096706917E-10));
#6417=CARTESIAN_POINT('',(0.0119100372465317,-0.017147000000042,0.000299999694255905));
#6418=CARTESIAN_POINT('',(0.0107850372465317,-0.018897000000042,0.000299999694255905));
#6419=CARTESIAN_POINT('',(0.0119100372465317,-0.0191970000000439,-3.05744096706917E-10));
#6420=CARTESIAN_POINT('',(0.0119100372465317,-0.018022000000042,0.000299999694254021));
#6421=CARTESIAN_POINT('',(-0.000350013259809399,0.019197,-3.05744096706917E-10));
#6422=CARTESIAN_POINT('',(0.0096600372465317,0.019197,-3.05744096706917E-10));
#6423=CARTESIAN_POINT('',(0.0119100372465317,0.0188970000000018,0.000299999694255905));
#6424=CARTESIAN_POINT('',(0.0119100372465317,0.018022,-3.05744096706917E-10));
#6425=CARTESIAN_POINT('',(0.0119100372465317,0.0171470000000018,0.000299999694259516));
#6426=CARTESIAN_POINT('',(0.0096600372465317,0.018022,-3.05744096706917E-10));
#6427=CARTESIAN_POINT('',(0.0096600372465317,0.0168469999999907,-3.05744096706917E-10));
#6428=CARTESIAN_POINT('',(0.0107850372465317,0.0171470000000018,0.000299999694255905));
#6429=CARTESIAN_POINT('',(0.00865745689719531,0.0217459566157118,-3.05744096706917E-10));
#6430=CARTESIAN_POINT('',(0.0183021560410832,0.0133696510484575,-0.00404783100485547));
#6431=CARTESIAN_POINT('',(0.0223499867401946,3.38158180136406E-17,-3.05744096706917E-10));
#6432=CARTESIAN_POINT('',(0.0245100172943285,0.010429550118019,0.00216003024838977));
#6433=CARTESIAN_POINT('',(0.00533785470585872,-0.00568786796566799,-3.05744096706917E-10));
#6434=CARTESIAN_POINT('',(0.02111100404576,0.00467279220617235,0.00382720748810763));
#6435=CARTESIAN_POINT('',(-0.000350013259809399,0.0085,-3.05744096706917E-10));
#6436=CARTESIAN_POINT('',(0.0113833200736398,0.00546666666660494,0.00303333302767005));
#6437=CARTESIAN_POINT('',(0.0086499867401913,-2.74890255003157E-13,0.000299999694255905));
#6438=CARTESIAN_POINT('',(0.0104833200735047,-0.0063666666666332,0.00213333302760931));
#6439=CARTESIAN_POINT('',(0.0141499867402115,-0.00819999999999811,0.000299999694255905));
#6440=CARTESIAN_POINT('',(0.0192154395856225,-0.0092490896340634,-0.00074908993980279));
#6441=CARTESIAN_POINT('',(0.0211499867402631,-0.00970000000006659,0.000299999694255905));
#6442=CARTESIAN_POINT('',(0.0222453585251336,-0.0113676024943977,-0.000104628520805043));
#6443=CARTESIAN_POINT('',(0.0223499867401946,3.38158180136406E-17,-3.05744096706917E-10));
#6444=CARTESIAN_POINT('',(0.0179597621711686,-0.0131408707789232,-0.00439022487476998));
#6445=CARTESIAN_POINT('',(0.018149986740146,-0.0181387396736601,0.000299999694255905));
#6446=CARTESIAN_POINT('',(-3.83901960545861E-16,-7.05358443216387E-18,-3.05744096706917E-10));
#6447=CARTESIAN_POINT('',(-0.0037012085082198,-0.00413800411336061,0.0249141181047));
#6448=CARTESIAN_POINT('',(-0.00198664023565252,-0.00242343584079331,0.0276495504447178));
#6449=CARTESIAN_POINT('',(-0.0034512087124148,-0.00388800431755561,0.02441411851309));
#6450=CARTESIAN_POINT('',(-0.00370120850821979,-0.0049352257568043,0.024164118717285));
#6451=CARTESIAN_POINT('',(-0.00345120871241482,0.0038937050218972,0.02441411851309));
#6452=CARTESIAN_POINT('',(-0.00320120850821981,5.70070434119064E-6,0.028864118717285));
#6453=CARTESIAN_POINT('',(-0.00221787497069148,0.0026603712801739,0.0278807851797567));
#6454=CARTESIAN_POINT('',(-0.00370120850821983,0.0041437048177022,0.0249141181047));
#6455=CARTESIAN_POINT('',(0.018229123999523,0.0109199719826436,0.0336181181042595));
#6456=CARTESIAN_POINT('',(-0.000501131859802984,-0.00604093498443546,0.0323669995043734));
#6457=CARTESIAN_POINT('',(-0.000126619620329321,-0.00113707621662084,0.029164267859809));
#6458=CARTESIAN_POINT('',(-0.0037500132598109,-0.00509092646114721,0.0331181181043601));
#6459=CARTESIAN_POINT('',(0.00343634458648244,-0.00372728430744097,0.0317544759506454));
#6460=CARTESIAN_POINT('',(0.000749986740189661,-4.03330907649844E-14,0.0336181181043281));
#6461=CARTESIAN_POINT('',(0.00225769733689199,-0.0178949901076404,0.0351258287011428));
#6462=CARTESIAN_POINT('',(0.00529998674018862,-4.03345586640839E-14,0.0336181181043281));
#6463=CARTESIAN_POINT('',(0.0132496898208946,0.0135349288375104,0.0415678211849491));
#6464=CARTESIAN_POINT('',(0.0062731185302714,-0.0199027007043427,0.0331181181044532));
#6465=CARTESIAN_POINT('',(0.00287503423080371,-0.0165590076399671,0.0364618111688077));
#6466=CARTESIAN_POINT('',(0.0291490959822069,0.00558522575680431,0.033618118104293));
#6467=CARTESIAN_POINT('',(0.00388549949962943,0.0108174879055395,0.0388503802529952));
#6468=CARTESIAN_POINT('',(0.0166554644798788,-0.00750727347096582,0.0331181181043753));
#6469=CARTESIAN_POINT('',(0.00569102919630888,-0.0142871108655994,0.0360770756482105));
#6470=CARTESIAN_POINT('',(0.000830552757401651,0.00576579177394824,0.0331181181042919));
#6471=CARTESIAN_POINT('',(0.000406595667713939,0.0064112273329295,0.0332747270318121));
#6472=CARTESIAN_POINT('',(0.0086499867401913,-8.87748208278083E-14,0.0331181181043281));
#6473=CARTESIAN_POINT('',(0.0108090970751591,0.0164013832896113,0.0309590077693603));
#6474=CARTESIAN_POINT('',(0.000249986740189701,-0.0199999999999993,0.0331181181044538));
#6475=CARTESIAN_POINT('',(0.0135489867402172,0.00659799999997237,0.0464171181043142));
#6476=CARTESIAN_POINT('',(0.0166540393039361,0.00750299794262217,0.033118118104281));
#6477=CARTESIAN_POINT('',(0.00287519347288711,0.0165536913797841,0.03646142672444));
#6478=CARTESIAN_POINT('',(0.0062731185302713,0.019897,0.0331181181042031));
#6479=CARTESIAN_POINT('',(7.94098696583745E-5,0.0100438741639247,0.0322641181047));
#6480=CARTESIAN_POINT('',(-0.00162635883564961,0.0117432053869694,0.0322641181047));
#6481=CARTESIAN_POINT('',(-0.000850013259810114,0.0125224919497141,0.0322641181047));
#6482=CARTESIAN_POINT('',(0.00376539977961614,-0.00567172194190803,0.0327641181047));
#6483=CARTESIAN_POINT('',(-0.00197924318830386,-0.0113946849264282,0.0327641181047));
#6484=CARTESIAN_POINT('',(-0.000850013259810114,-0.012528192654057,0.0327641181047));
#6485=CARTESIAN_POINT('',(-0.00735001325980978,0.0140000000000002,0.0322641181047));
#6486=CARTESIAN_POINT('',(-0.00809538208932573,0.0165257984959243,0.032518749275184));
#6487=CARTESIAN_POINT('',(-0.00835001325980965,0.02,0.0322641181047));
#6488=CARTESIAN_POINT('',(-0.00835001325980973,0.0175,0.0322641181047));
#6489=CARTESIAN_POINT('',(-0.00785001325980973,0.0175,0.0322641181047));
#6490=CARTESIAN_POINT('',(-0.00785001325980971,0.018,0.0322641181047));
#6491=CARTESIAN_POINT('',(-0.00375001325981083,0.018,0.0322641181047));
#6492=CARTESIAN_POINT('',(-0.00435113205497189,0.018,0.0322641181047));
#6493=CARTESIAN_POINT('',(-0.0043511320549719,0.0175,0.0322641181047));
#6494=CARTESIAN_POINT('',(-0.0038511320549719,0.0175,0.0322641181047));
#6495=CARTESIAN_POINT('',(-0.00435113205497189,-8.52257568043017E-5,0.0327641181047));
#6496=CARTESIAN_POINT('',(-0.00435113205497189,-8.52257568043017E-5,0.0327641181047));
#6497=CARTESIAN_POINT('',(-0.00385113205497188,-0.0175057007043429,0.0322641181047));
#6498=CARTESIAN_POINT('',(-0.0043511320549719,-0.0175057007043429,0.0322641181047));
#6499=CARTESIAN_POINT('',(-0.00435113205497189,-0.0180057007043429,0.0322641181047));
#6500=CARTESIAN_POINT('',(-0.00180001325980988,-0.0175057007043429,0.0327641181047));
#6501=CARTESIAN_POINT('',(-0.0078500132598097,-0.018005700704343,0.0322641181047));
#6502=CARTESIAN_POINT('',(-0.00785001325980972,-0.017505700704343,0.0322641181047));
#6503=CARTESIAN_POINT('',(-0.00835001325980972,-0.017505700704343,0.0322641181047));
#6504=CARTESIAN_POINT('',(-0.00785001325981026,-8.52257568041175E-5,0.0327641181047));
#6505=CARTESIAN_POINT('',(-0.00942263634488457,-0.0162736268294673,0.0311914950196262));
#6506=CARTESIAN_POINT('',(-0.00127498064253744,-0.000297246540575105,0.0327641181047));
#6507=MECHANICAL_DESIGN_GEOMETRIC_PRESENTATION_REPRESENTATION('',(#3950),
#6508);
#6508=(
GEOMETRIC_REPRESENTATION_CONTEXT(3)
GLOBAL_UNCERTAINTY_ASSIGNED_CONTEXT((#6509))
GLOBAL_UNIT_ASSIGNED_CONTEXT((#6512,#6511,#6510))
REPRESENTATION_CONTEXT('front_arm_base','TOP_LEVEL_ASSEMBLY_PART')
);
#6509=UNCERTAINTY_MEASURE_WITH_UNIT(LENGTH_MEASURE(2.E-5),#6512,
'DISTANCE_ACCURACY_VALUE','Maximum Tolerance applied to model');
#6510=(
NAMED_UNIT(*)
SI_UNIT($,.STERADIAN.)
SOLID_ANGLE_UNIT()
);
#6511=(
NAMED_UNIT(*)
PLANE_ANGLE_UNIT()
SI_UNIT($,.RADIAN.)
);
#6512=(
LENGTH_UNIT()
NAMED_UNIT(*)
SI_UNIT($,.METRE.)
);
#6513=PRODUCT_DEFINITION_SHAPE('','',#6514);
#6514=PRODUCT_DEFINITION('','',#6516,#6515);
#6515=PRODUCT_DEFINITION_CONTEXT('',#6522,'design');
#6516=PRODUCT_DEFINITION_FORMATION_WITH_SPECIFIED_SOURCE('','',#6518,
 .NOT_KNOWN.);
#6517=PRODUCT_RELATED_PRODUCT_CATEGORY('','',(#6518));
#6518=PRODUCT('front_arm_base','front_arm_base','front_arm_base',(#6520));
#6519=PRODUCT_CATEGORY('','');
#6520=PRODUCT_CONTEXT('',#6522,'mechanical');
#6521=APPLICATION_PROTOCOL_DEFINITION('international standard',
'ap242_managed_model_based_3d_engineering',2011,#6522);
#6522=APPLICATION_CONTEXT('managed model based 3d engineering');
ENDSEC;
END-ISO-10303-21;
