ISO-10303-21;
HEADER;
/* Generated by software containing ST-Developer
 * from STEP Tools, Inc. (www.steptools.com) 
 */
/* OPTION: using custom renumber hook */

FILE_DESCRIPTION(
/* description */ ('STEP AP242',
'CAx-IF Rec.Pracs.---Representation and Presentation of Product Manufa
cturing Information (PMI)---4.0---2014-10-13',
'CAx-IF Rec.Pracs.---3D Tessellated Geometry---0.4---2014-09-14','2;1',
'CAx-IF Rec.Pracs.---User Defined Attributes---1.5---2016-08-15'),
/* implementation_level */ '2;1');

FILE_NAME(
/* name */ 'Slide_Base_Side_Switch - Slide_Base',
/* time_stamp */ '2025-11-20T06:11:15Z',
/* author */ (''),
/* organization */ (''),
/* preprocessor_version */ 'ST-DEVELOPER v20',
/* originating_system */ 'ONSHAPE BY PTC INC, 1.206',
/* authorisation */ '  ');

FILE_SCHEMA (('AP242_MANAGED_MODEL_BASED_3D_ENGINEERING_MIM_LF { 1 0 10303 442 1 1 4 }'));
ENDSEC;

DATA;
#10=SHAPE_REPRESENTATION_RELATIONSHIP('','',#3167,#11);
#11=ADVANCED_BREP_SHAPE_REPRESENTATION('',(#3165),#5375);
#12=CONICAL_SURFACE('',#3375,0.00204999793701453,0.78539816339745);
#13=CONICAL_SURFACE('',#3378,0.00205000016096619,0.785398163397449);
#14=CONICAL_SURFACE('',#3379,0.00205000016093369,0.785398163397449);
#15=CONICAL_SURFACE('',#3437,0.00225,0.785398163397448);
#16=CONICAL_SURFACE('',#3438,0.00225,0.785398163397448);
#17=CONICAL_SURFACE('',#3440,0.00185,0.785398163397448);
#18=CONICAL_SURFACE('',#3441,0.00185,0.785398163397448);
#19=CONICAL_SURFACE('',#3444,0.0021,0.785398163397448);
#20=CONICAL_SURFACE('',#3445,0.0021,0.785398163397448);
#21=CONICAL_SURFACE('',#3447,0.0021,0.785398163397448);
#22=CONICAL_SURFACE('',#3448,0.0021,0.785398163397448);
#23=CONICAL_SURFACE('',#3451,0.00075,0.785398163397449);
#24=CONICAL_SURFACE('',#3455,0.00599993019460609,0.785398163397452);
#25=CONICAL_SURFACE('',#3457,0.00632300481060727,0.785398163397445);
#26=CONICAL_SURFACE('',#3458,0.00075,0.785398163397449);
#27=CONICAL_SURFACE('',#3459,0.00575009550599723,0.78539816339745);
#28=CONICAL_SURFACE('',#3462,0.00622888587948164,0.785398163397445);
#29=CONICAL_SURFACE('',#3463,0.00575,0.785398163397448);
#30=CONICAL_SURFACE('',#3464,0.00576587410412936,0.785398163397446);
#31=CONICAL_SURFACE('',#3467,0.00575,0.785398163397448);
#32=CONICAL_SURFACE('',#3469,0.00075,0.785398163397449);
#33=CONICAL_SURFACE('',#3470,0.00025,0.785398163397446);
#34=CONICAL_SURFACE('',#3472,0.0170000037210073,0.785398163397448);
#35=CONICAL_SURFACE('',#3473,0.00075,0.785398163397449);
#36=CONICAL_SURFACE('',#3474,0.00025,0.785398163397449);
#37=CONICAL_SURFACE('',#3477,0.00075,0.785398163397449);
#38=CONICAL_SURFACE('',#3478,0.00154999793701453,0.78539816339745);
#39=CONICAL_SURFACE('',#3481,0.00025,0.785398163397448);
#40=CONICAL_SURFACE('',#3482,0.0170000037210073,0.785398163397448);
#41=CONICAL_SURFACE('',#3484,0.00125,0.785398163397446);
#42=CONICAL_SURFACE('',#3485,0.00552111577743882,0.78539816339745);
#43=CONICAL_SURFACE('',#3488,0.00155000016096619,0.785398163397452);
#44=CONICAL_SURFACE('',#3489,0.00155000016093369,0.785398163397449);
#45=CONICAL_SURFACE('',#3495,0.00305,0.785398163397446);
#46=ELLIPSE('',#3325,0.0240416358226415,0.0170000037210073);
#47=ELLIPSE('',#3374,0.000707106781186547,0.0005);
#48=B_SPLINE_CURVE_WITH_KNOTS('',3,(#4670,#4671,#4672,#4673),
 .UNSPECIFIED.,.F.,.F.,(4,4),(0.,8.3190584149977E-6),.UNSPECIFIED.);
#49=B_SPLINE_CURVE_WITH_KNOTS('',3,(#5100,#5101,#5102,#5103),
 .UNSPECIFIED.,.F.,.F.,(4,4),(0.1,1.95),.UNSPECIFIED.);
#50=B_SPLINE_CURVE_WITH_KNOTS('',3,(#5133,#5134,#5135,#5136),
 .UNSPECIFIED.,.F.,.F.,(4,4),(0.,0.000707553231548025),.UNSPECIFIED.);
#51=B_SPLINE_CURVE_WITH_KNOTS('',3,(#5142,#5143,#5144,#5145),
 .UNSPECIFIED.,.F.,.F.,(4,4),(0.,1.),.UNSPECIFIED.);
#52=B_SPLINE_CURVE_WITH_KNOTS('',3,(#5277,#5278,#5279,#5280),
 .UNSPECIFIED.,.F.,.F.,(4,4),(0.,0.000354275940838864),.UNSPECIFIED.);
#53=B_SPLINE_CURVE_WITH_KNOTS('',3,(#5286,#5287,#5288,#5289),
 .UNSPECIFIED.,.F.,.F.,(4,4),(0.,1.),.UNSPECIFIED.);
#54=B_SPLINE_CURVE_WITH_KNOTS('',3,(#5293,#5294,#5295,#5296),
 .UNSPECIFIED.,.F.,.F.,(4,4),(0.,0.000354319152607203),.UNSPECIFIED.);
#55=B_SPLINE_CURVE_WITH_KNOTS('',3,(#5328,#5329,#5330,#5331),
 .UNSPECIFIED.,.F.,.F.,(4,4),(1.01436833503248E-16,0.00035379248062043),
 .UNSPECIFIED.);
#56=B_SPLINE_CURVE_WITH_KNOTS('',3,(#5335,#5336,#5337,#5338),
 .UNSPECIFIED.,.F.,.F.,(4,4),(0.,0.000361778034961086),.UNSPECIFIED.);
#57=B_SPLINE_CURVE_WITH_KNOTS('',3,(#5344,#5345,#5346,#5347),
 .UNSPECIFIED.,.F.,.F.,(4,4),(0.,0.000353556044325675),.UNSPECIFIED.);
#58=B_SPLINE_CURVE_WITH_KNOTS('',3,(#5351,#5352,#5353,#5354),
 .UNSPECIFIED.,.F.,.F.,(4,4),(0.,0.000353556044325661),.UNSPECIFIED.);
#59=B_SPLINE_CURVE_WITH_KNOTS('',3,(#5360,#5361,#5362,#5363),
 .UNSPECIFIED.,.F.,.F.,(4,4),(0.,1.),.UNSPECIFIED.);
#60=LINE('',#4447,#348);
#61=LINE('',#4450,#349);
#62=LINE('',#4452,#350);
#63=LINE('',#4454,#351);
#64=LINE('',#4456,#352);
#65=LINE('',#4458,#353);
#66=LINE('',#4460,#354);
#67=LINE('',#4462,#355);
#68=LINE('',#4464,#356);
#69=LINE('',#4466,#357);
#70=LINE('',#4469,#358);
#71=LINE('',#4471,#359);
#72=LINE('',#4473,#360);
#73=LINE('',#4475,#361);
#74=LINE('',#4477,#362);
#75=LINE('',#4479,#363);
#76=LINE('',#4481,#364);
#77=LINE('',#4483,#365);
#78=LINE('',#4485,#366);
#79=LINE('',#4487,#367);
#80=LINE('',#4489,#368);
#81=LINE('',#4491,#369);
#82=LINE('',#4493,#370);
#83=LINE('',#4495,#371);
#84=LINE('',#4497,#372);
#85=LINE('',#4499,#373);
#86=LINE('',#4501,#374);
#87=LINE('',#4503,#375);
#88=LINE('',#4504,#376);
#89=LINE('',#4506,#377);
#90=LINE('',#4508,#378);
#91=LINE('',#4510,#379);
#92=LINE('',#4512,#380);
#93=LINE('',#4514,#381);
#94=LINE('',#4516,#382);
#95=LINE('',#4518,#383);
#96=LINE('',#4520,#384);
#97=LINE('',#4522,#385);
#98=LINE('',#4524,#386);
#99=LINE('',#4525,#387);
#100=LINE('',#4527,#388);
#101=LINE('',#4531,#389);
#102=LINE('',#4536,#390);
#103=LINE('',#4537,#391);
#104=LINE('',#4557,#392);
#105=LINE('',#4560,#393);
#106=LINE('',#4562,#394);
#107=LINE('',#4564,#395);
#108=LINE('',#4566,#396);
#109=LINE('',#4568,#397);
#110=LINE('',#4570,#398);
#111=LINE('',#4572,#399);
#112=LINE('',#4574,#400);
#113=LINE('',#4576,#401);
#114=LINE('',#4579,#402);
#115=LINE('',#4581,#403);
#116=LINE('',#4583,#404);
#117=LINE('',#4585,#405);
#118=LINE('',#4587,#406);
#119=LINE('',#4589,#407);
#120=LINE('',#4591,#408);
#121=LINE('',#4593,#409);
#122=LINE('',#4595,#410);
#123=LINE('',#4597,#411);
#124=LINE('',#4599,#412);
#125=LINE('',#4601,#413);
#126=LINE('',#4603,#414);
#127=LINE('',#4605,#415);
#128=LINE('',#4607,#416);
#129=LINE('',#4609,#417);
#130=LINE('',#4611,#418);
#131=LINE('',#4613,#419);
#132=LINE('',#4614,#420);
#133=LINE('',#4616,#421);
#134=LINE('',#4618,#422);
#135=LINE('',#4620,#423);
#136=LINE('',#4622,#424);
#137=LINE('',#4624,#425);
#138=LINE('',#4626,#426);
#139=LINE('',#4628,#427);
#140=LINE('',#4630,#428);
#141=LINE('',#4632,#429);
#142=LINE('',#4634,#430);
#143=LINE('',#4635,#431);
#144=LINE('',#4637,#432);
#145=LINE('',#4641,#433);
#146=LINE('',#4646,#434);
#147=LINE('',#4647,#435);
#148=LINE('',#4667,#436);
#149=LINE('',#4675,#437);
#150=LINE('',#4677,#438);
#151=LINE('',#4679,#439);
#152=LINE('',#4681,#440);
#153=LINE('',#4683,#441);
#154=LINE('',#4685,#442);
#155=LINE('',#4687,#443);
#156=LINE('',#4689,#444);
#157=LINE('',#4695,#445);
#158=LINE('',#4709,#446);
#159=LINE('',#4713,#447);
#160=LINE('',#4717,#448);
#161=LINE('',#4721,#449);
#162=LINE('',#4723,#450);
#163=LINE('',#4725,#451);
#164=LINE('',#4727,#452);
#165=LINE('',#4729,#453);
#166=LINE('',#4733,#454);
#167=LINE('',#4738,#455);
#168=LINE('',#4742,#456);
#169=LINE('',#4747,#457);
#170=LINE('',#4752,#458);
#171=LINE('',#4756,#459);
#172=LINE('',#4760,#460);
#173=LINE('',#4764,#461);
#174=LINE('',#4772,#462);
#175=LINE('',#4776,#463);
#176=LINE('',#4782,#464);
#177=LINE('',#4785,#465);
#178=LINE('',#4790,#466);
#179=LINE('',#4793,#467);
#180=LINE('',#4798,#468);
#181=LINE('',#4802,#469);
#182=LINE('',#4805,#470);
#183=LINE('',#4807,#471);
#184=LINE('',#4809,#472);
#185=LINE('',#4811,#473);
#186=LINE('',#4817,#474);
#187=LINE('',#4820,#475);
#188=LINE('',#4821,#476);
#189=LINE('',#4826,#477);
#190=LINE('',#4829,#478);
#191=LINE('',#4831,#479);
#192=LINE('',#4833,#480);
#193=LINE('',#4835,#481);
#194=LINE('',#4841,#482);
#195=LINE('',#4844,#483);
#196=LINE('',#4845,#484);
#197=LINE('',#4853,#485);
#198=LINE('',#4857,#486);
#199=LINE('',#4861,#487);
#200=LINE('',#4867,#488);
#201=LINE('',#4871,#489);
#202=LINE('',#4879,#490);
#203=LINE('',#4883,#491);
#204=LINE('',#4887,#492);
#205=LINE('',#4891,#493);
#206=LINE('',#4895,#494);
#207=LINE('',#4896,#495);
#208=LINE('',#4901,#496);
#209=LINE('',#4907,#497);
#210=LINE('',#4911,#498);
#211=LINE('',#4913,#499);
#212=LINE('',#4915,#500);
#213=LINE('',#4917,#501);
#214=LINE('',#4919,#502);
#215=LINE('',#4923,#503);
#216=LINE('',#4931,#504);
#217=LINE('',#4941,#505);
#218=LINE('',#4945,#506);
#219=LINE('',#4949,#507);
#220=LINE('',#4953,#508);
#221=LINE('',#4959,#509);
#222=LINE('',#4961,#510);
#223=LINE('',#4963,#511);
#224=LINE('',#4965,#512);
#225=LINE('',#4970,#513);
#226=LINE('',#4973,#514);
#227=LINE('',#4976,#515);
#228=LINE('',#4977,#516);
#229=LINE('',#4979,#517);
#230=LINE('',#4985,#518);
#231=LINE('',#4988,#519);
#232=LINE('',#4989,#520);
#233=LINE('',#4991,#521);
#234=LINE('',#4995,#522);
#235=LINE('',#4997,#523);
#236=LINE('',#4999,#524);
#237=LINE('',#5001,#525);
#238=LINE('',#5003,#526);
#239=LINE('',#5005,#527);
#240=LINE('',#5007,#528);
#241=LINE('',#5009,#529);
#242=LINE('',#5011,#530);
#243=LINE('',#5013,#531);
#244=LINE('',#5015,#532);
#245=LINE('',#5017,#533);
#246=LINE('',#5019,#534);
#247=LINE('',#5021,#535);
#248=LINE('',#5023,#536);
#249=LINE('',#5025,#537);
#250=LINE('',#5027,#538);
#251=LINE('',#5031,#539);
#252=LINE('',#5033,#540);
#253=LINE('',#5037,#541);
#254=LINE('',#5041,#542);
#255=LINE('',#5043,#543);
#256=LINE('',#5045,#544);
#257=LINE('',#5049,#545);
#258=LINE('',#5051,#546);
#259=LINE('',#5055,#547);
#260=LINE('',#5059,#548);
#261=LINE('',#5061,#549);
#262=LINE('',#5063,#550);
#263=LINE('',#5067,#551);
#264=LINE('',#5069,#552);
#265=LINE('',#5071,#553);
#266=LINE('',#5073,#554);
#267=LINE('',#5075,#555);
#268=LINE('',#5077,#556);
#269=LINE('',#5079,#557);
#270=LINE('',#5081,#558);
#271=LINE('',#5083,#559);
#272=LINE('',#5085,#560);
#273=LINE('',#5087,#561);
#274=LINE('',#5091,#562);
#275=LINE('',#5096,#563);
#276=LINE('',#5106,#564);
#277=LINE('',#5107,#565);
#278=LINE('',#5109,#566);
#279=LINE('',#5117,#567);
#280=LINE('',#5119,#568);
#281=LINE('',#5122,#569);
#282=LINE('',#5124,#570);
#283=LINE('',#5126,#571);
#284=LINE('',#5127,#572);
#285=LINE('',#5128,#573);
#286=LINE('',#5131,#574);
#287=LINE('',#5139,#575);
#288=LINE('',#5140,#576);
#289=LINE('',#5147,#577);
#290=LINE('',#5182,#578);
#291=LINE('',#5184,#579);
#292=LINE('',#5186,#580);
#293=LINE('',#5188,#581);
#294=LINE('',#5192,#582);
#295=LINE('',#5194,#583);
#296=LINE('',#5199,#584);
#297=LINE('',#5203,#585);
#298=LINE('',#5205,#586);
#299=LINE('',#5207,#587);
#300=LINE('',#5209,#588);
#301=LINE('',#5213,#589);
#302=LINE('',#5216,#590);
#303=LINE('',#5217,#591);
#304=LINE('',#5219,#592);
#305=LINE('',#5225,#593);
#306=LINE('',#5242,#594);
#307=LINE('',#5243,#595);
#308=LINE('',#5245,#596);
#309=LINE('',#5247,#597);
#310=LINE('',#5250,#598);
#311=LINE('',#5251,#599);
#312=LINE('',#5253,#600);
#313=LINE('',#5255,#601);
#314=LINE('',#5260,#602);
#315=LINE('',#5261,#603);
#316=LINE('',#5263,#604);
#317=LINE('',#5265,#605);
#318=LINE('',#5267,#606);
#319=LINE('',#5269,#607);
#320=LINE('',#5271,#608);
#321=LINE('',#5273,#609);
#322=LINE('',#5275,#610);
#323=LINE('',#5282,#611);
#324=LINE('',#5284,#612);
#325=LINE('',#5291,#613);
#326=LINE('',#5298,#614);
#327=LINE('',#5300,#615);
#328=LINE('',#5302,#616);
#329=LINE('',#5304,#617);
#330=LINE('',#5307,#618);
#331=LINE('',#5308,#619);
#332=LINE('',#5310,#620);
#333=LINE('',#5312,#621);
#334=LINE('',#5314,#622);
#335=LINE('',#5316,#623);
#336=LINE('',#5318,#624);
#337=LINE('',#5320,#625);
#338=LINE('',#5322,#626);
#339=LINE('',#5324,#627);
#340=LINE('',#5326,#628);
#341=LINE('',#5333,#629);
#342=LINE('',#5340,#630);
#343=LINE('',#5342,#631);
#344=LINE('',#5349,#632);
#345=LINE('',#5357,#633);
#346=LINE('',#5358,#634);
#347=LINE('',#5365,#635);
#348=VECTOR('',#3506,1.);
#349=VECTOR('',#3507,1.);
#350=VECTOR('',#3508,1.);
#351=VECTOR('',#3509,1.);
#352=VECTOR('',#3510,1.);
#353=VECTOR('',#3513,1.);
#354=VECTOR('',#3514,1.);
#355=VECTOR('',#3515,1.);
#356=VECTOR('',#3516,1.);
#357=VECTOR('',#3519,1.);
#358=VECTOR('',#3520,1.);
#359=VECTOR('',#3521,1.);
#360=VECTOR('',#3522,1.);
#361=VECTOR('',#3523,1.);
#362=VECTOR('',#3526,1.);
#363=VECTOR('',#3527,1.);
#364=VECTOR('',#3528,1.);
#365=VECTOR('',#3529,1.);
#366=VECTOR('',#3532,1.);
#367=VECTOR('',#3533,1.);
#368=VECTOR('',#3534,1.);
#369=VECTOR('',#3537,1.);
#370=VECTOR('',#3538,1.);
#371=VECTOR('',#3539,1.);
#372=VECTOR('',#3542,1.);
#373=VECTOR('',#3543,1.);
#374=VECTOR('',#3544,1.);
#375=VECTOR('',#3547,1.);
#376=VECTOR('',#3548,1.);
#377=VECTOR('',#3551,1.);
#378=VECTOR('',#3552,1.);
#379=VECTOR('',#3553,1.);
#380=VECTOR('',#3556,1.);
#381=VECTOR('',#3557,1.);
#382=VECTOR('',#3558,1.);
#383=VECTOR('',#3561,1.);
#384=VECTOR('',#3562,1.);
#385=VECTOR('',#3563,1.);
#386=VECTOR('',#3566,1.);
#387=VECTOR('',#3567,1.);
#388=VECTOR('',#3570,1.);
#389=VECTOR('',#3573,1.);
#390=VECTOR('',#3578,1.);
#391=VECTOR('',#3579,1.);
#392=VECTOR('',#3618,1.);
#393=VECTOR('',#3619,1.);
#394=VECTOR('',#3620,1.);
#395=VECTOR('',#3621,1.);
#396=VECTOR('',#3622,1.);
#397=VECTOR('',#3625,1.);
#398=VECTOR('',#3626,1.);
#399=VECTOR('',#3627,1.);
#400=VECTOR('',#3628,1.);
#401=VECTOR('',#3631,1.);
#402=VECTOR('',#3632,1.);
#403=VECTOR('',#3633,1.);
#404=VECTOR('',#3634,1.);
#405=VECTOR('',#3635,1.);
#406=VECTOR('',#3638,1.);
#407=VECTOR('',#3639,1.);
#408=VECTOR('',#3640,1.);
#409=VECTOR('',#3641,1.);
#410=VECTOR('',#3644,1.);
#411=VECTOR('',#3645,1.);
#412=VECTOR('',#3646,1.);
#413=VECTOR('',#3649,1.);
#414=VECTOR('',#3650,1.);
#415=VECTOR('',#3651,1.);
#416=VECTOR('',#3654,1.);
#417=VECTOR('',#3655,1.);
#418=VECTOR('',#3656,1.);
#419=VECTOR('',#3659,1.);
#420=VECTOR('',#3660,1.);
#421=VECTOR('',#3663,1.);
#422=VECTOR('',#3664,1.);
#423=VECTOR('',#3665,1.);
#424=VECTOR('',#3668,1.);
#425=VECTOR('',#3669,1.);
#426=VECTOR('',#3670,1.);
#427=VECTOR('',#3673,1.);
#428=VECTOR('',#3674,1.);
#429=VECTOR('',#3675,1.);
#430=VECTOR('',#3678,1.);
#431=VECTOR('',#3679,1.);
#432=VECTOR('',#3682,1.);
#433=VECTOR('',#3685,1.);
#434=VECTOR('',#3690,1.);
#435=VECTOR('',#3691,1.);
#436=VECTOR('',#3730,1.);
#437=VECTOR('',#3731,1.);
#438=VECTOR('',#3732,1.);
#439=VECTOR('',#3733,1.);
#440=VECTOR('',#3734,1.);
#441=VECTOR('',#3735,1.);
#442=VECTOR('',#3736,1.);
#443=VECTOR('',#3737,1.);
#444=VECTOR('',#3740,1.);
#445=VECTOR('',#3745,1.);
#446=VECTOR('',#3760,1.);
#447=VECTOR('',#3763,1.);
#448=VECTOR('',#3766,1.);
#449=VECTOR('',#3769,1.);
#450=VECTOR('',#3770,1.);
#451=VECTOR('',#3771,1.);
#452=VECTOR('',#3772,1.);
#453=VECTOR('',#3773,1.);
#454=VECTOR('',#3776,1.);
#455=VECTOR('',#3781,1.);
#456=VECTOR('',#3784,1.);
#457=VECTOR('',#3789,1.);
#458=VECTOR('',#3792,1.);
#459=VECTOR('',#3795,1.);
#460=VECTOR('',#3798,1.);
#461=VECTOR('',#3801,1.);
#462=VECTOR('',#3808,1.);
#463=VECTOR('',#3811,1.);
#464=VECTOR('',#3816,1.);
#465=VECTOR('',#3819,1.);
#466=VECTOR('',#3822,1.);
#467=VECTOR('',#3825,1.);
#468=VECTOR('',#3828,1.);
#469=VECTOR('',#3833,1.);
#470=VECTOR('',#3834,1.);
#471=VECTOR('',#3835,1.);
#472=VECTOR('',#3836,1.);
#473=VECTOR('',#3839,1.);
#474=VECTOR('',#3846,1.);
#475=VECTOR('',#3847,1.);
#476=VECTOR('',#3848,1.);
#477=VECTOR('',#3857,1.);
#478=VECTOR('',#3858,1.);
#479=VECTOR('',#3859,1.);
#480=VECTOR('',#3860,1.);
#481=VECTOR('',#3863,1.);
#482=VECTOR('',#3870,1.);
#483=VECTOR('',#3871,1.);
#484=VECTOR('',#3872,1.);
#485=VECTOR('',#3883,1.);
#486=VECTOR('',#3886,1.);
#487=VECTOR('',#3889,1.);
#488=VECTOR('',#3894,1.);
#489=VECTOR('',#3897,1.);
#490=VECTOR('',#3904,1.);
#491=VECTOR('',#3907,1.);
#492=VECTOR('',#3910,1.);
#493=VECTOR('',#3913,1.);
#494=VECTOR('',#3916,1.);
#495=VECTOR('',#3917,1.);
#496=VECTOR('',#3920,1.);
#497=VECTOR('',#3925,1.);
#498=VECTOR('',#3928,1.);
#499=VECTOR('',#3929,1.);
#500=VECTOR('',#3930,1.);
#501=VECTOR('',#3931,1.);
#502=VECTOR('',#3932,1.);
#503=VECTOR('',#3935,1.);
#504=VECTOR('',#3942,1.);
#505=VECTOR('',#3951,1.);
#506=VECTOR('',#3954,1.);
#507=VECTOR('',#3957,1.);
#508=VECTOR('',#3960,1.);
#509=VECTOR('',#3967,1.);
#510=VECTOR('',#3968,1.);
#511=VECTOR('',#3969,1.);
#512=VECTOR('',#3972,1.);
#513=VECTOR('',#3975,1.);
#514=VECTOR('',#3980,1.);
#515=VECTOR('',#3981,1.);
#516=VECTOR('',#3982,1.);
#517=VECTOR('',#3985,1.);
#518=VECTOR('',#3992,1.);
#519=VECTOR('',#3993,1.);
#520=VECTOR('',#3994,1.);
#521=VECTOR('',#3997,1.);
#522=VECTOR('',#4000,1.);
#523=VECTOR('',#4003,1.);
#524=VECTOR('',#4004,1.);
#525=VECTOR('',#4005,1.);
#526=VECTOR('',#4008,1.);
#527=VECTOR('',#4009,1.);
#528=VECTOR('',#4010,1.);
#529=VECTOR('',#4013,1.);
#530=VECTOR('',#4014,1.);
#531=VECTOR('',#4015,1.);
#532=VECTOR('',#4018,1.);
#533=VECTOR('',#4019,1.);
#534=VECTOR('',#4020,1.);
#535=VECTOR('',#4023,1.);
#536=VECTOR('',#4024,1.);
#537=VECTOR('',#4025,1.);
#538=VECTOR('',#4028,1.);
#539=VECTOR('',#4031,1.);
#540=VECTOR('',#4034,1.);
#541=VECTOR('',#4039,1.);
#542=VECTOR('',#4044,1.);
#543=VECTOR('',#4045,1.);
#544=VECTOR('',#4048,1.);
#545=VECTOR('',#4053,1.);
#546=VECTOR('',#4054,1.);
#547=VECTOR('',#4061,1.);
#548=VECTOR('',#4066,1.);
#549=VECTOR('',#4067,1.);
#550=VECTOR('',#4070,1.);
#551=VECTOR('',#4075,1.);
#552=VECTOR('',#4076,1.);
#553=VECTOR('',#4079,1.);
#554=VECTOR('',#4080,1.);
#555=VECTOR('',#4083,1.);
#556=VECTOR('',#4084,1.);
#557=VECTOR('',#4087,1.);
#558=VECTOR('',#4088,1.);
#559=VECTOR('',#4091,1.);
#560=VECTOR('',#4092,1.);
#561=VECTOR('',#4095,1.);
#562=VECTOR('',#4100,1.);
#563=VECTOR('',#4103,1.);
#564=VECTOR('',#4108,1.);
#565=VECTOR('',#4109,1.);
#566=VECTOR('',#4112,1.);
#567=VECTOR('',#4123,1.);
#568=VECTOR('',#4126,1.);
#569=VECTOR('',#4127,1.);
#570=VECTOR('',#4128,1.);
#571=VECTOR('',#4129,1.);
#572=VECTOR('',#4130,1.);
#573=VECTOR('',#4131,1.);
#574=VECTOR('',#4136,1.);
#575=VECTOR('',#4143,1.);
#576=VECTOR('',#4144,1.);
#577=VECTOR('',#4149,1.);
#578=VECTOR('',#4206,1.);
#579=VECTOR('',#4207,1.);
#580=VECTOR('',#4208,1.);
#581=VECTOR('',#4211,1.);
#582=VECTOR('',#4216,1.);
#583=VECTOR('',#4217,1.);
#584=VECTOR('',#4226,1.);
#585=VECTOR('',#4229,1.);
#586=VECTOR('',#4232,1.);
#587=VECTOR('',#4233,1.);
#588=VECTOR('',#4236,1.);
#589=VECTOR('',#4241,1.);
#590=VECTOR('',#4246,1.);
#591=VECTOR('',#4247,1.);
#592=VECTOR('',#4250,1.);
#593=VECTOR('',#4257,1.);
#594=VECTOR('',#4286,1.);
#595=VECTOR('',#4287,1.);
#596=VECTOR('',#4290,1.);
#597=VECTOR('',#4293,1.);
#598=VECTOR('',#4298,1.);
#599=VECTOR('',#4299,1.);
#600=VECTOR('',#4302,1.);
#601=VECTOR('',#4305,1.);
#602=VECTOR('',#4314,1.);
#603=VECTOR('',#4315,1.);
#604=VECTOR('',#4318,1.);
#605=VECTOR('',#4321,1.);
#606=VECTOR('',#4324,1.);
#607=VECTOR('',#4327,1.);
#608=VECTOR('',#4330,1.);
#609=VECTOR('',#4333,1.);
#610=VECTOR('',#4336,1.);
#611=VECTOR('',#4341,1.);
#612=VECTOR('',#4344,1.);
#613=VECTOR('',#4349,1.);
#614=VECTOR('',#4354,1.);
#615=VECTOR('',#4357,1.);
#616=VECTOR('',#4360,1.);
#617=VECTOR('',#4363,1.);
#618=VECTOR('',#4368,1.);
#619=VECTOR('',#4369,1.);
#620=VECTOR('',#4372,1.);
#621=VECTOR('',#4375,1.);
#622=VECTOR('',#4378,1.);
#623=VECTOR('',#4381,1.);
#624=VECTOR('',#4384,1.);
#625=VECTOR('',#4387,1.);
#626=VECTOR('',#4390,1.);
#627=VECTOR('',#4393,1.);
#628=VECTOR('',#4396,1.);
#629=VECTOR('',#4401,1.);
#630=VECTOR('',#4406,1.);
#631=VECTOR('',#4409,1.);
#632=VECTOR('',#4414,1.);
#633=VECTOR('',#4421,1.);
#634=VECTOR('',#4422,1.);
#635=VECTOR('',#4427,1.);
#636=PLANE('',#3172);
#637=PLANE('',#3173);
#638=PLANE('',#3174);
#639=PLANE('',#3175);
#640=PLANE('',#3176);
#641=PLANE('',#3177);
#642=PLANE('',#3178);
#643=PLANE('',#3179);
#644=PLANE('',#3180);
#645=PLANE('',#3181);
#646=PLANE('',#3182);
#647=PLANE('',#3183);
#648=PLANE('',#3184);
#649=PLANE('',#3186);
#650=PLANE('',#3188);
#651=PLANE('',#3190);
#652=PLANE('',#3192);
#653=PLANE('',#3194);
#654=PLANE('',#3196);
#655=PLANE('',#3198);
#656=PLANE('',#3200);
#657=PLANE('',#3202);
#658=PLANE('',#3204);
#659=PLANE('',#3206);
#660=PLANE('',#3207);
#661=PLANE('',#3208);
#662=PLANE('',#3209);
#663=PLANE('',#3210);
#664=PLANE('',#3211);
#665=PLANE('',#3212);
#666=PLANE('',#3213);
#667=PLANE('',#3214);
#668=PLANE('',#3215);
#669=PLANE('',#3216);
#670=PLANE('',#3217);
#671=PLANE('',#3218);
#672=PLANE('',#3220);
#673=PLANE('',#3222);
#674=PLANE('',#3224);
#675=PLANE('',#3226);
#676=PLANE('',#3228);
#677=PLANE('',#3230);
#678=PLANE('',#3232);
#679=PLANE('',#3234);
#680=PLANE('',#3236);
#681=PLANE('',#3238);
#682=PLANE('',#3240);
#683=PLANE('',#3246);
#684=PLANE('',#3275);
#685=PLANE('',#3279);
#686=PLANE('',#3283);
#687=PLANE('',#3287);
#688=PLANE('',#3291);
#689=PLANE('',#3322);
#690=PLANE('',#3326);
#691=PLANE('',#3330);
#692=PLANE('',#3333);
#693=PLANE('',#3334);
#694=PLANE('',#3335);
#695=PLANE('',#3336);
#696=PLANE('',#3337);
#697=PLANE('',#3344);
#698=PLANE('',#3347);
#699=PLANE('',#3352);
#700=PLANE('',#3355);
#701=PLANE('',#3356);
#702=PLANE('',#3357);
#703=PLANE('',#3358);
#704=PLANE('',#3359);
#705=PLANE('',#3365);
#706=PLANE('',#3371);
#707=PLANE('',#3372);
#708=PLANE('',#3373);
#709=PLANE('',#3376);
#710=PLANE('',#3377);
#711=PLANE('',#3380);
#712=PLANE('',#3384);
#713=PLANE('',#3390);
#714=PLANE('',#3407);
#715=PLANE('',#3410);
#716=PLANE('',#3413);
#717=PLANE('',#3416);
#718=PLANE('',#3419);
#719=PLANE('',#3420);
#720=PLANE('',#3421);
#721=PLANE('',#3422);
#722=PLANE('',#3423);
#723=PLANE('',#3426);
#724=PLANE('',#3428);
#725=PLANE('',#3433);
#726=PLANE('',#3439);
#727=PLANE('',#3442);
#728=PLANE('',#3443);
#729=PLANE('',#3446);
#730=PLANE('',#3449);
#731=PLANE('',#3450);
#732=PLANE('',#3452);
#733=PLANE('',#3453);
#734=PLANE('',#3454);
#735=PLANE('',#3456);
#736=PLANE('',#3460);
#737=PLANE('',#3461);
#738=PLANE('',#3465);
#739=PLANE('',#3466);
#740=PLANE('',#3468);
#741=PLANE('',#3471);
#742=PLANE('',#3475);
#743=PLANE('',#3476);
#744=PLANE('',#3479);
#745=PLANE('',#3480);
#746=PLANE('',#3483);
#747=PLANE('',#3486);
#748=PLANE('',#3487);
#749=PLANE('',#3490);
#750=PLANE('',#3494);
#751=ORIENTED_EDGE('',*,*,#1627,.F.);
#752=ORIENTED_EDGE('',*,*,#1628,.T.);
#753=ORIENTED_EDGE('',*,*,#1629,.F.);
#754=ORIENTED_EDGE('',*,*,#1630,.F.);
#755=ORIENTED_EDGE('',*,*,#1631,.T.);
#756=ORIENTED_EDGE('',*,*,#1632,.T.);
#757=ORIENTED_EDGE('',*,*,#1633,.T.);
#758=ORIENTED_EDGE('',*,*,#1634,.F.);
#759=ORIENTED_EDGE('',*,*,#1633,.F.);
#760=ORIENTED_EDGE('',*,*,#1635,.T.);
#761=ORIENTED_EDGE('',*,*,#1636,.T.);
#762=ORIENTED_EDGE('',*,*,#1637,.T.);
#763=ORIENTED_EDGE('',*,*,#1638,.F.);
#764=ORIENTED_EDGE('',*,*,#1639,.F.);
#765=ORIENTED_EDGE('',*,*,#1640,.T.);
#766=ORIENTED_EDGE('',*,*,#1641,.T.);
#767=ORIENTED_EDGE('',*,*,#1642,.T.);
#768=ORIENTED_EDGE('',*,*,#1643,.F.);
#769=ORIENTED_EDGE('',*,*,#1644,.F.);
#770=ORIENTED_EDGE('',*,*,#1645,.T.);
#771=ORIENTED_EDGE('',*,*,#1646,.T.);
#772=ORIENTED_EDGE('',*,*,#1639,.T.);
#773=ORIENTED_EDGE('',*,*,#1647,.F.);
#774=ORIENTED_EDGE('',*,*,#1648,.F.);
#775=ORIENTED_EDGE('',*,*,#1649,.T.);
#776=ORIENTED_EDGE('',*,*,#1630,.T.);
#777=ORIENTED_EDGE('',*,*,#1650,.T.);
#778=ORIENTED_EDGE('',*,*,#1631,.F.);
#779=ORIENTED_EDGE('',*,*,#1651,.F.);
#780=ORIENTED_EDGE('',*,*,#1652,.T.);
#781=ORIENTED_EDGE('',*,*,#1653,.T.);
#782=ORIENTED_EDGE('',*,*,#1654,.F.);
#783=ORIENTED_EDGE('',*,*,#1655,.F.);
#784=ORIENTED_EDGE('',*,*,#1641,.F.);
#785=ORIENTED_EDGE('',*,*,#1656,.F.);
#786=ORIENTED_EDGE('',*,*,#1642,.F.);
#787=ORIENTED_EDGE('',*,*,#1657,.T.);
#788=ORIENTED_EDGE('',*,*,#1648,.T.);
#789=ORIENTED_EDGE('',*,*,#1658,.F.);
#790=ORIENTED_EDGE('',*,*,#1659,.F.);
#791=ORIENTED_EDGE('',*,*,#1660,.T.);
#792=ORIENTED_EDGE('',*,*,#1644,.T.);
#793=ORIENTED_EDGE('',*,*,#1661,.T.);
#794=ORIENTED_EDGE('',*,*,#1645,.F.);
#795=ORIENTED_EDGE('',*,*,#1662,.F.);
#796=ORIENTED_EDGE('',*,*,#1663,.T.);
#797=ORIENTED_EDGE('',*,*,#1664,.T.);
#798=ORIENTED_EDGE('',*,*,#1665,.F.);
#799=ORIENTED_EDGE('',*,*,#1666,.F.);
#800=ORIENTED_EDGE('',*,*,#1636,.F.);
#801=ORIENTED_EDGE('',*,*,#1667,.F.);
#802=ORIENTED_EDGE('',*,*,#1637,.F.);
#803=ORIENTED_EDGE('',*,*,#1668,.T.);
#804=ORIENTED_EDGE('',*,*,#1659,.T.);
#805=ORIENTED_EDGE('',*,*,#1632,.F.);
#806=ORIENTED_EDGE('',*,*,#1669,.T.);
#807=ORIENTED_EDGE('',*,*,#1670,.F.);
#808=ORIENTED_EDGE('',*,*,#1671,.T.);
#809=ORIENTED_EDGE('',*,*,#1635,.F.);
#810=ORIENTED_EDGE('',*,*,#1672,.F.);
#811=ORIENTED_EDGE('',*,*,#1673,.T.);
#812=ORIENTED_EDGE('',*,*,#1640,.F.);
#813=ORIENTED_EDGE('',*,*,#1646,.F.);
#814=ORIENTED_EDGE('',*,*,#1674,.T.);
#815=ORIENTED_EDGE('',*,*,#1638,.T.);
#816=ORIENTED_EDGE('',*,*,#1656,.T.);
#817=ORIENTED_EDGE('',*,*,#1675,.T.);
#818=ORIENTED_EDGE('',*,*,#1676,.T.);
#819=ORIENTED_EDGE('',*,*,#1647,.T.);
#820=ORIENTED_EDGE('',*,*,#1629,.T.);
#821=ORIENTED_EDGE('',*,*,#1668,.F.);
#822=ORIENTED_EDGE('',*,*,#1666,.T.);
#823=ORIENTED_EDGE('',*,*,#1677,.F.);
#824=ORIENTED_EDGE('',*,*,#1662,.T.);
#825=ORIENTED_EDGE('',*,*,#1660,.F.);
#826=ORIENTED_EDGE('',*,*,#1657,.F.);
#827=ORIENTED_EDGE('',*,*,#1655,.T.);
#828=ORIENTED_EDGE('',*,*,#1678,.F.);
#829=ORIENTED_EDGE('',*,*,#1651,.T.);
#830=ORIENTED_EDGE('',*,*,#1649,.F.);
#831=ORIENTED_EDGE('',*,*,#1679,.T.);
#832=ORIENTED_EDGE('',*,*,#1634,.T.);
#833=ORIENTED_EDGE('',*,*,#1667,.T.);
#834=ORIENTED_EDGE('',*,*,#1673,.F.);
#835=ORIENTED_EDGE('',*,*,#1680,.F.);
#836=ORIENTED_EDGE('',*,*,#1653,.F.);
#837=ORIENTED_EDGE('',*,*,#1669,.F.);
#838=ORIENTED_EDGE('',*,*,#1650,.F.);
#839=ORIENTED_EDGE('',*,*,#1681,.F.);
#840=ORIENTED_EDGE('',*,*,#1682,.T.);
#841=ORIENTED_EDGE('',*,*,#1658,.T.);
#842=ORIENTED_EDGE('',*,*,#1643,.T.);
#843=ORIENTED_EDGE('',*,*,#1664,.F.);
#844=ORIENTED_EDGE('',*,*,#1671,.F.);
#845=ORIENTED_EDGE('',*,*,#1683,.F.);
#846=ORIENTED_EDGE('',*,*,#1684,.F.);
#847=ORIENTED_EDGE('',*,*,#1685,.F.);
#848=ORIENTED_EDGE('',*,*,#1686,.T.);
#849=ORIENTED_EDGE('',*,*,#1687,.T.);
#850=ORIENTED_EDGE('',*,*,#1688,.T.);
#851=ORIENTED_EDGE('',*,*,#1689,.F.);
#852=ORIENTED_EDGE('',*,*,#1688,.F.);
#853=ORIENTED_EDGE('',*,*,#1690,.T.);
#854=ORIENTED_EDGE('',*,*,#1691,.T.);
#855=ORIENTED_EDGE('',*,*,#1692,.T.);
#856=ORIENTED_EDGE('',*,*,#1693,.F.);
#857=ORIENTED_EDGE('',*,*,#1694,.F.);
#858=ORIENTED_EDGE('',*,*,#1695,.T.);
#859=ORIENTED_EDGE('',*,*,#1696,.T.);
#860=ORIENTED_EDGE('',*,*,#1697,.T.);
#861=ORIENTED_EDGE('',*,*,#1698,.F.);
#862=ORIENTED_EDGE('',*,*,#1699,.F.);
#863=ORIENTED_EDGE('',*,*,#1700,.T.);
#864=ORIENTED_EDGE('',*,*,#1701,.T.);
#865=ORIENTED_EDGE('',*,*,#1694,.T.);
#866=ORIENTED_EDGE('',*,*,#1702,.F.);
#867=ORIENTED_EDGE('',*,*,#1703,.F.);
#868=ORIENTED_EDGE('',*,*,#1704,.T.);
#869=ORIENTED_EDGE('',*,*,#1685,.T.);
#870=ORIENTED_EDGE('',*,*,#1705,.T.);
#871=ORIENTED_EDGE('',*,*,#1686,.F.);
#872=ORIENTED_EDGE('',*,*,#1706,.F.);
#873=ORIENTED_EDGE('',*,*,#1707,.T.);
#874=ORIENTED_EDGE('',*,*,#1708,.T.);
#875=ORIENTED_EDGE('',*,*,#1709,.F.);
#876=ORIENTED_EDGE('',*,*,#1710,.F.);
#877=ORIENTED_EDGE('',*,*,#1696,.F.);
#878=ORIENTED_EDGE('',*,*,#1711,.F.);
#879=ORIENTED_EDGE('',*,*,#1697,.F.);
#880=ORIENTED_EDGE('',*,*,#1712,.T.);
#881=ORIENTED_EDGE('',*,*,#1703,.T.);
#882=ORIENTED_EDGE('',*,*,#1713,.F.);
#883=ORIENTED_EDGE('',*,*,#1714,.F.);
#884=ORIENTED_EDGE('',*,*,#1715,.T.);
#885=ORIENTED_EDGE('',*,*,#1699,.T.);
#886=ORIENTED_EDGE('',*,*,#1716,.T.);
#887=ORIENTED_EDGE('',*,*,#1700,.F.);
#888=ORIENTED_EDGE('',*,*,#1717,.F.);
#889=ORIENTED_EDGE('',*,*,#1718,.T.);
#890=ORIENTED_EDGE('',*,*,#1719,.T.);
#891=ORIENTED_EDGE('',*,*,#1720,.F.);
#892=ORIENTED_EDGE('',*,*,#1721,.F.);
#893=ORIENTED_EDGE('',*,*,#1691,.F.);
#894=ORIENTED_EDGE('',*,*,#1722,.F.);
#895=ORIENTED_EDGE('',*,*,#1692,.F.);
#896=ORIENTED_EDGE('',*,*,#1723,.T.);
#897=ORIENTED_EDGE('',*,*,#1714,.T.);
#898=ORIENTED_EDGE('',*,*,#1687,.F.);
#899=ORIENTED_EDGE('',*,*,#1724,.T.);
#900=ORIENTED_EDGE('',*,*,#1725,.F.);
#901=ORIENTED_EDGE('',*,*,#1726,.T.);
#902=ORIENTED_EDGE('',*,*,#1690,.F.);
#903=ORIENTED_EDGE('',*,*,#1727,.F.);
#904=ORIENTED_EDGE('',*,*,#1728,.T.);
#905=ORIENTED_EDGE('',*,*,#1695,.F.);
#906=ORIENTED_EDGE('',*,*,#1701,.F.);
#907=ORIENTED_EDGE('',*,*,#1729,.T.);
#908=ORIENTED_EDGE('',*,*,#1693,.T.);
#909=ORIENTED_EDGE('',*,*,#1711,.T.);
#910=ORIENTED_EDGE('',*,*,#1730,.T.);
#911=ORIENTED_EDGE('',*,*,#1731,.T.);
#912=ORIENTED_EDGE('',*,*,#1702,.T.);
#913=ORIENTED_EDGE('',*,*,#1684,.T.);
#914=ORIENTED_EDGE('',*,*,#1723,.F.);
#915=ORIENTED_EDGE('',*,*,#1721,.T.);
#916=ORIENTED_EDGE('',*,*,#1732,.F.);
#917=ORIENTED_EDGE('',*,*,#1717,.T.);
#918=ORIENTED_EDGE('',*,*,#1715,.F.);
#919=ORIENTED_EDGE('',*,*,#1712,.F.);
#920=ORIENTED_EDGE('',*,*,#1710,.T.);
#921=ORIENTED_EDGE('',*,*,#1733,.F.);
#922=ORIENTED_EDGE('',*,*,#1706,.T.);
#923=ORIENTED_EDGE('',*,*,#1704,.F.);
#924=ORIENTED_EDGE('',*,*,#1734,.T.);
#925=ORIENTED_EDGE('',*,*,#1689,.T.);
#926=ORIENTED_EDGE('',*,*,#1722,.T.);
#927=ORIENTED_EDGE('',*,*,#1728,.F.);
#928=ORIENTED_EDGE('',*,*,#1735,.F.);
#929=ORIENTED_EDGE('',*,*,#1708,.F.);
#930=ORIENTED_EDGE('',*,*,#1724,.F.);
#931=ORIENTED_EDGE('',*,*,#1705,.F.);
#932=ORIENTED_EDGE('',*,*,#1736,.F.);
#933=ORIENTED_EDGE('',*,*,#1737,.T.);
#934=ORIENTED_EDGE('',*,*,#1713,.T.);
#935=ORIENTED_EDGE('',*,*,#1698,.T.);
#936=ORIENTED_EDGE('',*,*,#1719,.F.);
#937=ORIENTED_EDGE('',*,*,#1726,.F.);
#938=ORIENTED_EDGE('',*,*,#1738,.F.);
#939=ORIENTED_EDGE('',*,*,#1739,.F.);
#940=ORIENTED_EDGE('',*,*,#1740,.T.);
#941=ORIENTED_EDGE('',*,*,#1741,.T.);
#942=ORIENTED_EDGE('',*,*,#1742,.T.);
#943=ORIENTED_EDGE('',*,*,#1743,.F.);
#944=ORIENTED_EDGE('',*,*,#1744,.F.);
#945=ORIENTED_EDGE('',*,*,#1745,.T.);
#946=ORIENTED_EDGE('',*,*,#1746,.T.);
#947=ORIENTED_EDGE('',*,*,#1747,.F.);
#948=ORIENTED_EDGE('',*,*,#1748,.F.);
#949=ORIENTED_EDGE('',*,*,#1749,.T.);
#950=ORIENTED_EDGE('',*,*,#1739,.T.);
#951=ORIENTED_EDGE('',*,*,#1750,.T.);
#952=ORIENTED_EDGE('',*,*,#1751,.T.);
#953=ORIENTED_EDGE('',*,*,#1752,.F.);
#954=ORIENTED_EDGE('',*,*,#1744,.T.);
#955=ORIENTED_EDGE('',*,*,#1753,.T.);
#956=ORIENTED_EDGE('',*,*,#1754,.T.);
#957=ORIENTED_EDGE('',*,*,#1755,.T.);
#958=ORIENTED_EDGE('',*,*,#1756,.T.);
#959=ORIENTED_EDGE('',*,*,#1757,.T.);
#960=ORIENTED_EDGE('',*,*,#1758,.T.);
#961=ORIENTED_EDGE('',*,*,#1759,.T.);
#962=ORIENTED_EDGE('',*,*,#1760,.T.);
#963=ORIENTED_EDGE('',*,*,#1761,.T.);
#964=ORIENTED_EDGE('',*,*,#1762,.T.);
#965=ORIENTED_EDGE('',*,*,#1763,.F.);
#966=ORIENTED_EDGE('',*,*,#1764,.T.);
#967=ORIENTED_EDGE('',*,*,#1765,.T.);
#968=ORIENTED_EDGE('',*,*,#1766,.F.);
#969=ORIENTED_EDGE('',*,*,#1767,.T.);
#970=ORIENTED_EDGE('',*,*,#1768,.T.);
#971=ORIENTED_EDGE('',*,*,#1769,.F.);
#972=ORIENTED_EDGE('',*,*,#1770,.T.);
#973=ORIENTED_EDGE('',*,*,#1771,.T.);
#974=ORIENTED_EDGE('',*,*,#1753,.F.);
#975=ORIENTED_EDGE('',*,*,#1743,.T.);
#976=ORIENTED_EDGE('',*,*,#1772,.F.);
#977=ORIENTED_EDGE('',*,*,#1773,.T.);
#978=ORIENTED_EDGE('',*,*,#1774,.F.);
#979=ORIENTED_EDGE('',*,*,#1775,.T.);
#980=ORIENTED_EDGE('',*,*,#1776,.F.);
#981=ORIENTED_EDGE('',*,*,#1777,.T.);
#982=ORIENTED_EDGE('',*,*,#1778,.F.);
#983=ORIENTED_EDGE('',*,*,#1779,.T.);
#984=ORIENTED_EDGE('',*,*,#1780,.F.);
#985=ORIENTED_EDGE('',*,*,#1781,.T.);
#986=ORIENTED_EDGE('',*,*,#1782,.F.);
#987=ORIENTED_EDGE('',*,*,#1783,.T.);
#988=ORIENTED_EDGE('',*,*,#1784,.F.);
#989=ORIENTED_EDGE('',*,*,#1785,.T.);
#990=ORIENTED_EDGE('',*,*,#1786,.F.);
#991=ORIENTED_EDGE('',*,*,#1787,.T.);
#992=ORIENTED_EDGE('',*,*,#1788,.T.);
#993=ORIENTED_EDGE('',*,*,#1789,.T.);
#994=ORIENTED_EDGE('',*,*,#1790,.T.);
#995=ORIENTED_EDGE('',*,*,#1791,.T.);
#996=ORIENTED_EDGE('',*,*,#1792,.T.);
#997=ORIENTED_EDGE('',*,*,#1793,.T.);
#998=ORIENTED_EDGE('',*,*,#1794,.T.);
#999=ORIENTED_EDGE('',*,*,#1795,.T.);
#1000=ORIENTED_EDGE('',*,*,#1796,.T.);
#1001=ORIENTED_EDGE('',*,*,#1797,.F.);
#1002=ORIENTED_EDGE('',*,*,#1798,.F.);
#1003=ORIENTED_EDGE('',*,*,#1799,.T.);
#1004=ORIENTED_EDGE('',*,*,#1800,.F.);
#1005=ORIENTED_EDGE('',*,*,#1801,.T.);
#1006=ORIENTED_EDGE('',*,*,#1802,.T.);
#1007=ORIENTED_EDGE('',*,*,#1803,.F.);
#1008=ORIENTED_EDGE('',*,*,#1804,.T.);
#1009=ORIENTED_EDGE('',*,*,#1805,.F.);
#1010=ORIENTED_EDGE('',*,*,#1806,.T.);
#1011=ORIENTED_EDGE('',*,*,#1807,.T.);
#1012=ORIENTED_EDGE('',*,*,#1808,.F.);
#1013=ORIENTED_EDGE('',*,*,#1809,.F.);
#1014=ORIENTED_EDGE('',*,*,#1810,.T.);
#1015=ORIENTED_EDGE('',*,*,#1805,.T.);
#1016=ORIENTED_EDGE('',*,*,#1811,.T.);
#1017=ORIENTED_EDGE('',*,*,#1812,.F.);
#1018=ORIENTED_EDGE('',*,*,#1813,.T.);
#1019=ORIENTED_EDGE('',*,*,#1809,.T.);
#1020=ORIENTED_EDGE('',*,*,#1814,.T.);
#1021=ORIENTED_EDGE('',*,*,#1807,.F.);
#1022=ORIENTED_EDGE('',*,*,#1815,.T.);
#1023=ORIENTED_EDGE('',*,*,#1812,.T.);
#1024=ORIENTED_EDGE('',*,*,#1816,.T.);
#1025=ORIENTED_EDGE('',*,*,#1817,.F.);
#1026=ORIENTED_EDGE('',*,*,#1818,.T.);
#1027=ORIENTED_EDGE('',*,*,#1819,.T.);
#1028=ORIENTED_EDGE('',*,*,#1820,.F.);
#1029=ORIENTED_EDGE('',*,*,#1821,.F.);
#1030=ORIENTED_EDGE('',*,*,#1822,.T.);
#1031=ORIENTED_EDGE('',*,*,#1817,.T.);
#1032=ORIENTED_EDGE('',*,*,#1823,.F.);
#1033=ORIENTED_EDGE('',*,*,#1824,.F.);
#1034=ORIENTED_EDGE('',*,*,#1825,.T.);
#1035=ORIENTED_EDGE('',*,*,#1821,.T.);
#1036=ORIENTED_EDGE('',*,*,#1826,.T.);
#1037=ORIENTED_EDGE('',*,*,#1819,.F.);
#1038=ORIENTED_EDGE('',*,*,#1827,.T.);
#1039=ORIENTED_EDGE('',*,*,#1824,.T.);
#1040=ORIENTED_EDGE('',*,*,#1828,.F.);
#1041=ORIENTED_EDGE('',*,*,#1627,.T.);
#1042=ORIENTED_EDGE('',*,*,#1829,.T.);
#1043=ORIENTED_EDGE('',*,*,#1830,.T.);
#1044=ORIENTED_EDGE('',*,*,#1831,.T.);
#1045=ORIENTED_EDGE('',*,*,#1832,.T.);
#1046=ORIENTED_EDGE('',*,*,#1833,.T.);
#1047=ORIENTED_EDGE('',*,*,#1834,.T.);
#1048=ORIENTED_EDGE('',*,*,#1835,.T.);
#1049=ORIENTED_EDGE('',*,*,#1836,.T.);
#1050=ORIENTED_EDGE('',*,*,#1837,.T.);
#1051=ORIENTED_EDGE('',*,*,#1838,.T.);
#1052=ORIENTED_EDGE('',*,*,#1839,.T.);
#1053=ORIENTED_EDGE('',*,*,#1840,.T.);
#1054=ORIENTED_EDGE('',*,*,#1841,.T.);
#1055=ORIENTED_EDGE('',*,*,#1842,.T.);
#1056=ORIENTED_EDGE('',*,*,#1843,.T.);
#1057=ORIENTED_EDGE('',*,*,#1844,.T.);
#1058=ORIENTED_EDGE('',*,*,#1845,.T.);
#1059=ORIENTED_EDGE('',*,*,#1846,.T.);
#1060=ORIENTED_EDGE('',*,*,#1847,.T.);
#1061=ORIENTED_EDGE('',*,*,#1848,.T.);
#1062=ORIENTED_EDGE('',*,*,#1849,.T.);
#1063=ORIENTED_EDGE('',*,*,#1850,.T.);
#1064=ORIENTED_EDGE('',*,*,#1851,.T.);
#1065=ORIENTED_EDGE('',*,*,#1852,.T.);
#1066=ORIENTED_EDGE('',*,*,#1853,.T.);
#1067=ORIENTED_EDGE('',*,*,#1854,.T.);
#1068=ORIENTED_EDGE('',*,*,#1855,.T.);
#1069=ORIENTED_EDGE('',*,*,#1856,.T.);
#1070=ORIENTED_EDGE('',*,*,#1857,.T.);
#1071=ORIENTED_EDGE('',*,*,#1858,.T.);
#1072=ORIENTED_EDGE('',*,*,#1859,.T.);
#1073=ORIENTED_EDGE('',*,*,#1860,.T.);
#1074=ORIENTED_EDGE('',*,*,#1861,.T.);
#1075=ORIENTED_EDGE('',*,*,#1862,.T.);
#1076=ORIENTED_EDGE('',*,*,#1863,.T.);
#1077=ORIENTED_EDGE('',*,*,#1864,.T.);
#1078=ORIENTED_EDGE('',*,*,#1865,.T.);
#1079=ORIENTED_EDGE('',*,*,#1866,.T.);
#1080=ORIENTED_EDGE('',*,*,#1867,.T.);
#1081=ORIENTED_EDGE('',*,*,#1868,.T.);
#1082=ORIENTED_EDGE('',*,*,#1869,.T.);
#1083=ORIENTED_EDGE('',*,*,#1870,.T.);
#1084=ORIENTED_EDGE('',*,*,#1871,.T.);
#1085=ORIENTED_EDGE('',*,*,#1872,.T.);
#1086=ORIENTED_EDGE('',*,*,#1873,.T.);
#1087=ORIENTED_EDGE('',*,*,#1874,.T.);
#1088=ORIENTED_EDGE('',*,*,#1875,.T.);
#1089=ORIENTED_EDGE('',*,*,#1876,.T.);
#1090=ORIENTED_EDGE('',*,*,#1877,.T.);
#1091=ORIENTED_EDGE('',*,*,#1878,.T.);
#1092=ORIENTED_EDGE('',*,*,#1879,.T.);
#1093=ORIENTED_EDGE('',*,*,#1880,.T.);
#1094=ORIENTED_EDGE('',*,*,#1881,.T.);
#1095=ORIENTED_EDGE('',*,*,#1882,.T.);
#1096=ORIENTED_EDGE('',*,*,#1883,.T.);
#1097=ORIENTED_EDGE('',*,*,#1884,.T.);
#1098=ORIENTED_EDGE('',*,*,#1885,.T.);
#1099=ORIENTED_EDGE('',*,*,#1795,.F.);
#1100=ORIENTED_EDGE('',*,*,#1886,.F.);
#1101=ORIENTED_EDGE('',*,*,#1887,.T.);
#1102=ORIENTED_EDGE('',*,*,#1888,.T.);
#1103=ORIENTED_EDGE('',*,*,#1793,.F.);
#1104=ORIENTED_EDGE('',*,*,#1889,.T.);
#1105=ORIENTED_EDGE('',*,*,#1890,.F.);
#1106=ORIENTED_EDGE('',*,*,#1891,.T.);
#1107=ORIENTED_EDGE('',*,*,#1886,.T.);
#1108=ORIENTED_EDGE('',*,*,#1892,.T.);
#1109=ORIENTED_EDGE('',*,*,#1893,.F.);
#1110=ORIENTED_EDGE('',*,*,#1894,.T.);
#1111=ORIENTED_EDGE('',*,*,#1890,.T.);
#1112=ORIENTED_EDGE('',*,*,#1895,.T.);
#1113=ORIENTED_EDGE('',*,*,#1896,.T.);
#1114=ORIENTED_EDGE('',*,*,#1897,.T.);
#1115=ORIENTED_EDGE('',*,*,#1893,.T.);
#1116=ORIENTED_EDGE('',*,*,#1898,.T.);
#1117=ORIENTED_EDGE('',*,*,#1899,.T.);
#1118=ORIENTED_EDGE('',*,*,#1900,.T.);
#1119=ORIENTED_EDGE('',*,*,#1901,.T.);
#1120=ORIENTED_EDGE('',*,*,#1788,.F.);
#1121=ORIENTED_EDGE('',*,*,#1902,.T.);
#1122=ORIENTED_EDGE('',*,*,#1903,.T.);
#1123=ORIENTED_EDGE('',*,*,#1904,.T.);
#1124=ORIENTED_EDGE('',*,*,#1786,.T.);
#1125=ORIENTED_EDGE('',*,*,#1905,.T.);
#1126=ORIENTED_EDGE('',*,*,#1906,.T.);
#1127=ORIENTED_EDGE('',*,*,#1907,.T.);
#1128=ORIENTED_EDGE('',*,*,#1784,.T.);
#1129=ORIENTED_EDGE('',*,*,#1908,.T.);
#1130=ORIENTED_EDGE('',*,*,#1909,.T.);
#1131=ORIENTED_EDGE('',*,*,#1910,.T.);
#1132=ORIENTED_EDGE('',*,*,#1782,.T.);
#1133=ORIENTED_EDGE('',*,*,#1911,.T.);
#1134=ORIENTED_EDGE('',*,*,#1912,.T.);
#1135=ORIENTED_EDGE('',*,*,#1913,.T.);
#1136=ORIENTED_EDGE('',*,*,#1780,.T.);
#1137=ORIENTED_EDGE('',*,*,#1914,.F.);
#1138=ORIENTED_EDGE('',*,*,#1915,.T.);
#1139=ORIENTED_EDGE('',*,*,#1916,.T.);
#1140=ORIENTED_EDGE('',*,*,#1778,.T.);
#1141=ORIENTED_EDGE('',*,*,#1917,.F.);
#1142=ORIENTED_EDGE('',*,*,#1918,.T.);
#1143=ORIENTED_EDGE('',*,*,#1919,.T.);
#1144=ORIENTED_EDGE('',*,*,#1761,.F.);
#1145=ORIENTED_EDGE('',*,*,#1920,.F.);
#1146=ORIENTED_EDGE('',*,*,#1921,.T.);
#1147=ORIENTED_EDGE('',*,*,#1917,.T.);
#1148=ORIENTED_EDGE('',*,*,#1777,.F.);
#1149=ORIENTED_EDGE('',*,*,#1922,.F.);
#1150=ORIENTED_EDGE('',*,*,#1923,.T.);
#1151=ORIENTED_EDGE('',*,*,#1920,.T.);
#1152=ORIENTED_EDGE('',*,*,#1776,.T.);
#1153=ORIENTED_EDGE('',*,*,#1924,.F.);
#1154=ORIENTED_EDGE('',*,*,#1925,.T.);
#1155=ORIENTED_EDGE('',*,*,#1922,.T.);
#1156=ORIENTED_EDGE('',*,*,#1775,.F.);
#1157=ORIENTED_EDGE('',*,*,#1926,.F.);
#1158=ORIENTED_EDGE('',*,*,#1927,.T.);
#1159=ORIENTED_EDGE('',*,*,#1924,.T.);
#1160=ORIENTED_EDGE('',*,*,#1774,.T.);
#1161=ORIENTED_EDGE('',*,*,#1928,.F.);
#1162=ORIENTED_EDGE('',*,*,#1929,.T.);
#1163=ORIENTED_EDGE('',*,*,#1926,.T.);
#1164=ORIENTED_EDGE('',*,*,#1773,.F.);
#1165=ORIENTED_EDGE('',*,*,#1742,.F.);
#1166=ORIENTED_EDGE('',*,*,#1930,.T.);
#1167=ORIENTED_EDGE('',*,*,#1928,.T.);
#1168=ORIENTED_EDGE('',*,*,#1772,.T.);
#1169=ORIENTED_EDGE('',*,*,#1931,.F.);
#1170=ORIENTED_EDGE('',*,*,#1932,.T.);
#1171=ORIENTED_EDGE('',*,*,#1748,.T.);
#1172=ORIENTED_EDGE('',*,*,#1771,.F.);
#1173=ORIENTED_EDGE('',*,*,#1933,.F.);
#1174=ORIENTED_EDGE('',*,*,#1934,.T.);
#1175=ORIENTED_EDGE('',*,*,#1931,.T.);
#1176=ORIENTED_EDGE('',*,*,#1770,.F.);
#1177=ORIENTED_EDGE('',*,*,#1935,.F.);
#1178=ORIENTED_EDGE('',*,*,#1936,.T.);
#1179=ORIENTED_EDGE('',*,*,#1933,.T.);
#1180=ORIENTED_EDGE('',*,*,#1769,.T.);
#1181=ORIENTED_EDGE('',*,*,#1937,.F.);
#1182=ORIENTED_EDGE('',*,*,#1938,.T.);
#1183=ORIENTED_EDGE('',*,*,#1935,.T.);
#1184=ORIENTED_EDGE('',*,*,#1768,.F.);
#1185=ORIENTED_EDGE('',*,*,#1939,.F.);
#1186=ORIENTED_EDGE('',*,*,#1940,.T.);
#1187=ORIENTED_EDGE('',*,*,#1937,.T.);
#1188=ORIENTED_EDGE('',*,*,#1767,.F.);
#1189=ORIENTED_EDGE('',*,*,#1941,.F.);
#1190=ORIENTED_EDGE('',*,*,#1942,.T.);
#1191=ORIENTED_EDGE('',*,*,#1939,.T.);
#1192=ORIENTED_EDGE('',*,*,#1766,.T.);
#1193=ORIENTED_EDGE('',*,*,#1943,.F.);
#1194=ORIENTED_EDGE('',*,*,#1944,.T.);
#1195=ORIENTED_EDGE('',*,*,#1941,.T.);
#1196=ORIENTED_EDGE('',*,*,#1765,.F.);
#1197=ORIENTED_EDGE('',*,*,#1945,.F.);
#1198=ORIENTED_EDGE('',*,*,#1946,.T.);
#1199=ORIENTED_EDGE('',*,*,#1943,.T.);
#1200=ORIENTED_EDGE('',*,*,#1764,.F.);
#1201=ORIENTED_EDGE('',*,*,#1947,.F.);
#1202=ORIENTED_EDGE('',*,*,#1948,.T.);
#1203=ORIENTED_EDGE('',*,*,#1945,.T.);
#1204=ORIENTED_EDGE('',*,*,#1763,.T.);
#1205=ORIENTED_EDGE('',*,*,#1949,.F.);
#1206=ORIENTED_EDGE('',*,*,#1950,.T.);
#1207=ORIENTED_EDGE('',*,*,#1951,.T.);
#1208=ORIENTED_EDGE('',*,*,#1952,.T.);
#1209=ORIENTED_EDGE('',*,*,#1953,.F.);
#1210=ORIENTED_EDGE('',*,*,#1954,.T.);
#1211=ORIENTED_EDGE('',*,*,#1949,.T.);
#1212=ORIENTED_EDGE('',*,*,#1955,.T.);
#1213=ORIENTED_EDGE('',*,*,#1956,.F.);
#1214=ORIENTED_EDGE('',*,*,#1957,.T.);
#1215=ORIENTED_EDGE('',*,*,#1953,.T.);
#1216=ORIENTED_EDGE('',*,*,#1958,.T.);
#1217=ORIENTED_EDGE('',*,*,#1885,.F.);
#1218=ORIENTED_EDGE('',*,*,#1959,.T.);
#1219=ORIENTED_EDGE('',*,*,#1914,.T.);
#1220=ORIENTED_EDGE('',*,*,#1796,.F.);
#1221=ORIENTED_EDGE('',*,*,#1919,.F.);
#1222=ORIENTED_EDGE('',*,*,#1960,.T.);
#1223=ORIENTED_EDGE('',*,*,#1947,.T.);
#1224=ORIENTED_EDGE('',*,*,#1762,.F.);
#1225=ORIENTED_EDGE('',*,*,#1961,.F.);
#1226=ORIENTED_EDGE('',*,*,#1962,.F.);
#1227=ORIENTED_EDGE('',*,*,#1963,.T.);
#1228=ORIENTED_EDGE('',*,*,#1964,.T.);
#1229=ORIENTED_EDGE('',*,*,#1951,.F.);
#1230=ORIENTED_EDGE('',*,*,#1965,.T.);
#1231=ORIENTED_EDGE('',*,*,#1956,.T.);
#1232=ORIENTED_EDGE('',*,*,#1966,.T.);
#1233=ORIENTED_EDGE('',*,*,#1790,.F.);
#1234=ORIENTED_EDGE('',*,*,#1967,.T.);
#1235=ORIENTED_EDGE('',*,*,#1898,.F.);
#1236=ORIENTED_EDGE('',*,*,#1968,.F.);
#1237=ORIENTED_EDGE('',*,*,#1968,.T.);
#1238=ORIENTED_EDGE('',*,*,#1895,.F.);
#1239=ORIENTED_EDGE('',*,*,#1969,.F.);
#1240=ORIENTED_EDGE('',*,*,#1791,.F.);
#1241=ORIENTED_EDGE('',*,*,#1889,.F.);
#1242=ORIENTED_EDGE('',*,*,#1792,.F.);
#1243=ORIENTED_EDGE('',*,*,#1969,.T.);
#1244=ORIENTED_EDGE('',*,*,#1892,.F.);
#1245=ORIENTED_EDGE('',*,*,#1970,.F.);
#1246=ORIENTED_EDGE('',*,*,#1966,.F.);
#1247=ORIENTED_EDGE('',*,*,#1971,.F.);
#1248=ORIENTED_EDGE('',*,*,#1760,.F.);
#1249=ORIENTED_EDGE('',*,*,#1971,.T.);
#1250=ORIENTED_EDGE('',*,*,#1958,.F.);
#1251=ORIENTED_EDGE('',*,*,#1972,.F.);
#1252=ORIENTED_EDGE('',*,*,#1757,.F.);
#1253=ORIENTED_EDGE('',*,*,#1970,.T.);
#1254=ORIENTED_EDGE('',*,*,#1759,.F.);
#1255=ORIENTED_EDGE('',*,*,#1973,.F.);
#1256=ORIENTED_EDGE('',*,*,#1952,.F.);
#1257=ORIENTED_EDGE('',*,*,#1972,.T.);
#1258=ORIENTED_EDGE('',*,*,#1955,.F.);
#1259=ORIENTED_EDGE('',*,*,#1973,.T.);
#1260=ORIENTED_EDGE('',*,*,#1758,.F.);
#1261=ORIENTED_EDGE('',*,*,#1974,.T.);
#1262=ORIENTED_EDGE('',*,*,#1975,.F.);
#1263=ORIENTED_EDGE('',*,*,#1975,.T.);
#1264=ORIENTED_EDGE('',*,*,#1976,.F.);
#1265=ORIENTED_EDGE('',*,*,#1976,.T.);
#1266=ORIENTED_EDGE('',*,*,#1756,.F.);
#1267=ORIENTED_EDGE('',*,*,#1977,.T.);
#1268=ORIENTED_EDGE('',*,*,#1978,.F.);
#1269=ORIENTED_EDGE('',*,*,#1978,.T.);
#1270=ORIENTED_EDGE('',*,*,#1979,.F.);
#1271=ORIENTED_EDGE('',*,*,#1979,.T.);
#1272=ORIENTED_EDGE('',*,*,#1755,.F.);
#1273=ORIENTED_EDGE('',*,*,#1916,.F.);
#1274=ORIENTED_EDGE('',*,*,#1980,.T.);
#1275=ORIENTED_EDGE('',*,*,#1911,.F.);
#1276=ORIENTED_EDGE('',*,*,#1779,.F.);
#1277=ORIENTED_EDGE('',*,*,#1904,.F.);
#1278=ORIENTED_EDGE('',*,*,#1981,.T.);
#1279=ORIENTED_EDGE('',*,*,#1899,.F.);
#1280=ORIENTED_EDGE('',*,*,#1787,.F.);
#1281=ORIENTED_EDGE('',*,*,#1901,.F.);
#1282=ORIENTED_EDGE('',*,*,#1982,.T.);
#1283=ORIENTED_EDGE('',*,*,#1896,.F.);
#1284=ORIENTED_EDGE('',*,*,#1967,.F.);
#1285=ORIENTED_EDGE('',*,*,#1789,.F.);
#1286=ORIENTED_EDGE('',*,*,#1907,.F.);
#1287=ORIENTED_EDGE('',*,*,#1983,.T.);
#1288=ORIENTED_EDGE('',*,*,#1902,.F.);
#1289=ORIENTED_EDGE('',*,*,#1785,.F.);
#1290=ORIENTED_EDGE('',*,*,#1913,.F.);
#1291=ORIENTED_EDGE('',*,*,#1984,.T.);
#1292=ORIENTED_EDGE('',*,*,#1908,.F.);
#1293=ORIENTED_EDGE('',*,*,#1781,.F.);
#1294=ORIENTED_EDGE('',*,*,#1910,.F.);
#1295=ORIENTED_EDGE('',*,*,#1985,.T.);
#1296=ORIENTED_EDGE('',*,*,#1905,.F.);
#1297=ORIENTED_EDGE('',*,*,#1783,.F.);
#1298=ORIENTED_EDGE('',*,*,#1888,.F.);
#1299=ORIENTED_EDGE('',*,*,#1986,.T.);
#1300=ORIENTED_EDGE('',*,*,#1883,.F.);
#1301=ORIENTED_EDGE('',*,*,#1794,.F.);
#1302=ORIENTED_EDGE('',*,*,#1801,.F.);
#1303=ORIENTED_EDGE('',*,*,#1987,.F.);
#1304=ORIENTED_EDGE('',*,*,#1988,.T.);
#1305=ORIENTED_EDGE('',*,*,#1989,.T.);
#1306=ORIENTED_EDGE('',*,*,#1804,.F.);
#1307=ORIENTED_EDGE('',*,*,#1990,.F.);
#1308=ORIENTED_EDGE('',*,*,#1991,.T.);
#1309=ORIENTED_EDGE('',*,*,#1987,.T.);
#1310=ORIENTED_EDGE('',*,*,#1803,.T.);
#1311=ORIENTED_EDGE('',*,*,#1992,.F.);
#1312=ORIENTED_EDGE('',*,*,#1993,.F.);
#1313=ORIENTED_EDGE('',*,*,#1990,.T.);
#1314=ORIENTED_EDGE('',*,*,#1802,.F.);
#1315=ORIENTED_EDGE('',*,*,#1989,.F.);
#1316=ORIENTED_EDGE('',*,*,#1994,.T.);
#1317=ORIENTED_EDGE('',*,*,#1992,.T.);
#1318=ORIENTED_EDGE('',*,*,#1988,.F.);
#1319=ORIENTED_EDGE('',*,*,#1991,.F.);
#1320=ORIENTED_EDGE('',*,*,#1993,.T.);
#1321=ORIENTED_EDGE('',*,*,#1994,.F.);
#1322=ORIENTED_EDGE('',*,*,#1823,.T.);
#1323=ORIENTED_EDGE('',*,*,#1820,.T.);
#1324=ORIENTED_EDGE('',*,*,#1828,.T.);
#1325=ORIENTED_EDGE('',*,*,#1826,.F.);
#1326=ORIENTED_EDGE('',*,*,#1798,.T.);
#1327=ORIENTED_EDGE('',*,*,#1995,.F.);
#1328=ORIENTED_EDGE('',*,*,#1996,.F.);
#1329=ORIENTED_EDGE('',*,*,#1997,.T.);
#1330=ORIENTED_EDGE('',*,*,#1797,.T.);
#1331=ORIENTED_EDGE('',*,*,#1998,.F.);
#1332=ORIENTED_EDGE('',*,*,#1999,.F.);
#1333=ORIENTED_EDGE('',*,*,#1995,.T.);
#1334=ORIENTED_EDGE('',*,*,#1800,.T.);
#1335=ORIENTED_EDGE('',*,*,#2000,.F.);
#1336=ORIENTED_EDGE('',*,*,#2001,.F.);
#1337=ORIENTED_EDGE('',*,*,#1998,.T.);
#1338=ORIENTED_EDGE('',*,*,#1799,.F.);
#1339=ORIENTED_EDGE('',*,*,#1997,.F.);
#1340=ORIENTED_EDGE('',*,*,#2002,.T.);
#1341=ORIENTED_EDGE('',*,*,#2000,.T.);
#1342=ORIENTED_EDGE('',*,*,#1996,.T.);
#1343=ORIENTED_EDGE('',*,*,#1999,.T.);
#1344=ORIENTED_EDGE('',*,*,#2001,.T.);
#1345=ORIENTED_EDGE('',*,*,#2002,.F.);
#1346=ORIENTED_EDGE('',*,*,#1811,.F.);
#1347=ORIENTED_EDGE('',*,*,#1808,.T.);
#1348=ORIENTED_EDGE('',*,*,#1816,.F.);
#1349=ORIENTED_EDGE('',*,*,#1814,.F.);
#1350=ORIENTED_EDGE('',*,*,#2003,.F.);
#1351=ORIENTED_EDGE('',*,*,#1961,.T.);
#1352=ORIENTED_EDGE('',*,*,#2004,.T.);
#1353=ORIENTED_EDGE('',*,*,#1751,.F.);
#1354=ORIENTED_EDGE('',*,*,#1752,.T.);
#1355=ORIENTED_EDGE('',*,*,#2004,.F.);
#1356=ORIENTED_EDGE('',*,*,#1964,.F.);
#1357=ORIENTED_EDGE('',*,*,#2005,.T.);
#1358=ORIENTED_EDGE('',*,*,#1745,.F.);
#1359=ORIENTED_EDGE('',*,*,#2006,.F.);
#1360=ORIENTED_EDGE('',*,*,#2007,.F.);
#1361=ORIENTED_EDGE('',*,*,#1747,.T.);
#1362=ORIENTED_EDGE('',*,*,#2008,.F.);
#1363=ORIENTED_EDGE('',*,*,#1962,.T.);
#1364=ORIENTED_EDGE('',*,*,#2003,.T.);
#1365=ORIENTED_EDGE('',*,*,#1750,.F.);
#1366=ORIENTED_EDGE('',*,*,#2008,.T.);
#1367=ORIENTED_EDGE('',*,*,#1746,.F.);
#1368=ORIENTED_EDGE('',*,*,#2005,.F.);
#1369=ORIENTED_EDGE('',*,*,#1963,.F.);
#1370=ORIENTED_EDGE('',*,*,#1737,.F.);
#1371=ORIENTED_EDGE('',*,*,#1730,.F.);
#1372=ORIENTED_EDGE('',*,*,#1731,.F.);
#1373=ORIENTED_EDGE('',*,*,#1734,.F.);
#1374=ORIENTED_EDGE('',*,*,#2007,.T.);
#1375=ORIENTED_EDGE('',*,*,#1729,.F.);
#1376=ORIENTED_EDGE('',*,*,#1716,.F.);
#1377=ORIENTED_EDGE('',*,*,#2009,.F.);
#1378=ORIENTED_EDGE('',*,*,#2010,.T.);
#1379=ORIENTED_EDGE('',*,*,#1732,.T.);
#1380=ORIENTED_EDGE('',*,*,#1720,.T.);
#1381=ORIENTED_EDGE('',*,*,#1738,.T.);
#1382=ORIENTED_EDGE('',*,*,#1725,.T.);
#1383=ORIENTED_EDGE('',*,*,#1736,.T.);
#1384=ORIENTED_EDGE('',*,*,#1707,.F.);
#1385=ORIENTED_EDGE('',*,*,#1733,.T.);
#1386=ORIENTED_EDGE('',*,*,#1709,.T.);
#1387=ORIENTED_EDGE('',*,*,#1735,.T.);
#1388=ORIENTED_EDGE('',*,*,#1727,.T.);
#1389=ORIENTED_EDGE('',*,*,#2009,.T.);
#1390=ORIENTED_EDGE('',*,*,#1718,.F.);
#1391=ORIENTED_EDGE('',*,*,#1682,.F.);
#1392=ORIENTED_EDGE('',*,*,#1675,.F.);
#1393=ORIENTED_EDGE('',*,*,#1676,.F.);
#1394=ORIENTED_EDGE('',*,*,#1679,.F.);
#1395=ORIENTED_EDGE('',*,*,#2006,.T.);
#1396=ORIENTED_EDGE('',*,*,#1674,.F.);
#1397=ORIENTED_EDGE('',*,*,#1661,.F.);
#1398=ORIENTED_EDGE('',*,*,#2011,.F.);
#1399=ORIENTED_EDGE('',*,*,#2012,.T.);
#1400=ORIENTED_EDGE('',*,*,#1677,.T.);
#1401=ORIENTED_EDGE('',*,*,#1665,.T.);
#1402=ORIENTED_EDGE('',*,*,#1683,.T.);
#1403=ORIENTED_EDGE('',*,*,#1670,.T.);
#1404=ORIENTED_EDGE('',*,*,#1681,.T.);
#1405=ORIENTED_EDGE('',*,*,#1652,.F.);
#1406=ORIENTED_EDGE('',*,*,#1678,.T.);
#1407=ORIENTED_EDGE('',*,*,#1654,.T.);
#1408=ORIENTED_EDGE('',*,*,#1680,.T.);
#1409=ORIENTED_EDGE('',*,*,#1672,.T.);
#1410=ORIENTED_EDGE('',*,*,#2011,.T.);
#1411=ORIENTED_EDGE('',*,*,#1663,.F.);
#1412=ORIENTED_EDGE('',*,*,#2010,.F.);
#1413=ORIENTED_EDGE('',*,*,#1882,.F.);
#1414=ORIENTED_EDGE('',*,*,#2012,.F.);
#1415=ORIENTED_EDGE('',*,*,#1881,.F.);
#1416=ORIENTED_EDGE('',*,*,#2013,.F.);
#1417=ORIENTED_EDGE('',*,*,#1880,.F.);
#1418=ORIENTED_EDGE('',*,*,#2014,.F.);
#1419=ORIENTED_EDGE('',*,*,#1806,.F.);
#1420=ORIENTED_EDGE('',*,*,#2014,.T.);
#1421=ORIENTED_EDGE('',*,*,#1879,.F.);
#1422=ORIENTED_EDGE('',*,*,#2015,.F.);
#1423=ORIENTED_EDGE('',*,*,#1815,.F.);
#1424=ORIENTED_EDGE('',*,*,#2013,.T.);
#1425=ORIENTED_EDGE('',*,*,#1810,.F.);
#1426=ORIENTED_EDGE('',*,*,#2016,.F.);
#1427=ORIENTED_EDGE('',*,*,#1877,.F.);
#1428=ORIENTED_EDGE('',*,*,#2015,.T.);
#1429=ORIENTED_EDGE('',*,*,#1878,.F.);
#1430=ORIENTED_EDGE('',*,*,#2016,.T.);
#1431=ORIENTED_EDGE('',*,*,#1813,.F.);
#1432=ORIENTED_EDGE('',*,*,#2017,.F.);
#1433=ORIENTED_EDGE('',*,*,#1876,.F.);
#1434=ORIENTED_EDGE('',*,*,#2018,.F.);
#1435=ORIENTED_EDGE('',*,*,#1818,.F.);
#1436=ORIENTED_EDGE('',*,*,#2018,.T.);
#1437=ORIENTED_EDGE('',*,*,#1875,.F.);
#1438=ORIENTED_EDGE('',*,*,#2019,.F.);
#1439=ORIENTED_EDGE('',*,*,#1827,.F.);
#1440=ORIENTED_EDGE('',*,*,#2017,.T.);
#1441=ORIENTED_EDGE('',*,*,#1822,.F.);
#1442=ORIENTED_EDGE('',*,*,#2020,.F.);
#1443=ORIENTED_EDGE('',*,*,#1873,.F.);
#1444=ORIENTED_EDGE('',*,*,#2019,.T.);
#1445=ORIENTED_EDGE('',*,*,#1874,.F.);
#1446=ORIENTED_EDGE('',*,*,#2020,.T.);
#1447=ORIENTED_EDGE('',*,*,#1825,.F.);
#1448=ORIENTED_EDGE('',*,*,#1974,.F.);
#1449=ORIENTED_EDGE('',*,*,#1872,.F.);
#1450=ORIENTED_EDGE('',*,*,#1977,.F.);
#1451=ORIENTED_EDGE('',*,*,#1871,.F.);
#1452=ORIENTED_EDGE('',*,*,#2021,.F.);
#1453=ORIENTED_EDGE('',*,*,#1863,.F.);
#1454=ORIENTED_EDGE('',*,*,#2022,.F.);
#1455=ORIENTED_EDGE('',*,*,#1946,.F.);
#1456=ORIENTED_EDGE('',*,*,#2022,.T.);
#1457=ORIENTED_EDGE('',*,*,#1862,.F.);
#1458=ORIENTED_EDGE('',*,*,#2023,.F.);
#1459=ORIENTED_EDGE('',*,*,#1944,.F.);
#1460=ORIENTED_EDGE('',*,*,#2021,.T.);
#1461=ORIENTED_EDGE('',*,*,#1948,.F.);
#1462=ORIENTED_EDGE('',*,*,#2024,.F.);
#1463=ORIENTED_EDGE('',*,*,#1864,.F.);
#1464=ORIENTED_EDGE('',*,*,#2023,.T.);
#1465=ORIENTED_EDGE('',*,*,#1861,.F.);
#1466=ORIENTED_EDGE('',*,*,#2025,.F.);
#1467=ORIENTED_EDGE('',*,*,#1942,.F.);
#1468=ORIENTED_EDGE('',*,*,#2024,.T.);
#1469=ORIENTED_EDGE('',*,*,#1960,.F.);
#1470=ORIENTED_EDGE('',*,*,#2026,.F.);
#1471=ORIENTED_EDGE('',*,*,#1865,.F.);
#1472=ORIENTED_EDGE('',*,*,#2025,.T.);
#1473=ORIENTED_EDGE('',*,*,#1860,.F.);
#1474=ORIENTED_EDGE('',*,*,#2027,.F.);
#1475=ORIENTED_EDGE('',*,*,#1940,.F.);
#1476=ORIENTED_EDGE('',*,*,#2026,.T.);
#1477=ORIENTED_EDGE('',*,*,#1918,.F.);
#1478=ORIENTED_EDGE('',*,*,#2028,.F.);
#1479=ORIENTED_EDGE('',*,*,#1866,.F.);
#1480=ORIENTED_EDGE('',*,*,#2027,.T.);
#1481=ORIENTED_EDGE('',*,*,#1859,.F.);
#1482=ORIENTED_EDGE('',*,*,#2029,.F.);
#1483=ORIENTED_EDGE('',*,*,#1938,.F.);
#1484=ORIENTED_EDGE('',*,*,#2028,.T.);
#1485=ORIENTED_EDGE('',*,*,#1921,.F.);
#1486=ORIENTED_EDGE('',*,*,#2030,.F.);
#1487=ORIENTED_EDGE('',*,*,#1867,.F.);
#1488=ORIENTED_EDGE('',*,*,#2029,.T.);
#1489=ORIENTED_EDGE('',*,*,#1858,.F.);
#1490=ORIENTED_EDGE('',*,*,#2031,.F.);
#1491=ORIENTED_EDGE('',*,*,#1936,.F.);
#1492=ORIENTED_EDGE('',*,*,#2030,.T.);
#1493=ORIENTED_EDGE('',*,*,#1923,.F.);
#1494=ORIENTED_EDGE('',*,*,#2032,.F.);
#1495=ORIENTED_EDGE('',*,*,#1868,.F.);
#1496=ORIENTED_EDGE('',*,*,#2031,.T.);
#1497=ORIENTED_EDGE('',*,*,#1857,.F.);
#1498=ORIENTED_EDGE('',*,*,#2033,.F.);
#1499=ORIENTED_EDGE('',*,*,#1934,.F.);
#1500=ORIENTED_EDGE('',*,*,#2032,.T.);
#1501=ORIENTED_EDGE('',*,*,#1925,.F.);
#1502=ORIENTED_EDGE('',*,*,#2034,.F.);
#1503=ORIENTED_EDGE('',*,*,#1869,.F.);
#1504=ORIENTED_EDGE('',*,*,#2033,.T.);
#1505=ORIENTED_EDGE('',*,*,#1856,.F.);
#1506=ORIENTED_EDGE('',*,*,#2035,.F.);
#1507=ORIENTED_EDGE('',*,*,#1932,.F.);
#1508=ORIENTED_EDGE('',*,*,#2034,.T.);
#1509=ORIENTED_EDGE('',*,*,#1927,.F.);
#1510=ORIENTED_EDGE('',*,*,#2036,.F.);
#1511=ORIENTED_EDGE('',*,*,#1870,.F.);
#1512=ORIENTED_EDGE('',*,*,#2035,.T.);
#1513=ORIENTED_EDGE('',*,*,#1855,.F.);
#1514=ORIENTED_EDGE('',*,*,#2037,.F.);
#1515=ORIENTED_EDGE('',*,*,#1740,.F.);
#1516=ORIENTED_EDGE('',*,*,#1749,.F.);
#1517=ORIENTED_EDGE('',*,*,#2036,.T.);
#1518=ORIENTED_EDGE('',*,*,#1929,.F.);
#1519=ORIENTED_EDGE('',*,*,#2038,.F.);
#1520=ORIENTED_EDGE('',*,*,#1852,.F.);
#1521=ORIENTED_EDGE('',*,*,#2037,.T.);
#1522=ORIENTED_EDGE('',*,*,#1854,.F.);
#1523=ORIENTED_EDGE('',*,*,#2039,.F.);
#1524=ORIENTED_EDGE('',*,*,#1741,.F.);
#1525=ORIENTED_EDGE('',*,*,#2038,.T.);
#1526=ORIENTED_EDGE('',*,*,#1930,.F.);
#1527=ORIENTED_EDGE('',*,*,#2039,.T.);
#1528=ORIENTED_EDGE('',*,*,#1853,.F.);
#1529=ORIENTED_EDGE('',*,*,#2040,.F.);
#1530=ORIENTED_EDGE('',*,*,#1903,.F.);
#1531=ORIENTED_EDGE('',*,*,#2041,.F.);
#1532=ORIENTED_EDGE('',*,*,#1843,.F.);
#1533=ORIENTED_EDGE('',*,*,#2041,.T.);
#1534=ORIENTED_EDGE('',*,*,#1983,.F.);
#1535=ORIENTED_EDGE('',*,*,#2042,.F.);
#1536=ORIENTED_EDGE('',*,*,#1844,.F.);
#1537=ORIENTED_EDGE('',*,*,#2040,.T.);
#1538=ORIENTED_EDGE('',*,*,#1842,.F.);
#1539=ORIENTED_EDGE('',*,*,#2043,.F.);
#1540=ORIENTED_EDGE('',*,*,#1981,.F.);
#1541=ORIENTED_EDGE('',*,*,#2042,.T.);
#1542=ORIENTED_EDGE('',*,*,#1906,.F.);
#1543=ORIENTED_EDGE('',*,*,#2044,.F.);
#1544=ORIENTED_EDGE('',*,*,#1845,.F.);
#1545=ORIENTED_EDGE('',*,*,#2043,.T.);
#1546=ORIENTED_EDGE('',*,*,#1841,.F.);
#1547=ORIENTED_EDGE('',*,*,#2045,.F.);
#1548=ORIENTED_EDGE('',*,*,#1900,.F.);
#1549=ORIENTED_EDGE('',*,*,#2044,.T.);
#1550=ORIENTED_EDGE('',*,*,#1985,.F.);
#1551=ORIENTED_EDGE('',*,*,#2046,.F.);
#1552=ORIENTED_EDGE('',*,*,#1846,.F.);
#1553=ORIENTED_EDGE('',*,*,#2045,.T.);
#1554=ORIENTED_EDGE('',*,*,#1840,.F.);
#1555=ORIENTED_EDGE('',*,*,#2047,.F.);
#1556=ORIENTED_EDGE('',*,*,#1982,.F.);
#1557=ORIENTED_EDGE('',*,*,#2046,.T.);
#1558=ORIENTED_EDGE('',*,*,#1909,.F.);
#1559=ORIENTED_EDGE('',*,*,#2048,.F.);
#1560=ORIENTED_EDGE('',*,*,#1847,.F.);
#1561=ORIENTED_EDGE('',*,*,#2047,.T.);
#1562=ORIENTED_EDGE('',*,*,#1839,.F.);
#1563=ORIENTED_EDGE('',*,*,#2049,.F.);
#1564=ORIENTED_EDGE('',*,*,#1897,.F.);
#1565=ORIENTED_EDGE('',*,*,#2048,.T.);
#1566=ORIENTED_EDGE('',*,*,#1984,.F.);
#1567=ORIENTED_EDGE('',*,*,#2050,.F.);
#1568=ORIENTED_EDGE('',*,*,#1848,.F.);
#1569=ORIENTED_EDGE('',*,*,#2049,.T.);
#1570=ORIENTED_EDGE('',*,*,#1838,.F.);
#1571=ORIENTED_EDGE('',*,*,#2051,.F.);
#1572=ORIENTED_EDGE('',*,*,#1894,.F.);
#1573=ORIENTED_EDGE('',*,*,#2050,.T.);
#1574=ORIENTED_EDGE('',*,*,#1912,.F.);
#1575=ORIENTED_EDGE('',*,*,#2052,.F.);
#1576=ORIENTED_EDGE('',*,*,#1849,.F.);
#1577=ORIENTED_EDGE('',*,*,#2051,.T.);
#1578=ORIENTED_EDGE('',*,*,#1837,.F.);
#1579=ORIENTED_EDGE('',*,*,#2053,.F.);
#1580=ORIENTED_EDGE('',*,*,#1891,.F.);
#1581=ORIENTED_EDGE('',*,*,#2052,.T.);
#1582=ORIENTED_EDGE('',*,*,#1980,.F.);
#1583=ORIENTED_EDGE('',*,*,#2054,.F.);
#1584=ORIENTED_EDGE('',*,*,#1850,.F.);
#1585=ORIENTED_EDGE('',*,*,#2053,.T.);
#1586=ORIENTED_EDGE('',*,*,#1836,.F.);
#1587=ORIENTED_EDGE('',*,*,#2055,.F.);
#1588=ORIENTED_EDGE('',*,*,#1887,.F.);
#1589=ORIENTED_EDGE('',*,*,#2054,.T.);
#1590=ORIENTED_EDGE('',*,*,#1915,.F.);
#1591=ORIENTED_EDGE('',*,*,#2056,.F.);
#1592=ORIENTED_EDGE('',*,*,#1851,.F.);
#1593=ORIENTED_EDGE('',*,*,#2055,.T.);
#1594=ORIENTED_EDGE('',*,*,#1835,.F.);
#1595=ORIENTED_EDGE('',*,*,#2057,.F.);
#1596=ORIENTED_EDGE('',*,*,#1986,.F.);
#1597=ORIENTED_EDGE('',*,*,#2056,.T.);
#1598=ORIENTED_EDGE('',*,*,#1959,.F.);
#1599=ORIENTED_EDGE('',*,*,#2058,.F.);
#1600=ORIENTED_EDGE('',*,*,#1833,.F.);
#1601=ORIENTED_EDGE('',*,*,#2057,.T.);
#1602=ORIENTED_EDGE('',*,*,#1834,.F.);
#1603=ORIENTED_EDGE('',*,*,#2058,.T.);
#1604=ORIENTED_EDGE('',*,*,#1884,.F.);
#1605=ORIENTED_EDGE('',*,*,#2059,.F.);
#1606=ORIENTED_EDGE('',*,*,#1832,.F.);
#1607=ORIENTED_EDGE('',*,*,#2060,.F.);
#1608=ORIENTED_EDGE('',*,*,#1965,.F.);
#1609=ORIENTED_EDGE('',*,*,#2060,.T.);
#1610=ORIENTED_EDGE('',*,*,#1831,.F.);
#1611=ORIENTED_EDGE('',*,*,#2061,.F.);
#1612=ORIENTED_EDGE('',*,*,#1957,.F.);
#1613=ORIENTED_EDGE('',*,*,#2059,.T.);
#1614=ORIENTED_EDGE('',*,*,#1950,.F.);
#1615=ORIENTED_EDGE('',*,*,#2062,.F.);
#1616=ORIENTED_EDGE('',*,*,#1829,.F.);
#1617=ORIENTED_EDGE('',*,*,#2061,.T.);
#1618=ORIENTED_EDGE('',*,*,#1830,.F.);
#1619=ORIENTED_EDGE('',*,*,#2062,.T.);
#1620=ORIENTED_EDGE('',*,*,#1954,.F.);
#1621=ORIENTED_EDGE('',*,*,#2063,.T.);
#1622=ORIENTED_EDGE('',*,*,#2064,.F.);
#1623=ORIENTED_EDGE('',*,*,#2064,.T.);
#1624=ORIENTED_EDGE('',*,*,#1628,.F.);
#1625=ORIENTED_EDGE('',*,*,#1754,.F.);
#1626=ORIENTED_EDGE('',*,*,#2063,.F.);
#1627=EDGE_CURVE('',#2065,#2065,#2335,.F.);
#1628=EDGE_CURVE('',#2066,#2066,#2336,.T.);
#1629=EDGE_CURVE('',#2067,#2068,#60,.T.);
#1630=EDGE_CURVE('',#2069,#2067,#61,.T.);
#1631=EDGE_CURVE('',#2069,#2070,#62,.F.);
#1632=EDGE_CURVE('',#2070,#2071,#63,.T.);
#1633=EDGE_CURVE('',#2071,#2068,#64,.F.);
#1634=EDGE_CURVE('',#2068,#2072,#65,.T.);
#1635=EDGE_CURVE('',#2071,#2073,#66,.T.);
#1636=EDGE_CURVE('',#2073,#2074,#67,.F.);
#1637=EDGE_CURVE('',#2074,#2072,#68,.F.);
#1638=EDGE_CURVE('',#2075,#2076,#69,.T.);
#1639=EDGE_CURVE('',#2077,#2075,#70,.F.);
#1640=EDGE_CURVE('',#2077,#2078,#71,.T.);
#1641=EDGE_CURVE('',#2078,#2079,#72,.F.);
#1642=EDGE_CURVE('',#2079,#2076,#73,.F.);
#1643=EDGE_CURVE('',#2080,#2075,#74,.T.);
#1644=EDGE_CURVE('',#2081,#2080,#75,.T.);
#1645=EDGE_CURVE('',#2081,#2082,#76,.F.);
#1646=EDGE_CURVE('',#2082,#2077,#77,.T.);
#1647=EDGE_CURVE('',#2083,#2067,#78,.T.);
#1648=EDGE_CURVE('',#2084,#2083,#79,.F.);
#1649=EDGE_CURVE('',#2084,#2069,#80,.T.);
#1650=EDGE_CURVE('',#2085,#2070,#81,.F.);
#1651=EDGE_CURVE('',#2086,#2069,#82,.F.);
#1652=EDGE_CURVE('',#2086,#2085,#83,.F.);
#1653=EDGE_CURVE('',#2078,#2087,#84,.F.);
#1654=EDGE_CURVE('',#2088,#2087,#85,.F.);
#1655=EDGE_CURVE('',#2079,#2088,#86,.F.);
#1656=EDGE_CURVE('',#2076,#2083,#87,.T.);
#1657=EDGE_CURVE('',#2079,#2084,#88,.T.);
#1658=EDGE_CURVE('',#2089,#2080,#89,.T.);
#1659=EDGE_CURVE('',#2090,#2089,#90,.F.);
#1660=EDGE_CURVE('',#2090,#2081,#91,.T.);
#1661=EDGE_CURVE('',#2091,#2082,#92,.F.);
#1662=EDGE_CURVE('',#2092,#2081,#93,.F.);
#1663=EDGE_CURVE('',#2092,#2091,#94,.F.);
#1664=EDGE_CURVE('',#2073,#2093,#95,.F.);
#1665=EDGE_CURVE('',#2094,#2093,#96,.F.);
#1666=EDGE_CURVE('',#2074,#2094,#97,.F.);
#1667=EDGE_CURVE('',#2072,#2089,#98,.T.);
#1668=EDGE_CURVE('',#2074,#2090,#99,.T.);
#1669=EDGE_CURVE('',#2070,#2095,#100,.T.);
#1670=EDGE_CURVE('',#2096,#2095,#2337,.F.);
#1671=EDGE_CURVE('',#2096,#2073,#101,.F.);
#1672=EDGE_CURVE('',#2097,#2098,#2338,.F.);
#1673=EDGE_CURVE('',#2097,#2078,#102,.T.);
#1674=EDGE_CURVE('',#2082,#2098,#103,.F.);
#1675=EDGE_CURVE('',#2083,#2075,#2339,.T.);
#1676=EDGE_CURVE('',#2068,#2083,#2340,.T.);
#1677=EDGE_CURVE('',#2092,#2094,#2341,.F.);
#1678=EDGE_CURVE('',#2086,#2088,#2342,.F.);
#1679=EDGE_CURVE('',#2089,#2068,#2343,.T.);
#1680=EDGE_CURVE('',#2087,#2097,#2344,.F.);
#1681=EDGE_CURVE('',#2095,#2085,#2345,.F.);
#1682=EDGE_CURVE('',#2075,#2089,#2346,.T.);
#1683=EDGE_CURVE('',#2093,#2096,#2347,.F.);
#1684=EDGE_CURVE('',#2099,#2100,#104,.T.);
#1685=EDGE_CURVE('',#2101,#2099,#105,.T.);
#1686=EDGE_CURVE('',#2101,#2102,#106,.F.);
#1687=EDGE_CURVE('',#2102,#2103,#107,.T.);
#1688=EDGE_CURVE('',#2103,#2100,#108,.F.);
#1689=EDGE_CURVE('',#2100,#2104,#109,.T.);
#1690=EDGE_CURVE('',#2103,#2105,#110,.T.);
#1691=EDGE_CURVE('',#2105,#2106,#111,.F.);
#1692=EDGE_CURVE('',#2106,#2104,#112,.F.);
#1693=EDGE_CURVE('',#2107,#2108,#113,.T.);
#1694=EDGE_CURVE('',#2109,#2107,#114,.F.);
#1695=EDGE_CURVE('',#2109,#2110,#115,.T.);
#1696=EDGE_CURVE('',#2110,#2111,#116,.F.);
#1697=EDGE_CURVE('',#2111,#2108,#117,.F.);
#1698=EDGE_CURVE('',#2112,#2107,#118,.T.);
#1699=EDGE_CURVE('',#2113,#2112,#119,.T.);
#1700=EDGE_CURVE('',#2113,#2114,#120,.F.);
#1701=EDGE_CURVE('',#2114,#2109,#121,.T.);
#1702=EDGE_CURVE('',#2115,#2099,#122,.T.);
#1703=EDGE_CURVE('',#2116,#2115,#123,.F.);
#1704=EDGE_CURVE('',#2116,#2101,#124,.T.);
#1705=EDGE_CURVE('',#2117,#2102,#125,.F.);
#1706=EDGE_CURVE('',#2118,#2101,#126,.F.);
#1707=EDGE_CURVE('',#2118,#2117,#127,.F.);
#1708=EDGE_CURVE('',#2110,#2119,#128,.F.);
#1709=EDGE_CURVE('',#2120,#2119,#129,.F.);
#1710=EDGE_CURVE('',#2111,#2120,#130,.F.);
#1711=EDGE_CURVE('',#2108,#2115,#131,.T.);
#1712=EDGE_CURVE('',#2111,#2116,#132,.T.);
#1713=EDGE_CURVE('',#2121,#2112,#133,.T.);
#1714=EDGE_CURVE('',#2122,#2121,#134,.F.);
#1715=EDGE_CURVE('',#2122,#2113,#135,.T.);
#1716=EDGE_CURVE('',#2123,#2114,#136,.F.);
#1717=EDGE_CURVE('',#2124,#2113,#137,.F.);
#1718=EDGE_CURVE('',#2124,#2123,#138,.F.);
#1719=EDGE_CURVE('',#2105,#2125,#139,.F.);
#1720=EDGE_CURVE('',#2126,#2125,#140,.F.);
#1721=EDGE_CURVE('',#2106,#2126,#141,.F.);
#1722=EDGE_CURVE('',#2104,#2121,#142,.T.);
#1723=EDGE_CURVE('',#2106,#2122,#143,.T.);
#1724=EDGE_CURVE('',#2102,#2127,#144,.T.);
#1725=EDGE_CURVE('',#2128,#2127,#2348,.F.);
#1726=EDGE_CURVE('',#2128,#2105,#145,.F.);
#1727=EDGE_CURVE('',#2129,#2130,#2349,.F.);
#1728=EDGE_CURVE('',#2129,#2110,#146,.T.);
#1729=EDGE_CURVE('',#2114,#2130,#147,.F.);
#1730=EDGE_CURVE('',#2115,#2107,#2350,.T.);
#1731=EDGE_CURVE('',#2100,#2115,#2351,.T.);
#1732=EDGE_CURVE('',#2124,#2126,#2352,.F.);
#1733=EDGE_CURVE('',#2118,#2120,#2353,.F.);
#1734=EDGE_CURVE('',#2121,#2100,#2354,.T.);
#1735=EDGE_CURVE('',#2119,#2129,#2355,.F.);
#1736=EDGE_CURVE('',#2127,#2117,#2356,.F.);
#1737=EDGE_CURVE('',#2107,#2121,#2357,.T.);
#1738=EDGE_CURVE('',#2125,#2128,#2358,.F.);
#1739=EDGE_CURVE('',#2131,#2132,#148,.T.);
#1740=EDGE_CURVE('',#2131,#2133,#48,.T.);
#1741=EDGE_CURVE('',#2133,#2134,#149,.T.);
#1742=EDGE_CURVE('',#2134,#2135,#150,.T.);
#1743=EDGE_CURVE('',#2136,#2135,#151,.T.);
#1744=EDGE_CURVE('',#2137,#2136,#152,.T.);
#1745=EDGE_CURVE('',#2137,#2138,#153,.T.);
#1746=EDGE_CURVE('',#2138,#2139,#154,.T.);
#1747=EDGE_CURVE('',#2132,#2139,#155,.T.);
#1748=EDGE_CURVE('',#2140,#2141,#156,.T.);
#1749=EDGE_CURVE('',#2140,#2131,#2359,.F.);
#1750=EDGE_CURVE('',#2132,#2142,#2360,.F.);
#1751=EDGE_CURVE('',#2142,#2143,#157,.T.);
#1752=EDGE_CURVE('',#2137,#2143,#2361,.F.);
#1753=EDGE_CURVE('',#2136,#2141,#2362,.T.);
#1754=EDGE_CURVE('',#2144,#2144,#2363,.T.);
#1755=EDGE_CURVE('',#2145,#2145,#2364,.T.);
#1756=EDGE_CURVE('',#2146,#2146,#2365,.T.);
#1757=EDGE_CURVE('',#2147,#2148,#2366,.T.);
#1758=EDGE_CURVE('',#2148,#2149,#158,.T.);
#1759=EDGE_CURVE('',#2149,#2150,#2367,.T.);
#1760=EDGE_CURVE('',#2150,#2147,#159,.T.);
#1761=EDGE_CURVE('',#2151,#2152,#2368,.T.);
#1762=EDGE_CURVE('',#2152,#2153,#160,.T.);
#1763=EDGE_CURVE('',#2154,#2153,#2369,.T.);
#1764=EDGE_CURVE('',#2154,#2155,#161,.T.);
#1765=EDGE_CURVE('',#2155,#2156,#162,.T.);
#1766=EDGE_CURVE('',#2157,#2156,#163,.T.);
#1767=EDGE_CURVE('',#2157,#2158,#164,.T.);
#1768=EDGE_CURVE('',#2158,#2159,#165,.T.);
#1769=EDGE_CURVE('',#2160,#2159,#2370,.T.);
#1770=EDGE_CURVE('',#2160,#2161,#166,.T.);
#1771=EDGE_CURVE('',#2161,#2141,#2371,.T.);
#1772=EDGE_CURVE('',#2162,#2135,#2372,.T.);
#1773=EDGE_CURVE('',#2162,#2163,#167,.T.);
#1774=EDGE_CURVE('',#2164,#2163,#2373,.T.);
#1775=EDGE_CURVE('',#2164,#2165,#168,.T.);
#1776=EDGE_CURVE('',#2166,#2165,#2374,.T.);
#1777=EDGE_CURVE('',#2166,#2151,#2375,.T.);
#1778=EDGE_CURVE('',#2167,#2168,#169,.T.);
#1779=EDGE_CURVE('',#2167,#2169,#2376,.F.);
#1780=EDGE_CURVE('',#2170,#2169,#170,.T.);
#1781=EDGE_CURVE('',#2170,#2171,#2377,.T.);
#1782=EDGE_CURVE('',#2172,#2171,#171,.T.);
#1783=EDGE_CURVE('',#2172,#2173,#2378,.T.);
#1784=EDGE_CURVE('',#2174,#2173,#172,.T.);
#1785=EDGE_CURVE('',#2174,#2175,#2379,.T.);
#1786=EDGE_CURVE('',#2176,#2175,#173,.T.);
#1787=EDGE_CURVE('',#2176,#2177,#2380,.F.);
#1788=EDGE_CURVE('',#2177,#2178,#2381,.T.);
#1789=EDGE_CURVE('',#2178,#2179,#2382,.F.);
#1790=EDGE_CURVE('',#2179,#2180,#174,.T.);
#1791=EDGE_CURVE('',#2180,#2181,#2383,.T.);
#1792=EDGE_CURVE('',#2181,#2182,#175,.T.);
#1793=EDGE_CURVE('',#2182,#2183,#2384,.T.);
#1794=EDGE_CURVE('',#2183,#2184,#2385,.T.);
#1795=EDGE_CURVE('',#2184,#2185,#176,.T.);
#1796=EDGE_CURVE('',#2185,#2168,#2386,.T.);
#1797=EDGE_CURVE('',#2186,#2187,#177,.T.);
#1798=EDGE_CURVE('',#2188,#2186,#2387,.T.);
#1799=EDGE_CURVE('',#2188,#2189,#178,.T.);
#1800=EDGE_CURVE('',#2187,#2189,#2388,.T.);
#1801=EDGE_CURVE('',#2190,#2191,#179,.T.);
#1802=EDGE_CURVE('',#2191,#2192,#2389,.T.);
#1803=EDGE_CURVE('',#2193,#2192,#180,.T.);
#1804=EDGE_CURVE('',#2193,#2190,#2390,.T.);
#1805=EDGE_CURVE('',#2194,#2195,#181,.T.);
#1806=EDGE_CURVE('',#2194,#2196,#182,.T.);
#1807=EDGE_CURVE('',#2196,#2197,#183,.T.);
#1808=EDGE_CURVE('',#2195,#2197,#184,.T.);
#1809=EDGE_CURVE('',#2198,#2199,#185,.T.);
#1810=EDGE_CURVE('',#2198,#2194,#2391,.T.);
#1811=EDGE_CURVE('',#2195,#2199,#2392,.T.);
#1812=EDGE_CURVE('',#2200,#2201,#186,.T.);
#1813=EDGE_CURVE('',#2200,#2198,#187,.T.);
#1814=EDGE_CURVE('',#2199,#2201,#188,.T.);
#1815=EDGE_CURVE('',#2196,#2200,#2393,.T.);
#1816=EDGE_CURVE('',#2201,#2197,#2394,.T.);
#1817=EDGE_CURVE('',#2202,#2203,#189,.T.);
#1818=EDGE_CURVE('',#2202,#2204,#190,.T.);
#1819=EDGE_CURVE('',#2204,#2205,#191,.T.);
#1820=EDGE_CURVE('',#2203,#2205,#192,.T.);
#1821=EDGE_CURVE('',#2206,#2207,#193,.T.);
#1822=EDGE_CURVE('',#2206,#2202,#2395,.T.);
#1823=EDGE_CURVE('',#2207,#2203,#2396,.T.);
#1824=EDGE_CURVE('',#2208,#2209,#194,.T.);
#1825=EDGE_CURVE('',#2208,#2206,#195,.T.);
#1826=EDGE_CURVE('',#2207,#2209,#196,.T.);
#1827=EDGE_CURVE('',#2204,#2208,#2397,.T.);
#1828=EDGE_CURVE('',#2205,#2209,#2398,.T.);
#1829=EDGE_CURVE('',#2210,#2211,#2399,.F.);
#1830=EDGE_CURVE('',#2211,#2212,#197,.T.);
#1831=EDGE_CURVE('',#2212,#2213,#2400,.F.);
#1832=EDGE_CURVE('',#2213,#2210,#198,.T.);
#1833=EDGE_CURVE('',#2214,#2215,#2401,.F.);
#1834=EDGE_CURVE('',#2215,#2216,#199,.T.);
#1835=EDGE_CURVE('',#2216,#2217,#2402,.F.);
#1836=EDGE_CURVE('',#2217,#2218,#2403,.F.);
#1837=EDGE_CURVE('',#2218,#2219,#200,.T.);
#1838=EDGE_CURVE('',#2219,#2220,#2404,.F.);
#1839=EDGE_CURVE('',#2220,#2221,#201,.T.);
#1840=EDGE_CURVE('',#2221,#2222,#2405,.T.);
#1841=EDGE_CURVE('',#2222,#2223,#2406,.F.);
#1842=EDGE_CURVE('',#2223,#2224,#2407,.T.);
#1843=EDGE_CURVE('',#2224,#2225,#202,.T.);
#1844=EDGE_CURVE('',#2225,#2226,#2408,.F.);
#1845=EDGE_CURVE('',#2226,#2227,#203,.T.);
#1846=EDGE_CURVE('',#2227,#2228,#2409,.F.);
#1847=EDGE_CURVE('',#2228,#2229,#204,.T.);
#1848=EDGE_CURVE('',#2229,#2230,#2410,.F.);
#1849=EDGE_CURVE('',#2230,#2231,#205,.T.);
#1850=EDGE_CURVE('',#2231,#2232,#2411,.T.);
#1851=EDGE_CURVE('',#2232,#2214,#206,.T.);
#1852=EDGE_CURVE('',#2233,#2234,#207,.T.);
#1853=EDGE_CURVE('',#2234,#2235,#2412,.T.);
#1854=EDGE_CURVE('',#2235,#2236,#208,.T.);
#1855=EDGE_CURVE('',#2236,#2237,#2413,.T.);
#1856=EDGE_CURVE('',#2237,#2238,#2414,.F.);
#1857=EDGE_CURVE('',#2238,#2239,#209,.T.);
#1858=EDGE_CURVE('',#2239,#2240,#2415,.T.);
#1859=EDGE_CURVE('',#2240,#2241,#210,.T.);
#1860=EDGE_CURVE('',#2241,#2242,#211,.T.);
#1861=EDGE_CURVE('',#2242,#2243,#212,.T.);
#1862=EDGE_CURVE('',#2243,#2244,#213,.T.);
#1863=EDGE_CURVE('',#2244,#2245,#214,.T.);
#1864=EDGE_CURVE('',#2245,#2246,#2416,.T.);
#1865=EDGE_CURVE('',#2246,#2247,#215,.T.);
#1866=EDGE_CURVE('',#2247,#2248,#2417,.F.);
#1867=EDGE_CURVE('',#2248,#2249,#2418,.F.);
#1868=EDGE_CURVE('',#2249,#2250,#2419,.T.);
#1869=EDGE_CURVE('',#2250,#2251,#216,.T.);
#1870=EDGE_CURVE('',#2251,#2233,#2420,.T.);
#1871=EDGE_CURVE('',#2252,#2252,#2421,.F.);
#1872=EDGE_CURVE('',#2253,#2253,#2422,.F.);
#1873=EDGE_CURVE('',#2254,#2255,#2423,.F.);
#1874=EDGE_CURVE('',#2255,#2256,#217,.T.);
#1875=EDGE_CURVE('',#2256,#2257,#2424,.F.);
#1876=EDGE_CURVE('',#2257,#2254,#218,.T.);
#1877=EDGE_CURVE('',#2258,#2259,#2425,.F.);
#1878=EDGE_CURVE('',#2259,#2260,#219,.T.);
#1879=EDGE_CURVE('',#2260,#2261,#2426,.F.);
#1880=EDGE_CURVE('',#2261,#2258,#220,.T.);
#1881=EDGE_CURVE('',#2262,#2262,#2427,.F.);
#1882=EDGE_CURVE('',#2263,#2263,#2428,.F.);
#1883=EDGE_CURVE('',#2184,#2264,#221,.T.);
#1884=EDGE_CURVE('',#2264,#2265,#222,.T.);
#1885=EDGE_CURVE('',#2265,#2185,#223,.T.);
#1886=EDGE_CURVE('',#2266,#2267,#224,.T.);
#1887=EDGE_CURVE('',#2266,#2268,#2429,.T.);
#1888=EDGE_CURVE('',#2268,#2183,#225,.T.);
#1889=EDGE_CURVE('',#2182,#2267,#46,.F.);
#1890=EDGE_CURVE('',#2269,#2270,#226,.T.);
#1891=EDGE_CURVE('',#2269,#2266,#227,.T.);
#1892=EDGE_CURVE('',#2267,#2270,#228,.T.);
#1893=EDGE_CURVE('',#2271,#2272,#229,.T.);
#1894=EDGE_CURVE('',#2271,#2269,#2430,.T.);
#1895=EDGE_CURVE('',#2270,#2272,#2431,.F.);
#1896=EDGE_CURVE('',#2273,#2274,#230,.T.);
#1897=EDGE_CURVE('',#2274,#2271,#231,.T.);
#1898=EDGE_CURVE('',#2272,#2273,#232,.T.);
#1899=EDGE_CURVE('',#2177,#2275,#233,.F.);
#1900=EDGE_CURVE('',#2275,#2276,#2432,.T.);
#1901=EDGE_CURVE('',#2276,#2178,#234,.T.);
#1902=EDGE_CURVE('',#2175,#2277,#235,.F.);
#1903=EDGE_CURVE('',#2277,#2278,#236,.T.);
#1904=EDGE_CURVE('',#2278,#2176,#237,.F.);
#1905=EDGE_CURVE('',#2173,#2279,#238,.F.);
#1906=EDGE_CURVE('',#2279,#2280,#239,.T.);
#1907=EDGE_CURVE('',#2280,#2174,#240,.T.);
#1908=EDGE_CURVE('',#2171,#2281,#241,.F.);
#1909=EDGE_CURVE('',#2281,#2282,#242,.T.);
#1910=EDGE_CURVE('',#2282,#2172,#243,.T.);
#1911=EDGE_CURVE('',#2169,#2283,#244,.F.);
#1912=EDGE_CURVE('',#2283,#2284,#245,.T.);
#1913=EDGE_CURVE('',#2284,#2170,#246,.T.);
#1914=EDGE_CURVE('',#2285,#2168,#247,.T.);
#1915=EDGE_CURVE('',#2285,#2286,#248,.T.);
#1916=EDGE_CURVE('',#2286,#2167,#249,.T.);
#1917=EDGE_CURVE('',#2287,#2151,#250,.T.);
#1918=EDGE_CURVE('',#2287,#2288,#2433,.T.);
#1919=EDGE_CURVE('',#2288,#2152,#251,.T.);
#1920=EDGE_CURVE('',#2289,#2166,#252,.T.);
#1921=EDGE_CURVE('',#2289,#2287,#2434,.T.);
#1922=EDGE_CURVE('',#2290,#2165,#253,.T.);
#1923=EDGE_CURVE('',#2290,#2289,#2435,.F.);
#1924=EDGE_CURVE('',#2291,#2164,#254,.T.);
#1925=EDGE_CURVE('',#2291,#2290,#255,.T.);
#1926=EDGE_CURVE('',#2292,#2163,#256,.T.);
#1927=EDGE_CURVE('',#2292,#2291,#2436,.F.);
#1928=EDGE_CURVE('',#2293,#2162,#257,.T.);
#1929=EDGE_CURVE('',#2293,#2292,#258,.T.);
#1930=EDGE_CURVE('',#2134,#2293,#2437,.F.);
#1931=EDGE_CURVE('',#2294,#2161,#259,.T.);
#1932=EDGE_CURVE('',#2294,#2140,#2438,.T.);
#1933=EDGE_CURVE('',#2295,#2160,#260,.T.);
#1934=EDGE_CURVE('',#2295,#2294,#261,.T.);
#1935=EDGE_CURVE('',#2296,#2159,#262,.T.);
#1936=EDGE_CURVE('',#2296,#2295,#2439,.F.);
#1937=EDGE_CURVE('',#2297,#2158,#263,.T.);
#1938=EDGE_CURVE('',#2297,#2296,#264,.T.);
#1939=EDGE_CURVE('',#2298,#2157,#265,.T.);
#1940=EDGE_CURVE('',#2298,#2297,#266,.T.);
#1941=EDGE_CURVE('',#2299,#2156,#267,.T.);
#1942=EDGE_CURVE('',#2299,#2298,#268,.T.);
#1943=EDGE_CURVE('',#2300,#2155,#269,.T.);
#1944=EDGE_CURVE('',#2300,#2299,#270,.T.);
#1945=EDGE_CURVE('',#2301,#2154,#271,.T.);
#1946=EDGE_CURVE('',#2301,#2300,#272,.T.);
#1947=EDGE_CURVE('',#2302,#2153,#273,.T.);
#1948=EDGE_CURVE('',#2302,#2301,#2440,.F.);
#1949=EDGE_CURVE('',#2303,#2304,#274,.T.);
#1950=EDGE_CURVE('',#2303,#2305,#2441,.T.);
#1951=EDGE_CURVE('',#2305,#2306,#275,.T.);
#1952=EDGE_CURVE('',#2306,#2304,#2442,.F.);
#1953=EDGE_CURVE('',#2307,#2308,#49,.F.);
#1954=EDGE_CURVE('',#2307,#2303,#276,.T.);
#1955=EDGE_CURVE('',#2304,#2308,#277,.T.);
#1956=EDGE_CURVE('',#2309,#2310,#278,.T.);
#1957=EDGE_CURVE('',#2309,#2307,#2443,.T.);
#1958=EDGE_CURVE('',#2308,#2310,#2444,.F.);
#1959=EDGE_CURVE('',#2265,#2285,#2445,.T.);
#1960=EDGE_CURVE('',#2288,#2302,#279,.T.);
#1961=EDGE_CURVE('',#2311,#2312,#280,.T.);
#1962=EDGE_CURVE('',#2313,#2311,#281,.T.);
#1963=EDGE_CURVE('',#2313,#2314,#282,.T.);
#1964=EDGE_CURVE('',#2314,#2312,#283,.T.);
#1965=EDGE_CURVE('',#2305,#2309,#284,.T.);
#1966=EDGE_CURVE('',#2310,#2306,#285,.T.);
#1967=EDGE_CURVE('',#2179,#2273,#47,.F.);
#1968=EDGE_CURVE('',#2180,#2272,#286,.T.);
#1969=EDGE_CURVE('',#2181,#2270,#50,.F.);
#1970=EDGE_CURVE('',#2306,#2150,#287,.T.);
#1971=EDGE_CURVE('',#2147,#2310,#288,.T.);
#1972=EDGE_CURVE('',#2148,#2308,#51,.T.);
#1973=EDGE_CURVE('',#2304,#2149,#289,.T.);
#1974=EDGE_CURVE('',#2315,#2315,#2446,.T.);
#1975=EDGE_CURVE('',#2316,#2316,#2447,.T.);
#1976=EDGE_CURVE('',#2317,#2317,#2448,.T.);
#1977=EDGE_CURVE('',#2318,#2318,#2449,.T.);
#1978=EDGE_CURVE('',#2319,#2319,#2450,.T.);
#1979=EDGE_CURVE('',#2320,#2320,#2451,.T.);
#1980=EDGE_CURVE('',#2286,#2283,#2452,.F.);
#1981=EDGE_CURVE('',#2278,#2275,#2453,.F.);
#1982=EDGE_CURVE('',#2276,#2274,#2454,.F.);
#1983=EDGE_CURVE('',#2280,#2277,#2455,.T.);
#1984=EDGE_CURVE('',#2284,#2281,#2456,.T.);
#1985=EDGE_CURVE('',#2282,#2279,#2457,.T.);
#1986=EDGE_CURVE('',#2268,#2264,#2458,.T.);
#1987=EDGE_CURVE('',#2321,#2190,#290,.T.);
#1988=EDGE_CURVE('',#2321,#2322,#291,.T.);
#1989=EDGE_CURVE('',#2322,#2191,#292,.T.);
#1990=EDGE_CURVE('',#2323,#2193,#293,.T.);
#1991=EDGE_CURVE('',#2323,#2321,#2459,.T.);
#1992=EDGE_CURVE('',#2324,#2192,#294,.T.);
#1993=EDGE_CURVE('',#2323,#2324,#295,.T.);
#1994=EDGE_CURVE('',#2322,#2324,#2460,.T.);
#1995=EDGE_CURVE('',#2325,#2186,#296,.T.);
#1996=EDGE_CURVE('',#2326,#2325,#2461,.T.);
#1997=EDGE_CURVE('',#2326,#2188,#297,.T.);
#1998=EDGE_CURVE('',#2327,#2187,#298,.T.);
#1999=EDGE_CURVE('',#2325,#2327,#299,.T.);
#2000=EDGE_CURVE('',#2328,#2189,#300,.T.);
#2001=EDGE_CURVE('',#2327,#2328,#2462,.T.);
#2002=EDGE_CURVE('',#2326,#2328,#301,.T.);
#2003=EDGE_CURVE('',#2311,#2142,#302,.T.);
#2004=EDGE_CURVE('',#2312,#2143,#303,.T.);
#2005=EDGE_CURVE('',#2314,#2138,#304,.T.);
#2006=EDGE_CURVE('',#2329,#2329,#2463,.F.);
#2007=EDGE_CURVE('',#2330,#2330,#2464,.F.);
#2008=EDGE_CURVE('',#2313,#2139,#305,.T.);
#2009=EDGE_CURVE('',#2130,#2123,#2465,.F.);
#2010=EDGE_CURVE('',#2331,#2331,#2466,.T.);
#2011=EDGE_CURVE('',#2098,#2091,#2467,.F.);
#2012=EDGE_CURVE('',#2332,#2332,#2468,.T.);
#2013=EDGE_CURVE('',#2258,#2194,#306,.T.);
#2014=EDGE_CURVE('',#2196,#2261,#307,.T.);
#2015=EDGE_CURVE('',#2200,#2260,#308,.T.);
#2016=EDGE_CURVE('',#2259,#2198,#309,.T.);
#2017=EDGE_CURVE('',#2254,#2202,#310,.T.);
#2018=EDGE_CURVE('',#2204,#2257,#311,.T.);
#2019=EDGE_CURVE('',#2208,#2256,#312,.T.);
#2020=EDGE_CURVE('',#2255,#2206,#313,.T.);
#2021=EDGE_CURVE('',#2245,#2301,#314,.T.);
#2022=EDGE_CURVE('',#2300,#2244,#315,.F.);
#2023=EDGE_CURVE('',#2299,#2243,#316,.T.);
#2024=EDGE_CURVE('',#2246,#2302,#317,.T.);
#2025=EDGE_CURVE('',#2298,#2242,#318,.T.);
#2026=EDGE_CURVE('',#2247,#2288,#319,.T.);
#2027=EDGE_CURVE('',#2297,#2241,#320,.F.);
#2028=EDGE_CURVE('',#2248,#2287,#321,.T.);
#2029=EDGE_CURVE('',#2296,#2240,#322,.T.);
#2030=EDGE_CURVE('',#2249,#2289,#52,.T.);
#2031=EDGE_CURVE('',#2295,#2239,#323,.T.);
#2032=EDGE_CURVE('',#2250,#2290,#324,.T.);
#2033=EDGE_CURVE('',#2294,#2238,#53,.T.);
#2034=EDGE_CURVE('',#2251,#2291,#325,.T.);
#2035=EDGE_CURVE('',#2140,#2237,#54,.F.);
#2036=EDGE_CURVE('',#2233,#2292,#326,.T.);
#2037=EDGE_CURVE('',#2133,#2236,#327,.F.);
#2038=EDGE_CURVE('',#2234,#2293,#328,.T.);
#2039=EDGE_CURVE('',#2134,#2235,#329,.T.);
#2040=EDGE_CURVE('',#2278,#2224,#330,.T.);
#2041=EDGE_CURVE('',#2225,#2277,#331,.T.);
#2042=EDGE_CURVE('',#2226,#2280,#332,.T.);
#2043=EDGE_CURVE('',#2275,#2223,#333,.T.);
#2044=EDGE_CURVE('',#2227,#2279,#334,.T.);
#2045=EDGE_CURVE('',#2276,#2222,#335,.T.);
#2046=EDGE_CURVE('',#2228,#2282,#336,.T.);
#2047=EDGE_CURVE('',#2274,#2221,#337,.T.);
#2048=EDGE_CURVE('',#2229,#2281,#338,.T.);
#2049=EDGE_CURVE('',#2271,#2220,#339,.T.);
#2050=EDGE_CURVE('',#2230,#2284,#340,.T.);
#2051=EDGE_CURVE('',#2269,#2219,#55,.F.);
#2052=EDGE_CURVE('',#2231,#2283,#341,.T.);
#2053=EDGE_CURVE('',#2266,#2218,#56,.F.);
#2054=EDGE_CURVE('',#2232,#2286,#342,.T.);
#2055=EDGE_CURVE('',#2268,#2217,#343,.T.);
#2056=EDGE_CURVE('',#2214,#2285,#57,.T.);
#2057=EDGE_CURVE('',#2264,#2216,#344,.T.);
#2058=EDGE_CURVE('',#2215,#2265,#58,.F.);
#2059=EDGE_CURVE('',#2210,#2305,#345,.T.);
#2060=EDGE_CURVE('',#2309,#2213,#346,.T.);
#2061=EDGE_CURVE('',#2307,#2212,#59,.T.);
#2062=EDGE_CURVE('',#2211,#2303,#347,.T.);
#2063=EDGE_CURVE('',#2333,#2333,#2469,.F.);
#2064=EDGE_CURVE('',#2334,#2334,#2470,.T.);
#2065=VERTEX_POINT('',#4443);
#2066=VERTEX_POINT('',#4445);
#2067=VERTEX_POINT('',#4448);
#2068=VERTEX_POINT('',#4449);
#2069=VERTEX_POINT('',#4451);
#2070=VERTEX_POINT('',#4453);
#2071=VERTEX_POINT('',#4455);
#2072=VERTEX_POINT('',#4459);
#2073=VERTEX_POINT('',#4461);
#2074=VERTEX_POINT('',#4463);
#2075=VERTEX_POINT('',#4467);
#2076=VERTEX_POINT('',#4468);
#2077=VERTEX_POINT('',#4470);
#2078=VERTEX_POINT('',#4472);
#2079=VERTEX_POINT('',#4474);
#2080=VERTEX_POINT('',#4478);
#2081=VERTEX_POINT('',#4480);
#2082=VERTEX_POINT('',#4482);
#2083=VERTEX_POINT('',#4486);
#2084=VERTEX_POINT('',#4488);
#2085=VERTEX_POINT('',#4492);
#2086=VERTEX_POINT('',#4494);
#2087=VERTEX_POINT('',#4498);
#2088=VERTEX_POINT('',#4500);
#2089=VERTEX_POINT('',#4507);
#2090=VERTEX_POINT('',#4509);
#2091=VERTEX_POINT('',#4513);
#2092=VERTEX_POINT('',#4515);
#2093=VERTEX_POINT('',#4519);
#2094=VERTEX_POINT('',#4521);
#2095=VERTEX_POINT('',#4528);
#2096=VERTEX_POINT('',#4530);
#2097=VERTEX_POINT('',#4534);
#2098=VERTEX_POINT('',#4535);
#2099=VERTEX_POINT('',#4558);
#2100=VERTEX_POINT('',#4559);
#2101=VERTEX_POINT('',#4561);
#2102=VERTEX_POINT('',#4563);
#2103=VERTEX_POINT('',#4565);
#2104=VERTEX_POINT('',#4569);
#2105=VERTEX_POINT('',#4571);
#2106=VERTEX_POINT('',#4573);
#2107=VERTEX_POINT('',#4577);
#2108=VERTEX_POINT('',#4578);
#2109=VERTEX_POINT('',#4580);
#2110=VERTEX_POINT('',#4582);
#2111=VERTEX_POINT('',#4584);
#2112=VERTEX_POINT('',#4588);
#2113=VERTEX_POINT('',#4590);
#2114=VERTEX_POINT('',#4592);
#2115=VERTEX_POINT('',#4596);
#2116=VERTEX_POINT('',#4598);
#2117=VERTEX_POINT('',#4602);
#2118=VERTEX_POINT('',#4604);
#2119=VERTEX_POINT('',#4608);
#2120=VERTEX_POINT('',#4610);
#2121=VERTEX_POINT('',#4617);
#2122=VERTEX_POINT('',#4619);
#2123=VERTEX_POINT('',#4623);
#2124=VERTEX_POINT('',#4625);
#2125=VERTEX_POINT('',#4629);
#2126=VERTEX_POINT('',#4631);
#2127=VERTEX_POINT('',#4638);
#2128=VERTEX_POINT('',#4640);
#2129=VERTEX_POINT('',#4644);
#2130=VERTEX_POINT('',#4645);
#2131=VERTEX_POINT('',#4668);
#2132=VERTEX_POINT('',#4669);
#2133=VERTEX_POINT('',#4674);
#2134=VERTEX_POINT('',#4676);
#2135=VERTEX_POINT('',#4678);
#2136=VERTEX_POINT('',#4680);
#2137=VERTEX_POINT('',#4682);
#2138=VERTEX_POINT('',#4684);
#2139=VERTEX_POINT('',#4686);
#2140=VERTEX_POINT('',#4690);
#2141=VERTEX_POINT('',#4691);
#2142=VERTEX_POINT('',#4694);
#2143=VERTEX_POINT('',#4696);
#2144=VERTEX_POINT('',#4701);
#2145=VERTEX_POINT('',#4703);
#2146=VERTEX_POINT('',#4705);
#2147=VERTEX_POINT('',#4707);
#2148=VERTEX_POINT('',#4708);
#2149=VERTEX_POINT('',#4710);
#2150=VERTEX_POINT('',#4712);
#2151=VERTEX_POINT('',#4715);
#2152=VERTEX_POINT('',#4716);
#2153=VERTEX_POINT('',#4718);
#2154=VERTEX_POINT('',#4720);
#2155=VERTEX_POINT('',#4722);
#2156=VERTEX_POINT('',#4724);
#2157=VERTEX_POINT('',#4726);
#2158=VERTEX_POINT('',#4728);
#2159=VERTEX_POINT('',#4730);
#2160=VERTEX_POINT('',#4732);
#2161=VERTEX_POINT('',#4734);
#2162=VERTEX_POINT('',#4737);
#2163=VERTEX_POINT('',#4739);
#2164=VERTEX_POINT('',#4741);
#2165=VERTEX_POINT('',#4743);
#2166=VERTEX_POINT('',#4745);
#2167=VERTEX_POINT('',#4748);
#2168=VERTEX_POINT('',#4749);
#2169=VERTEX_POINT('',#4751);
#2170=VERTEX_POINT('',#4753);
#2171=VERTEX_POINT('',#4755);
#2172=VERTEX_POINT('',#4757);
#2173=VERTEX_POINT('',#4759);
#2174=VERTEX_POINT('',#4761);
#2175=VERTEX_POINT('',#4763);
#2176=VERTEX_POINT('',#4765);
#2177=VERTEX_POINT('',#4767);
#2178=VERTEX_POINT('',#4769);
#2179=VERTEX_POINT('',#4771);
#2180=VERTEX_POINT('',#4773);
#2181=VERTEX_POINT('',#4775);
#2182=VERTEX_POINT('',#4777);
#2183=VERTEX_POINT('',#4779);
#2184=VERTEX_POINT('',#4781);
#2185=VERTEX_POINT('',#4783);
#2186=VERTEX_POINT('',#4786);
#2187=VERTEX_POINT('',#4787);
#2188=VERTEX_POINT('',#4789);
#2189=VERTEX_POINT('',#4791);
#2190=VERTEX_POINT('',#4794);
#2191=VERTEX_POINT('',#4795);
#2192=VERTEX_POINT('',#4797);
#2193=VERTEX_POINT('',#4799);
#2194=VERTEX_POINT('',#4803);
#2195=VERTEX_POINT('',#4804);
#2196=VERTEX_POINT('',#4806);
#2197=VERTEX_POINT('',#4808);
#2198=VERTEX_POINT('',#4812);
#2199=VERTEX_POINT('',#4813);
#2200=VERTEX_POINT('',#4818);
#2201=VERTEX_POINT('',#4819);
#2202=VERTEX_POINT('',#4827);
#2203=VERTEX_POINT('',#4828);
#2204=VERTEX_POINT('',#4830);
#2205=VERTEX_POINT('',#4832);
#2206=VERTEX_POINT('',#4836);
#2207=VERTEX_POINT('',#4837);
#2208=VERTEX_POINT('',#4842);
#2209=VERTEX_POINT('',#4843);
#2210=VERTEX_POINT('',#4851);
#2211=VERTEX_POINT('',#4852);
#2212=VERTEX_POINT('',#4854);
#2213=VERTEX_POINT('',#4856);
#2214=VERTEX_POINT('',#4859);
#2215=VERTEX_POINT('',#4860);
#2216=VERTEX_POINT('',#4862);
#2217=VERTEX_POINT('',#4864);
#2218=VERTEX_POINT('',#4866);
#2219=VERTEX_POINT('',#4868);
#2220=VERTEX_POINT('',#4870);
#2221=VERTEX_POINT('',#4872);
#2222=VERTEX_POINT('',#4874);
#2223=VERTEX_POINT('',#4876);
#2224=VERTEX_POINT('',#4878);
#2225=VERTEX_POINT('',#4880);
#2226=VERTEX_POINT('',#4882);
#2227=VERTEX_POINT('',#4884);
#2228=VERTEX_POINT('',#4886);
#2229=VERTEX_POINT('',#4888);
#2230=VERTEX_POINT('',#4890);
#2231=VERTEX_POINT('',#4892);
#2232=VERTEX_POINT('',#4894);
#2233=VERTEX_POINT('',#4897);
#2234=VERTEX_POINT('',#4898);
#2235=VERTEX_POINT('',#4900);
#2236=VERTEX_POINT('',#4902);
#2237=VERTEX_POINT('',#4904);
#2238=VERTEX_POINT('',#4906);
#2239=VERTEX_POINT('',#4908);
#2240=VERTEX_POINT('',#4910);
#2241=VERTEX_POINT('',#4912);
#2242=VERTEX_POINT('',#4914);
#2243=VERTEX_POINT('',#4916);
#2244=VERTEX_POINT('',#4918);
#2245=VERTEX_POINT('',#4920);
#2246=VERTEX_POINT('',#4922);
#2247=VERTEX_POINT('',#4924);
#2248=VERTEX_POINT('',#4926);
#2249=VERTEX_POINT('',#4928);
#2250=VERTEX_POINT('',#4930);
#2251=VERTEX_POINT('',#4932);
#2252=VERTEX_POINT('',#4935);
#2253=VERTEX_POINT('',#4937);
#2254=VERTEX_POINT('',#4939);
#2255=VERTEX_POINT('',#4940);
#2256=VERTEX_POINT('',#4942);
#2257=VERTEX_POINT('',#4944);
#2258=VERTEX_POINT('',#4947);
#2259=VERTEX_POINT('',#4948);
#2260=VERTEX_POINT('',#4950);
#2261=VERTEX_POINT('',#4952);
#2262=VERTEX_POINT('',#4955);
#2263=VERTEX_POINT('',#4957);
#2264=VERTEX_POINT('',#4960);
#2265=VERTEX_POINT('',#4962);
#2266=VERTEX_POINT('',#4966);
#2267=VERTEX_POINT('',#4967);
#2268=VERTEX_POINT('',#4969);
#2269=VERTEX_POINT('',#4974);
#2270=VERTEX_POINT('',#4975);
#2271=VERTEX_POINT('',#4980);
#2272=VERTEX_POINT('',#4981);
#2273=VERTEX_POINT('',#4986);
#2274=VERTEX_POINT('',#4987);
#2275=VERTEX_POINT('',#4992);
#2276=VERTEX_POINT('',#4994);
#2277=VERTEX_POINT('',#4998);
#2278=VERTEX_POINT('',#5000);
#2279=VERTEX_POINT('',#5004);
#2280=VERTEX_POINT('',#5006);
#2281=VERTEX_POINT('',#5010);
#2282=VERTEX_POINT('',#5012);
#2283=VERTEX_POINT('',#5016);
#2284=VERTEX_POINT('',#5018);
#2285=VERTEX_POINT('',#5022);
#2286=VERTEX_POINT('',#5024);
#2287=VERTEX_POINT('',#5028);
#2288=VERTEX_POINT('',#5030);
#2289=VERTEX_POINT('',#5034);
#2290=VERTEX_POINT('',#5038);
#2291=VERTEX_POINT('',#5042);
#2292=VERTEX_POINT('',#5046);
#2293=VERTEX_POINT('',#5050);
#2294=VERTEX_POINT('',#5056);
#2295=VERTEX_POINT('',#5060);
#2296=VERTEX_POINT('',#5064);
#2297=VERTEX_POINT('',#5068);
#2298=VERTEX_POINT('',#5072);
#2299=VERTEX_POINT('',#5076);
#2300=VERTEX_POINT('',#5080);
#2301=VERTEX_POINT('',#5084);
#2302=VERTEX_POINT('',#5088);
#2303=VERTEX_POINT('',#5092);
#2304=VERTEX_POINT('',#5093);
#2305=VERTEX_POINT('',#5095);
#2306=VERTEX_POINT('',#5097);
#2307=VERTEX_POINT('',#5104);
#2308=VERTEX_POINT('',#5105);
#2309=VERTEX_POINT('',#5110);
#2310=VERTEX_POINT('',#5111);
#2311=VERTEX_POINT('',#5120);
#2312=VERTEX_POINT('',#5121);
#2313=VERTEX_POINT('',#5123);
#2314=VERTEX_POINT('',#5125);
#2315=VERTEX_POINT('',#5151);
#2316=VERTEX_POINT('',#5153);
#2317=VERTEX_POINT('',#5156);
#2318=VERTEX_POINT('',#5160);
#2319=VERTEX_POINT('',#5162);
#2320=VERTEX_POINT('',#5165);
#2321=VERTEX_POINT('',#5183);
#2322=VERTEX_POINT('',#5185);
#2323=VERTEX_POINT('',#5189);
#2324=VERTEX_POINT('',#5193);
#2325=VERTEX_POINT('',#5200);
#2326=VERTEX_POINT('',#5202);
#2327=VERTEX_POINT('',#5206);
#2328=VERTEX_POINT('',#5210);
#2329=VERTEX_POINT('',#5222);
#2330=VERTEX_POINT('',#5224);
#2331=VERTEX_POINT('',#5232);
#2332=VERTEX_POINT('',#5238);
#2333=VERTEX_POINT('',#5369);
#2334=VERTEX_POINT('',#5371);
#2335=CIRCLE('',#3170,0.0005);
#2336=CIRCLE('',#3171,0.0005);
#2337=CIRCLE('',#3185,0.002);
#2338=CIRCLE('',#3187,0.002);
#2339=CIRCLE('',#3189,0.0011);
#2340=CIRCLE('',#3191,0.0011);
#2341=CIRCLE('',#3193,0.002);
#2342=CIRCLE('',#3195,0.002);
#2343=CIRCLE('',#3197,0.0011);
#2344=CIRCLE('',#3199,0.002);
#2345=CIRCLE('',#3201,0.002);
#2346=CIRCLE('',#3203,0.0011);
#2347=CIRCLE('',#3205,0.002);
#2348=CIRCLE('',#3219,0.002);
#2349=CIRCLE('',#3221,0.002);
#2350=CIRCLE('',#3223,0.0011);
#2351=CIRCLE('',#3225,0.0011);
#2352=CIRCLE('',#3227,0.002);
#2353=CIRCLE('',#3229,0.002);
#2354=CIRCLE('',#3231,0.0011);
#2355=CIRCLE('',#3233,0.002);
#2356=CIRCLE('',#3235,0.002);
#2357=CIRCLE('',#3237,0.0011);
#2358=CIRCLE('',#3239,0.002);
#2359=CIRCLE('',#3242,0.00601587410412936);
#2360=CIRCLE('',#3243,0.00601587410412936);
#2361=CIRCLE('',#3244,0.00601587410412936);
#2362=CIRCLE('',#3245,0.00601587410412936);
#2363=CIRCLE('',#3247,0.0033);
#2364=CIRCLE('',#3248,0.0029);
#2365=CIRCLE('',#3249,0.0029);
#2366=CIRCLE('',#3250,0.00205000016096619);
#2367=CIRCLE('',#3251,0.00205000016093369);
#2368=CIRCLE('',#3252,0.00599993019460609);
#2369=CIRCLE('',#3253,0.001);
#2370=CIRCLE('',#3254,0.001);
#2371=CIRCLE('',#3255,0.00622888587948164);
#2372=CIRCLE('',#3256,0.006);
#2373=CIRCLE('',#3257,0.006);
#2374=CIRCLE('',#3258,0.00600009550599723);
#2375=CIRCLE('',#3259,0.00632300481060727);
#2376=CIRCLE('',#3260,0.0005);
#2377=CIRCLE('',#3261,0.0005);
#2378=CIRCLE('',#3262,0.0005);
#2379=CIRCLE('',#3263,0.0005);
#2380=CIRCLE('',#3264,0.0005);
#2381=CIRCLE('',#3265,0.0170000037210073);
#2382=CIRCLE('',#3266,0.0005);
#2383=CIRCLE('',#3267,0.00204999793701453);
#2384=CIRCLE('',#3268,0.0170000037210073);
#2385=CIRCLE('',#3269,0.001);
#2386=CIRCLE('',#3270,0.00552111577743882);
#2387=CIRCLE('',#3271,0.0029);
#2388=CIRCLE('',#3272,0.0029);
#2389=CIRCLE('',#3273,0.0029);
#2390=CIRCLE('',#3274,0.0029);
#2391=CIRCLE('',#3277,0.00185);
#2392=CIRCLE('',#3278,0.00185);
#2393=CIRCLE('',#3281,0.00185);
#2394=CIRCLE('',#3282,0.00185);
#2395=CIRCLE('',#3285,0.00185);
#2396=CIRCLE('',#3286,0.00185);
#2397=CIRCLE('',#3289,0.00185);
#2398=CIRCLE('',#3290,0.00185);
#2399=CIRCLE('',#3292,0.00180000016093369);
#2400=CIRCLE('',#3293,0.00180000016096619);
#2401=CIRCLE('',#3294,0.00577111577743882);
#2402=CIRCLE('',#3295,0.00125);
#2403=CIRCLE('',#3296,0.0172500037210073);
#2404=CIRCLE('',#3297,0.00179999793701453);
#2405=CIRCLE('',#3298,0.00025);
#2406=CIRCLE('',#3299,0.0172500037210073);
#2407=CIRCLE('',#3300,0.00025);
#2408=CIRCLE('',#3301,0.00075);
#2409=CIRCLE('',#3302,0.00075);
#2410=CIRCLE('',#3303,0.00075);
#2411=CIRCLE('',#3304,0.00025);
#2412=CIRCLE('',#3305,0.00575);
#2413=CIRCLE('',#3306,0.00576587410412936);
#2414=CIRCLE('',#3307,0.00647888587948164);
#2415=CIRCLE('',#3308,0.00075);
#2416=CIRCLE('',#3309,0.00075);
#2417=CIRCLE('',#3310,0.00624993019460609);
#2418=CIRCLE('',#3311,0.00657300481060727);
#2419=CIRCLE('',#3312,0.00575009550599723);
#2420=CIRCLE('',#3313,0.00575);
#2421=CIRCLE('',#3314,0.0021);
#2422=CIRCLE('',#3315,0.0021);
#2423=CIRCLE('',#3316,0.0021);
#2424=CIRCLE('',#3317,0.0021);
#2425=CIRCLE('',#3318,0.0021);
#2426=CIRCLE('',#3319,0.0021);
#2427=CIRCLE('',#3320,0.00225);
#2428=CIRCLE('',#3321,0.00225);
#2429=CIRCLE('',#3324,0.0170000037210073);
#2430=CIRCLE('',#3328,0.00154999793701453);
#2431=CIRCLE('',#3329,0.00154999793701453);
#2432=CIRCLE('',#3332,0.0170000037210073);
#2433=CIRCLE('',#3339,0.00599993019460609);
#2434=CIRCLE('',#3341,0.00632300481060727);
#2435=CIRCLE('',#3343,0.00600009550599723);
#2436=CIRCLE('',#3346,0.006);
#2437=CIRCLE('',#3349,0.006);
#2438=CIRCLE('',#3351,0.00622888587948164);
#2439=CIRCLE('',#3354,0.001);
#2440=CIRCLE('',#3361,0.001);
#2441=CIRCLE('',#3363,0.00155000016093369);
#2442=CIRCLE('',#3364,0.00155000016093369);
#2443=CIRCLE('',#3367,0.00155000016096619);
#2444=CIRCLE('',#3368,0.00155000016096619);
#2445=CIRCLE('',#3370,0.00552111577743882);
#2446=CIRCLE('',#3382,0.00185);
#2447=CIRCLE('',#3383,0.00185);
#2448=CIRCLE('',#3385,0.0029);
#2449=CIRCLE('',#3388,0.00185);
#2450=CIRCLE('',#3389,0.00185);
#2451=CIRCLE('',#3391,0.0029);
#2452=CIRCLE('',#3394,0.0005);
#2453=CIRCLE('',#3396,0.0005);
#2454=CIRCLE('',#3398,0.0005);
#2455=CIRCLE('',#3400,0.0005);
#2456=CIRCLE('',#3402,0.0005);
#2457=CIRCLE('',#3404,0.0005);
#2458=CIRCLE('',#3406,0.001);
#2459=CIRCLE('',#3409,0.0029);
#2460=CIRCLE('',#3412,0.0029);
#2461=CIRCLE('',#3415,0.0029);
#2462=CIRCLE('',#3418,0.0029);
#2463=CIRCLE('',#3424,0.0011);
#2464=CIRCLE('',#3425,0.0011);
#2465=CIRCLE('',#3429,0.002);
#2466=CIRCLE('',#3431,0.002);
#2467=CIRCLE('',#3434,0.002);
#2468=CIRCLE('',#3436,0.002);
#2469=CIRCLE('',#3492,0.00305);
#2470=CIRCLE('',#3493,0.00305);
#2471=EDGE_LOOP('',(#751));
#2472=EDGE_LOOP('',(#752));
#2473=EDGE_LOOP('',(#753,#754,#755,#756,#757));
#2474=EDGE_LOOP('',(#758,#759,#760,#761,#762));
#2475=EDGE_LOOP('',(#763,#764,#765,#766,#767));
#2476=EDGE_LOOP('',(#768,#769,#770,#771,#772));
#2477=EDGE_LOOP('',(#773,#774,#775,#776));
#2478=EDGE_LOOP('',(#777,#778,#779,#780));
#2479=EDGE_LOOP('',(#781,#782,#783,#784));
#2480=EDGE_LOOP('',(#785,#786,#787,#788));
#2481=EDGE_LOOP('',(#789,#790,#791,#792));
#2482=EDGE_LOOP('',(#793,#794,#795,#796));
#2483=EDGE_LOOP('',(#797,#798,#799,#800));
#2484=EDGE_LOOP('',(#801,#802,#803,#804));
#2485=EDGE_LOOP('',(#805,#806,#807,#808,#809));
#2486=EDGE_LOOP('',(#810,#811,#812,#813,#814));
#2487=EDGE_LOOP('',(#815,#816,#817));
#2488=EDGE_LOOP('',(#818,#819,#820));
#2489=EDGE_LOOP('',(#821,#822,#823,#824,#825));
#2490=EDGE_LOOP('',(#826,#827,#828,#829,#830));
#2491=EDGE_LOOP('',(#831,#832,#833));
#2492=EDGE_LOOP('',(#834,#835,#836));
#2493=EDGE_LOOP('',(#837,#838,#839));
#2494=EDGE_LOOP('',(#840,#841,#842));
#2495=EDGE_LOOP('',(#843,#844,#845));
#2496=EDGE_LOOP('',(#846,#847,#848,#849,#850));
#2497=EDGE_LOOP('',(#851,#852,#853,#854,#855));
#2498=EDGE_LOOP('',(#856,#857,#858,#859,#860));
#2499=EDGE_LOOP('',(#861,#862,#863,#864,#865));
#2500=EDGE_LOOP('',(#866,#867,#868,#869));
#2501=EDGE_LOOP('',(#870,#871,#872,#873));
#2502=EDGE_LOOP('',(#874,#875,#876,#877));
#2503=EDGE_LOOP('',(#878,#879,#880,#881));
#2504=EDGE_LOOP('',(#882,#883,#884,#885));
#2505=EDGE_LOOP('',(#886,#887,#888,#889));
#2506=EDGE_LOOP('',(#890,#891,#892,#893));
#2507=EDGE_LOOP('',(#894,#895,#896,#897));
#2508=EDGE_LOOP('',(#898,#899,#900,#901,#902));
#2509=EDGE_LOOP('',(#903,#904,#905,#906,#907));
#2510=EDGE_LOOP('',(#908,#909,#910));
#2511=EDGE_LOOP('',(#911,#912,#913));
#2512=EDGE_LOOP('',(#914,#915,#916,#917,#918));
#2513=EDGE_LOOP('',(#919,#920,#921,#922,#923));
#2514=EDGE_LOOP('',(#924,#925,#926));
#2515=EDGE_LOOP('',(#927,#928,#929));
#2516=EDGE_LOOP('',(#930,#931,#932));
#2517=EDGE_LOOP('',(#933,#934,#935));
#2518=EDGE_LOOP('',(#936,#937,#938));
#2519=EDGE_LOOP('',(#939,#940,#941,#942,#943,#944,#945,#946,#947));
#2520=EDGE_LOOP('',(#948,#949,#950,#951,#952,#953,#954,#955));
#2521=EDGE_LOOP('',(#956));
#2522=EDGE_LOOP('',(#957));
#2523=EDGE_LOOP('',(#958));
#2524=EDGE_LOOP('',(#959,#960,#961,#962));
#2525=EDGE_LOOP('',(#963,#964,#965,#966,#967,#968,#969,#970,#971,#972,#973,
#974,#975,#976,#977,#978,#979,#980,#981));
#2526=EDGE_LOOP('',(#982,#983,#984,#985,#986,#987,#988,#989,#990,#991,#992,
#993,#994,#995,#996,#997,#998,#999,#1000));
#2527=EDGE_LOOP('',(#1001,#1002,#1003,#1004));
#2528=EDGE_LOOP('',(#1005,#1006,#1007,#1008));
#2529=EDGE_LOOP('',(#1009,#1010,#1011,#1012));
#2530=EDGE_LOOP('',(#1013,#1014,#1015,#1016));
#2531=EDGE_LOOP('',(#1017,#1018,#1019,#1020));
#2532=EDGE_LOOP('',(#1021,#1022,#1023,#1024));
#2533=EDGE_LOOP('',(#1025,#1026,#1027,#1028));
#2534=EDGE_LOOP('',(#1029,#1030,#1031,#1032));
#2535=EDGE_LOOP('',(#1033,#1034,#1035,#1036));
#2536=EDGE_LOOP('',(#1037,#1038,#1039,#1040));
#2537=EDGE_LOOP('',(#1041));
#2538=EDGE_LOOP('',(#1042,#1043,#1044,#1045));
#2539=EDGE_LOOP('',(#1046,#1047,#1048,#1049,#1050,#1051,#1052,#1053,#1054,
#1055,#1056,#1057,#1058,#1059,#1060,#1061,#1062,#1063,#1064));
#2540=EDGE_LOOP('',(#1065,#1066,#1067,#1068,#1069,#1070,#1071,#1072,#1073,
#1074,#1075,#1076,#1077,#1078,#1079,#1080,#1081,#1082,#1083));
#2541=EDGE_LOOP('',(#1084));
#2542=EDGE_LOOP('',(#1085));
#2543=EDGE_LOOP('',(#1086,#1087,#1088,#1089));
#2544=EDGE_LOOP('',(#1090,#1091,#1092,#1093));
#2545=EDGE_LOOP('',(#1094));
#2546=EDGE_LOOP('',(#1095));
#2547=EDGE_LOOP('',(#1096,#1097,#1098,#1099));
#2548=EDGE_LOOP('',(#1100,#1101,#1102,#1103,#1104));
#2549=EDGE_LOOP('',(#1105,#1106,#1107,#1108));
#2550=EDGE_LOOP('',(#1109,#1110,#1111,#1112));
#2551=EDGE_LOOP('',(#1113,#1114,#1115,#1116));
#2552=EDGE_LOOP('',(#1117,#1118,#1119,#1120));
#2553=EDGE_LOOP('',(#1121,#1122,#1123,#1124));
#2554=EDGE_LOOP('',(#1125,#1126,#1127,#1128));
#2555=EDGE_LOOP('',(#1129,#1130,#1131,#1132));
#2556=EDGE_LOOP('',(#1133,#1134,#1135,#1136));
#2557=EDGE_LOOP('',(#1137,#1138,#1139,#1140));
#2558=EDGE_LOOP('',(#1141,#1142,#1143,#1144));
#2559=EDGE_LOOP('',(#1145,#1146,#1147,#1148));
#2560=EDGE_LOOP('',(#1149,#1150,#1151,#1152));
#2561=EDGE_LOOP('',(#1153,#1154,#1155,#1156));
#2562=EDGE_LOOP('',(#1157,#1158,#1159,#1160));
#2563=EDGE_LOOP('',(#1161,#1162,#1163,#1164));
#2564=EDGE_LOOP('',(#1165,#1166,#1167,#1168));
#2565=EDGE_LOOP('',(#1169,#1170,#1171,#1172));
#2566=EDGE_LOOP('',(#1173,#1174,#1175,#1176));
#2567=EDGE_LOOP('',(#1177,#1178,#1179,#1180));
#2568=EDGE_LOOP('',(#1181,#1182,#1183,#1184));
#2569=EDGE_LOOP('',(#1185,#1186,#1187,#1188));
#2570=EDGE_LOOP('',(#1189,#1190,#1191,#1192));
#2571=EDGE_LOOP('',(#1193,#1194,#1195,#1196));
#2572=EDGE_LOOP('',(#1197,#1198,#1199,#1200));
#2573=EDGE_LOOP('',(#1201,#1202,#1203,#1204));
#2574=EDGE_LOOP('',(#1205,#1206,#1207,#1208));
#2575=EDGE_LOOP('',(#1209,#1210,#1211,#1212));
#2576=EDGE_LOOP('',(#1213,#1214,#1215,#1216));
#2577=EDGE_LOOP('',(#1217,#1218,#1219,#1220));
#2578=EDGE_LOOP('',(#1221,#1222,#1223,#1224));
#2579=EDGE_LOOP('',(#1225,#1226,#1227,#1228));
#2580=EDGE_LOOP('',(#1229,#1230,#1231,#1232));
#2581=EDGE_LOOP('',(#1233,#1234,#1235,#1236));
#2582=EDGE_LOOP('',(#1237,#1238,#1239,#1240));
#2583=EDGE_LOOP('',(#1241,#1242,#1243,#1244));
#2584=EDGE_LOOP('',(#1245,#1246,#1247,#1248));
#2585=EDGE_LOOP('',(#1249,#1250,#1251,#1252));
#2586=EDGE_LOOP('',(#1253,#1254,#1255,#1256));
#2587=EDGE_LOOP('',(#1257,#1258,#1259,#1260));
#2588=EDGE_LOOP('',(#1261));
#2589=EDGE_LOOP('',(#1262));
#2590=EDGE_LOOP('',(#1263));
#2591=EDGE_LOOP('',(#1264));
#2592=EDGE_LOOP('',(#1265));
#2593=EDGE_LOOP('',(#1266));
#2594=EDGE_LOOP('',(#1267));
#2595=EDGE_LOOP('',(#1268));
#2596=EDGE_LOOP('',(#1269));
#2597=EDGE_LOOP('',(#1270));
#2598=EDGE_LOOP('',(#1271));
#2599=EDGE_LOOP('',(#1272));
#2600=EDGE_LOOP('',(#1273,#1274,#1275,#1276));
#2601=EDGE_LOOP('',(#1277,#1278,#1279,#1280));
#2602=EDGE_LOOP('',(#1281,#1282,#1283,#1284,#1285));
#2603=EDGE_LOOP('',(#1286,#1287,#1288,#1289));
#2604=EDGE_LOOP('',(#1290,#1291,#1292,#1293));
#2605=EDGE_LOOP('',(#1294,#1295,#1296,#1297));
#2606=EDGE_LOOP('',(#1298,#1299,#1300,#1301));
#2607=EDGE_LOOP('',(#1302,#1303,#1304,#1305));
#2608=EDGE_LOOP('',(#1306,#1307,#1308,#1309));
#2609=EDGE_LOOP('',(#1310,#1311,#1312,#1313));
#2610=EDGE_LOOP('',(#1314,#1315,#1316,#1317));
#2611=EDGE_LOOP('',(#1318,#1319,#1320,#1321));
#2612=EDGE_LOOP('',(#1322,#1323,#1324,#1325));
#2613=EDGE_LOOP('',(#1326,#1327,#1328,#1329));
#2614=EDGE_LOOP('',(#1330,#1331,#1332,#1333));
#2615=EDGE_LOOP('',(#1334,#1335,#1336,#1337));
#2616=EDGE_LOOP('',(#1338,#1339,#1340,#1341));
#2617=EDGE_LOOP('',(#1342,#1343,#1344,#1345));
#2618=EDGE_LOOP('',(#1346,#1347,#1348,#1349));
#2619=EDGE_LOOP('',(#1350,#1351,#1352,#1353));
#2620=EDGE_LOOP('',(#1354,#1355,#1356,#1357,#1358));
#2621=EDGE_LOOP('',(#1359));
#2622=EDGE_LOOP('',(#1360));
#2623=EDGE_LOOP('',(#1361,#1362,#1363,#1364,#1365));
#2624=EDGE_LOOP('',(#1366,#1367,#1368,#1369));
#2625=EDGE_LOOP('',(#1370,#1371,#1372,#1373));
#2626=EDGE_LOOP('',(#1374));
#2627=EDGE_LOOP('',(#1375,#1376,#1377));
#2628=EDGE_LOOP('',(#1378));
#2629=EDGE_LOOP('',(#1379,#1380,#1381,#1382,#1383,#1384,#1385,#1386,#1387,
#1388,#1389,#1390));
#2630=EDGE_LOOP('',(#1391,#1392,#1393,#1394));
#2631=EDGE_LOOP('',(#1395));
#2632=EDGE_LOOP('',(#1396,#1397,#1398));
#2633=EDGE_LOOP('',(#1399));
#2634=EDGE_LOOP('',(#1400,#1401,#1402,#1403,#1404,#1405,#1406,#1407,#1408,
#1409,#1410,#1411));
#2635=EDGE_LOOP('',(#1412));
#2636=EDGE_LOOP('',(#1413));
#2637=EDGE_LOOP('',(#1414));
#2638=EDGE_LOOP('',(#1415));
#2639=EDGE_LOOP('',(#1416,#1417,#1418,#1419));
#2640=EDGE_LOOP('',(#1420,#1421,#1422,#1423));
#2641=EDGE_LOOP('',(#1424,#1425,#1426,#1427));
#2642=EDGE_LOOP('',(#1428,#1429,#1430,#1431));
#2643=EDGE_LOOP('',(#1432,#1433,#1434,#1435));
#2644=EDGE_LOOP('',(#1436,#1437,#1438,#1439));
#2645=EDGE_LOOP('',(#1440,#1441,#1442,#1443));
#2646=EDGE_LOOP('',(#1444,#1445,#1446,#1447));
#2647=EDGE_LOOP('',(#1448));
#2648=EDGE_LOOP('',(#1449));
#2649=EDGE_LOOP('',(#1450));
#2650=EDGE_LOOP('',(#1451));
#2651=EDGE_LOOP('',(#1452,#1453,#1454,#1455));
#2652=EDGE_LOOP('',(#1456,#1457,#1458,#1459));
#2653=EDGE_LOOP('',(#1460,#1461,#1462,#1463));
#2654=EDGE_LOOP('',(#1464,#1465,#1466,#1467));
#2655=EDGE_LOOP('',(#1468,#1469,#1470,#1471));
#2656=EDGE_LOOP('',(#1472,#1473,#1474,#1475));
#2657=EDGE_LOOP('',(#1476,#1477,#1478,#1479));
#2658=EDGE_LOOP('',(#1480,#1481,#1482,#1483));
#2659=EDGE_LOOP('',(#1484,#1485,#1486,#1487));
#2660=EDGE_LOOP('',(#1488,#1489,#1490,#1491));
#2661=EDGE_LOOP('',(#1492,#1493,#1494,#1495));
#2662=EDGE_LOOP('',(#1496,#1497,#1498,#1499));
#2663=EDGE_LOOP('',(#1500,#1501,#1502,#1503));
#2664=EDGE_LOOP('',(#1504,#1505,#1506,#1507));
#2665=EDGE_LOOP('',(#1508,#1509,#1510,#1511));
#2666=EDGE_LOOP('',(#1512,#1513,#1514,#1515,#1516));
#2667=EDGE_LOOP('',(#1517,#1518,#1519,#1520));
#2668=EDGE_LOOP('',(#1521,#1522,#1523,#1524));
#2669=EDGE_LOOP('',(#1525,#1526,#1527,#1528));
#2670=EDGE_LOOP('',(#1529,#1530,#1531,#1532));
#2671=EDGE_LOOP('',(#1533,#1534,#1535,#1536));
#2672=EDGE_LOOP('',(#1537,#1538,#1539,#1540));
#2673=EDGE_LOOP('',(#1541,#1542,#1543,#1544));
#2674=EDGE_LOOP('',(#1545,#1546,#1547,#1548));
#2675=EDGE_LOOP('',(#1549,#1550,#1551,#1552));
#2676=EDGE_LOOP('',(#1553,#1554,#1555,#1556));
#2677=EDGE_LOOP('',(#1557,#1558,#1559,#1560));
#2678=EDGE_LOOP('',(#1561,#1562,#1563,#1564));
#2679=EDGE_LOOP('',(#1565,#1566,#1567,#1568));
#2680=EDGE_LOOP('',(#1569,#1570,#1571,#1572));
#2681=EDGE_LOOP('',(#1573,#1574,#1575,#1576));
#2682=EDGE_LOOP('',(#1577,#1578,#1579,#1580));
#2683=EDGE_LOOP('',(#1581,#1582,#1583,#1584));
#2684=EDGE_LOOP('',(#1585,#1586,#1587,#1588));
#2685=EDGE_LOOP('',(#1589,#1590,#1591,#1592));
#2686=EDGE_LOOP('',(#1593,#1594,#1595,#1596));
#2687=EDGE_LOOP('',(#1597,#1598,#1599,#1600));
#2688=EDGE_LOOP('',(#1601,#1602,#1603,#1604));
#2689=EDGE_LOOP('',(#1605,#1606,#1607,#1608));
#2690=EDGE_LOOP('',(#1609,#1610,#1611,#1612));
#2691=EDGE_LOOP('',(#1613,#1614,#1615,#1616));
#2692=EDGE_LOOP('',(#1617,#1618,#1619,#1620));
#2693=EDGE_LOOP('',(#1621));
#2694=EDGE_LOOP('',(#1622));
#2695=EDGE_LOOP('',(#1623));
#2696=EDGE_LOOP('',(#1624));
#2697=EDGE_LOOP('',(#1625));
#2698=EDGE_LOOP('',(#1626));
#2699=FACE_BOUND('',#2471,.T.);
#2700=FACE_BOUND('',#2472,.T.);
#2701=FACE_BOUND('',#2473,.T.);
#2702=FACE_BOUND('',#2474,.T.);
#2703=FACE_BOUND('',#2475,.T.);
#2704=FACE_BOUND('',#2476,.T.);
#2705=FACE_BOUND('',#2477,.T.);
#2706=FACE_BOUND('',#2478,.T.);
#2707=FACE_BOUND('',#2479,.T.);
#2708=FACE_BOUND('',#2480,.T.);
#2709=FACE_BOUND('',#2481,.T.);
#2710=FACE_BOUND('',#2482,.T.);
#2711=FACE_BOUND('',#2483,.T.);
#2712=FACE_BOUND('',#2484,.T.);
#2713=FACE_BOUND('',#2485,.T.);
#2714=FACE_BOUND('',#2486,.T.);
#2715=FACE_BOUND('',#2487,.T.);
#2716=FACE_BOUND('',#2488,.T.);
#2717=FACE_BOUND('',#2489,.T.);
#2718=FACE_BOUND('',#2490,.T.);
#2719=FACE_BOUND('',#2491,.T.);
#2720=FACE_BOUND('',#2492,.T.);
#2721=FACE_BOUND('',#2493,.T.);
#2722=FACE_BOUND('',#2494,.T.);
#2723=FACE_BOUND('',#2495,.T.);
#2724=FACE_BOUND('',#2496,.T.);
#2725=FACE_BOUND('',#2497,.T.);
#2726=FACE_BOUND('',#2498,.T.);
#2727=FACE_BOUND('',#2499,.T.);
#2728=FACE_BOUND('',#2500,.T.);
#2729=FACE_BOUND('',#2501,.T.);
#2730=FACE_BOUND('',#2502,.T.);
#2731=FACE_BOUND('',#2503,.T.);
#2732=FACE_BOUND('',#2504,.T.);
#2733=FACE_BOUND('',#2505,.T.);
#2734=FACE_BOUND('',#2506,.T.);
#2735=FACE_BOUND('',#2507,.T.);
#2736=FACE_BOUND('',#2508,.T.);
#2737=FACE_BOUND('',#2509,.T.);
#2738=FACE_BOUND('',#2510,.T.);
#2739=FACE_BOUND('',#2511,.T.);
#2740=FACE_BOUND('',#2512,.T.);
#2741=FACE_BOUND('',#2513,.T.);
#2742=FACE_BOUND('',#2514,.T.);
#2743=FACE_BOUND('',#2515,.T.);
#2744=FACE_BOUND('',#2516,.T.);
#2745=FACE_BOUND('',#2517,.T.);
#2746=FACE_BOUND('',#2518,.T.);
#2747=FACE_BOUND('',#2519,.T.);
#2748=FACE_BOUND('',#2520,.T.);
#2749=FACE_BOUND('',#2521,.T.);
#2750=FACE_BOUND('',#2522,.T.);
#2751=FACE_BOUND('',#2523,.T.);
#2752=FACE_BOUND('',#2524,.T.);
#2753=FACE_BOUND('',#2525,.T.);
#2754=FACE_BOUND('',#2526,.T.);
#2755=FACE_BOUND('',#2527,.T.);
#2756=FACE_BOUND('',#2528,.T.);
#2757=FACE_BOUND('',#2529,.T.);
#2758=FACE_BOUND('',#2530,.T.);
#2759=FACE_BOUND('',#2531,.T.);
#2760=FACE_BOUND('',#2532,.T.);
#2761=FACE_BOUND('',#2533,.T.);
#2762=FACE_BOUND('',#2534,.T.);
#2763=FACE_BOUND('',#2535,.T.);
#2764=FACE_BOUND('',#2536,.T.);
#2765=FACE_BOUND('',#2537,.T.);
#2766=FACE_BOUND('',#2538,.T.);
#2767=FACE_BOUND('',#2539,.T.);
#2768=FACE_BOUND('',#2540,.T.);
#2769=FACE_BOUND('',#2541,.T.);
#2770=FACE_BOUND('',#2542,.T.);
#2771=FACE_BOUND('',#2543,.T.);
#2772=FACE_BOUND('',#2544,.T.);
#2773=FACE_BOUND('',#2545,.T.);
#2774=FACE_BOUND('',#2546,.T.);
#2775=FACE_BOUND('',#2547,.T.);
#2776=FACE_BOUND('',#2548,.T.);
#2777=FACE_BOUND('',#2549,.T.);
#2778=FACE_BOUND('',#2550,.T.);
#2779=FACE_BOUND('',#2551,.T.);
#2780=FACE_BOUND('',#2552,.T.);
#2781=FACE_BOUND('',#2553,.T.);
#2782=FACE_BOUND('',#2554,.T.);
#2783=FACE_BOUND('',#2555,.T.);
#2784=FACE_BOUND('',#2556,.T.);
#2785=FACE_BOUND('',#2557,.T.);
#2786=FACE_BOUND('',#2558,.T.);
#2787=FACE_BOUND('',#2559,.T.);
#2788=FACE_BOUND('',#2560,.T.);
#2789=FACE_BOUND('',#2561,.T.);
#2790=FACE_BOUND('',#2562,.T.);
#2791=FACE_BOUND('',#2563,.T.);
#2792=FACE_BOUND('',#2564,.T.);
#2793=FACE_BOUND('',#2565,.T.);
#2794=FACE_BOUND('',#2566,.T.);
#2795=FACE_BOUND('',#2567,.T.);
#2796=FACE_BOUND('',#2568,.T.);
#2797=FACE_BOUND('',#2569,.T.);
#2798=FACE_BOUND('',#2570,.T.);
#2799=FACE_BOUND('',#2571,.T.);
#2800=FACE_BOUND('',#2572,.T.);
#2801=FACE_BOUND('',#2573,.T.);
#2802=FACE_BOUND('',#2574,.T.);
#2803=FACE_BOUND('',#2575,.T.);
#2804=FACE_BOUND('',#2576,.T.);
#2805=FACE_BOUND('',#2577,.T.);
#2806=FACE_BOUND('',#2578,.T.);
#2807=FACE_BOUND('',#2579,.T.);
#2808=FACE_BOUND('',#2580,.T.);
#2809=FACE_BOUND('',#2581,.T.);
#2810=FACE_BOUND('',#2582,.T.);
#2811=FACE_BOUND('',#2583,.T.);
#2812=FACE_BOUND('',#2584,.T.);
#2813=FACE_BOUND('',#2585,.T.);
#2814=FACE_BOUND('',#2586,.T.);
#2815=FACE_BOUND('',#2587,.T.);
#2816=FACE_BOUND('',#2588,.T.);
#2817=FACE_BOUND('',#2589,.T.);
#2818=FACE_BOUND('',#2590,.T.);
#2819=FACE_BOUND('',#2591,.T.);
#2820=FACE_BOUND('',#2592,.T.);
#2821=FACE_BOUND('',#2593,.T.);
#2822=FACE_BOUND('',#2594,.T.);
#2823=FACE_BOUND('',#2595,.T.);
#2824=FACE_BOUND('',#2596,.T.);
#2825=FACE_BOUND('',#2597,.T.);
#2826=FACE_BOUND('',#2598,.T.);
#2827=FACE_BOUND('',#2599,.T.);
#2828=FACE_BOUND('',#2600,.T.);
#2829=FACE_BOUND('',#2601,.T.);
#2830=FACE_BOUND('',#2602,.T.);
#2831=FACE_BOUND('',#2603,.T.);
#2832=FACE_BOUND('',#2604,.T.);
#2833=FACE_BOUND('',#2605,.T.);
#2834=FACE_BOUND('',#2606,.T.);
#2835=FACE_BOUND('',#2607,.T.);
#2836=FACE_BOUND('',#2608,.T.);
#2837=FACE_BOUND('',#2609,.T.);
#2838=FACE_BOUND('',#2610,.T.);
#2839=FACE_BOUND('',#2611,.T.);
#2840=FACE_BOUND('',#2612,.T.);
#2841=FACE_BOUND('',#2613,.T.);
#2842=FACE_BOUND('',#2614,.T.);
#2843=FACE_BOUND('',#2615,.T.);
#2844=FACE_BOUND('',#2616,.T.);
#2845=FACE_BOUND('',#2617,.T.);
#2846=FACE_BOUND('',#2618,.T.);
#2847=FACE_BOUND('',#2619,.T.);
#2848=FACE_BOUND('',#2620,.T.);
#2849=FACE_BOUND('',#2621,.T.);
#2850=FACE_BOUND('',#2622,.T.);
#2851=FACE_BOUND('',#2623,.T.);
#2852=FACE_BOUND('',#2624,.T.);
#2853=FACE_BOUND('',#2625,.T.);
#2854=FACE_BOUND('',#2626,.T.);
#2855=FACE_BOUND('',#2627,.T.);
#2856=FACE_BOUND('',#2628,.T.);
#2857=FACE_BOUND('',#2629,.T.);
#2858=FACE_BOUND('',#2630,.T.);
#2859=FACE_BOUND('',#2631,.T.);
#2860=FACE_BOUND('',#2632,.T.);
#2861=FACE_BOUND('',#2633,.T.);
#2862=FACE_BOUND('',#2634,.T.);
#2863=FACE_BOUND('',#2635,.T.);
#2864=FACE_BOUND('',#2636,.T.);
#2865=FACE_BOUND('',#2637,.T.);
#2866=FACE_BOUND('',#2638,.T.);
#2867=FACE_BOUND('',#2639,.T.);
#2868=FACE_BOUND('',#2640,.T.);
#2869=FACE_BOUND('',#2641,.T.);
#2870=FACE_BOUND('',#2642,.T.);
#2871=FACE_BOUND('',#2643,.T.);
#2872=FACE_BOUND('',#2644,.T.);
#2873=FACE_BOUND('',#2645,.T.);
#2874=FACE_BOUND('',#2646,.T.);
#2875=FACE_BOUND('',#2647,.T.);
#2876=FACE_BOUND('',#2648,.T.);
#2877=FACE_BOUND('',#2649,.T.);
#2878=FACE_BOUND('',#2650,.T.);
#2879=FACE_BOUND('',#2651,.T.);
#2880=FACE_BOUND('',#2652,.T.);
#2881=FACE_BOUND('',#2653,.T.);
#2882=FACE_BOUND('',#2654,.T.);
#2883=FACE_BOUND('',#2655,.T.);
#2884=FACE_BOUND('',#2656,.T.);
#2885=FACE_BOUND('',#2657,.T.);
#2886=FACE_BOUND('',#2658,.T.);
#2887=FACE_BOUND('',#2659,.T.);
#2888=FACE_BOUND('',#2660,.T.);
#2889=FACE_BOUND('',#2661,.T.);
#2890=FACE_BOUND('',#2662,.T.);
#2891=FACE_BOUND('',#2663,.T.);
#2892=FACE_BOUND('',#2664,.T.);
#2893=FACE_BOUND('',#2665,.T.);
#2894=FACE_BOUND('',#2666,.T.);
#2895=FACE_BOUND('',#2667,.T.);
#2896=FACE_BOUND('',#2668,.T.);
#2897=FACE_BOUND('',#2669,.T.);
#2898=FACE_BOUND('',#2670,.T.);
#2899=FACE_BOUND('',#2671,.T.);
#2900=FACE_BOUND('',#2672,.T.);
#2901=FACE_BOUND('',#2673,.T.);
#2902=FACE_BOUND('',#2674,.T.);
#2903=FACE_BOUND('',#2675,.T.);
#2904=FACE_BOUND('',#2676,.T.);
#2905=FACE_BOUND('',#2677,.T.);
#2906=FACE_BOUND('',#2678,.T.);
#2907=FACE_BOUND('',#2679,.T.);
#2908=FACE_BOUND('',#2680,.T.);
#2909=FACE_BOUND('',#2681,.T.);
#2910=FACE_BOUND('',#2682,.T.);
#2911=FACE_BOUND('',#2683,.T.);
#2912=FACE_BOUND('',#2684,.T.);
#2913=FACE_BOUND('',#2685,.T.);
#2914=FACE_BOUND('',#2686,.T.);
#2915=FACE_BOUND('',#2687,.T.);
#2916=FACE_BOUND('',#2688,.T.);
#2917=FACE_BOUND('',#2689,.T.);
#2918=FACE_BOUND('',#2690,.T.);
#2919=FACE_BOUND('',#2691,.T.);
#2920=FACE_BOUND('',#2692,.T.);
#2921=FACE_BOUND('',#2693,.T.);
#2922=FACE_BOUND('',#2694,.T.);
#2923=FACE_BOUND('',#2695,.T.);
#2924=FACE_BOUND('',#2696,.T.);
#2925=FACE_BOUND('',#2697,.T.);
#2926=FACE_BOUND('',#2698,.T.);
#2927=CYLINDRICAL_SURFACE('',#3169,0.0005);
#2928=CYLINDRICAL_SURFACE('',#3241,0.00601587410412936);
#2929=CYLINDRICAL_SURFACE('',#3276,0.00185);
#2930=CYLINDRICAL_SURFACE('',#3280,0.00185);
#2931=CYLINDRICAL_SURFACE('',#3284,0.00185);
#2932=CYLINDRICAL_SURFACE('',#3288,0.00185);
#2933=CYLINDRICAL_SURFACE('',#3323,0.0170000037210073);
#2934=CYLINDRICAL_SURFACE('',#3327,0.00154999793701453);
#2935=CYLINDRICAL_SURFACE('',#3331,0.0170000037210073);
#2936=CYLINDRICAL_SURFACE('',#3338,0.00599993019460609);
#2937=CYLINDRICAL_SURFACE('',#3340,0.00632300481060727);
#2938=CYLINDRICAL_SURFACE('',#3342,0.00600009550599723);
#2939=CYLINDRICAL_SURFACE('',#3345,0.006);
#2940=CYLINDRICAL_SURFACE('',#3348,0.006);
#2941=CYLINDRICAL_SURFACE('',#3350,0.00622888587948164);
#2942=CYLINDRICAL_SURFACE('',#3353,0.001);
#2943=CYLINDRICAL_SURFACE('',#3360,0.001);
#2944=CYLINDRICAL_SURFACE('',#3362,0.00155000016093369);
#2945=CYLINDRICAL_SURFACE('',#3366,0.00155000016096619);
#2946=CYLINDRICAL_SURFACE('',#3369,0.00552111577743882);
#2947=CYLINDRICAL_SURFACE('',#3381,0.00185);
#2948=CYLINDRICAL_SURFACE('',#3386,0.0029);
#2949=CYLINDRICAL_SURFACE('',#3387,0.00185);
#2950=CYLINDRICAL_SURFACE('',#3392,0.0029);
#2951=CYLINDRICAL_SURFACE('',#3393,0.0005);
#2952=CYLINDRICAL_SURFACE('',#3395,0.0005);
#2953=CYLINDRICAL_SURFACE('',#3397,0.0005);
#2954=CYLINDRICAL_SURFACE('',#3399,0.0005);
#2955=CYLINDRICAL_SURFACE('',#3401,0.0005);
#2956=CYLINDRICAL_SURFACE('',#3403,0.0005);
#2957=CYLINDRICAL_SURFACE('',#3405,0.001);
#2958=CYLINDRICAL_SURFACE('',#3408,0.0029);
#2959=CYLINDRICAL_SURFACE('',#3411,0.0029);
#2960=CYLINDRICAL_SURFACE('',#3414,0.0029);
#2961=CYLINDRICAL_SURFACE('',#3417,0.0029);
#2962=CYLINDRICAL_SURFACE('',#3427,0.0011);
#2963=CYLINDRICAL_SURFACE('',#3430,0.002);
#2964=CYLINDRICAL_SURFACE('',#3432,0.0011);
#2965=CYLINDRICAL_SURFACE('',#3435,0.002);
#2966=CYLINDRICAL_SURFACE('',#3491,0.00305);
#2967=ADVANCED_FACE('',(#2699,#2700),#2927,.F.);
#2968=ADVANCED_FACE('',(#2701),#636,.F.);
#2969=ADVANCED_FACE('',(#2702),#637,.F.);
#2970=ADVANCED_FACE('',(#2703),#638,.F.);
#2971=ADVANCED_FACE('',(#2704),#639,.F.);
#2972=ADVANCED_FACE('',(#2705),#640,.F.);
#2973=ADVANCED_FACE('',(#2706),#641,.F.);
#2974=ADVANCED_FACE('',(#2707),#642,.F.);
#2975=ADVANCED_FACE('',(#2708),#643,.F.);
#2976=ADVANCED_FACE('',(#2709),#644,.F.);
#2977=ADVANCED_FACE('',(#2710),#645,.F.);
#2978=ADVANCED_FACE('',(#2711),#646,.F.);
#2979=ADVANCED_FACE('',(#2712),#647,.F.);
#2980=ADVANCED_FACE('',(#2713),#648,.T.);
#2981=ADVANCED_FACE('',(#2714),#649,.T.);
#2982=ADVANCED_FACE('',(#2715),#650,.T.);
#2983=ADVANCED_FACE('',(#2716),#651,.T.);
#2984=ADVANCED_FACE('',(#2717),#652,.T.);
#2985=ADVANCED_FACE('',(#2718),#653,.T.);
#2986=ADVANCED_FACE('',(#2719),#654,.T.);
#2987=ADVANCED_FACE('',(#2720),#655,.T.);
#2988=ADVANCED_FACE('',(#2721),#656,.T.);
#2989=ADVANCED_FACE('',(#2722),#657,.T.);
#2990=ADVANCED_FACE('',(#2723),#658,.T.);
#2991=ADVANCED_FACE('',(#2724),#659,.F.);
#2992=ADVANCED_FACE('',(#2725),#660,.F.);
#2993=ADVANCED_FACE('',(#2726),#661,.F.);
#2994=ADVANCED_FACE('',(#2727),#662,.F.);
#2995=ADVANCED_FACE('',(#2728),#663,.F.);
#2996=ADVANCED_FACE('',(#2729),#664,.F.);
#2997=ADVANCED_FACE('',(#2730),#665,.F.);
#2998=ADVANCED_FACE('',(#2731),#666,.F.);
#2999=ADVANCED_FACE('',(#2732),#667,.F.);
#3000=ADVANCED_FACE('',(#2733),#668,.F.);
#3001=ADVANCED_FACE('',(#2734),#669,.F.);
#3002=ADVANCED_FACE('',(#2735),#670,.F.);
#3003=ADVANCED_FACE('',(#2736),#671,.T.);
#3004=ADVANCED_FACE('',(#2737),#672,.T.);
#3005=ADVANCED_FACE('',(#2738),#673,.T.);
#3006=ADVANCED_FACE('',(#2739),#674,.T.);
#3007=ADVANCED_FACE('',(#2740),#675,.T.);
#3008=ADVANCED_FACE('',(#2741),#676,.T.);
#3009=ADVANCED_FACE('',(#2742),#677,.T.);
#3010=ADVANCED_FACE('',(#2743),#678,.T.);
#3011=ADVANCED_FACE('',(#2744),#679,.T.);
#3012=ADVANCED_FACE('',(#2745),#680,.T.);
#3013=ADVANCED_FACE('',(#2746),#681,.T.);
#3014=ADVANCED_FACE('',(#2747),#682,.T.);
#3015=ADVANCED_FACE('',(#2748),#2928,.T.);
#3016=ADVANCED_FACE('',(#2749,#2750,#2751,#2752,#2753,#2754,#2755,#2756),
#683,.F.);
#3017=ADVANCED_FACE('',(#2757),#684,.T.);
#3018=ADVANCED_FACE('',(#2758),#2929,.F.);
#3019=ADVANCED_FACE('',(#2759),#685,.F.);
#3020=ADVANCED_FACE('',(#2760),#2930,.F.);
#3021=ADVANCED_FACE('',(#2761),#686,.T.);
#3022=ADVANCED_FACE('',(#2762),#2931,.F.);
#3023=ADVANCED_FACE('',(#2763),#687,.F.);
#3024=ADVANCED_FACE('',(#2764),#2932,.F.);
#3025=ADVANCED_FACE('',(#2765,#2766,#2767,#2768,#2769,#2770,#2771,#2772,
#2773,#2774),#688,.T.);
#3026=ADVANCED_FACE('',(#2775),#689,.T.);
#3027=ADVANCED_FACE('',(#2776),#2933,.F.);
#3028=ADVANCED_FACE('',(#2777),#690,.F.);
#3029=ADVANCED_FACE('',(#2778),#2934,.F.);
#3030=ADVANCED_FACE('',(#2779),#691,.F.);
#3031=ADVANCED_FACE('',(#2780),#2935,.F.);
#3032=ADVANCED_FACE('',(#2781),#692,.F.);
#3033=ADVANCED_FACE('',(#2782),#693,.F.);
#3034=ADVANCED_FACE('',(#2783),#694,.F.);
#3035=ADVANCED_FACE('',(#2784),#695,.F.);
#3036=ADVANCED_FACE('',(#2785),#696,.F.);
#3037=ADVANCED_FACE('',(#2786),#2936,.F.);
#3038=ADVANCED_FACE('',(#2787),#2937,.F.);
#3039=ADVANCED_FACE('',(#2788),#2938,.T.);
#3040=ADVANCED_FACE('',(#2789),#697,.T.);
#3041=ADVANCED_FACE('',(#2790),#2939,.T.);
#3042=ADVANCED_FACE('',(#2791),#698,.T.);
#3043=ADVANCED_FACE('',(#2792),#2940,.T.);
#3044=ADVANCED_FACE('',(#2793),#2941,.F.);
#3045=ADVANCED_FACE('',(#2794),#699,.T.);
#3046=ADVANCED_FACE('',(#2795),#2942,.T.);
#3047=ADVANCED_FACE('',(#2796),#700,.T.);
#3048=ADVANCED_FACE('',(#2797),#701,.T.);
#3049=ADVANCED_FACE('',(#2798),#702,.F.);
#3050=ADVANCED_FACE('',(#2799),#703,.T.);
#3051=ADVANCED_FACE('',(#2800),#704,.T.);
#3052=ADVANCED_FACE('',(#2801),#2943,.T.);
#3053=ADVANCED_FACE('',(#2802),#2944,.F.);
#3054=ADVANCED_FACE('',(#2803),#705,.T.);
#3055=ADVANCED_FACE('',(#2804),#2945,.F.);
#3056=ADVANCED_FACE('',(#2805),#2946,.F.);
#3057=ADVANCED_FACE('',(#2806),#706,.T.);
#3058=ADVANCED_FACE('',(#2807,#2808),#707,.T.);
#3059=ADVANCED_FACE('',(#2809),#708,.F.);
#3060=ADVANCED_FACE('',(#2810),#12,.F.);
#3061=ADVANCED_FACE('',(#2811),#709,.F.);
#3062=ADVANCED_FACE('',(#2812),#710,.T.);
#3063=ADVANCED_FACE('',(#2813),#13,.F.);
#3064=ADVANCED_FACE('',(#2814),#14,.F.);
#3065=ADVANCED_FACE('',(#2815),#711,.T.);
#3066=ADVANCED_FACE('',(#2816,#2817),#2947,.F.);
#3067=ADVANCED_FACE('',(#2818,#2819),#712,.T.);
#3068=ADVANCED_FACE('',(#2820,#2821),#2948,.F.);
#3069=ADVANCED_FACE('',(#2822,#2823),#2949,.F.);
#3070=ADVANCED_FACE('',(#2824,#2825),#713,.T.);
#3071=ADVANCED_FACE('',(#2826,#2827),#2950,.F.);
#3072=ADVANCED_FACE('',(#2828),#2951,.T.);
#3073=ADVANCED_FACE('',(#2829),#2952,.T.);
#3074=ADVANCED_FACE('',(#2830),#2953,.T.);
#3075=ADVANCED_FACE('',(#2831),#2954,.F.);
#3076=ADVANCED_FACE('',(#2832),#2955,.F.);
#3077=ADVANCED_FACE('',(#2833),#2956,.F.);
#3078=ADVANCED_FACE('',(#2834),#2957,.F.);
#3079=ADVANCED_FACE('',(#2835),#714,.T.);
#3080=ADVANCED_FACE('',(#2836),#2958,.F.);
#3081=ADVANCED_FACE('',(#2837),#715,.F.);
#3082=ADVANCED_FACE('',(#2838),#2959,.F.);
#3083=ADVANCED_FACE('',(#2839,#2840),#716,.T.);
#3084=ADVANCED_FACE('',(#2841),#2960,.F.);
#3085=ADVANCED_FACE('',(#2842),#717,.F.);
#3086=ADVANCED_FACE('',(#2843),#2961,.F.);
#3087=ADVANCED_FACE('',(#2844),#718,.T.);
#3088=ADVANCED_FACE('',(#2845,#2846),#719,.T.);
#3089=ADVANCED_FACE('',(#2847),#720,.F.);
#3090=ADVANCED_FACE('',(#2848),#721,.T.);
#3091=ADVANCED_FACE('',(#2849,#2850,#2851),#722,.F.);
#3092=ADVANCED_FACE('',(#2852),#723,.T.);
#3093=ADVANCED_FACE('',(#2853,#2854),#2962,.F.);
#3094=ADVANCED_FACE('',(#2855),#724,.T.);
#3095=ADVANCED_FACE('',(#2856,#2857),#2963,.F.);
#3096=ADVANCED_FACE('',(#2858,#2859),#2964,.F.);
#3097=ADVANCED_FACE('',(#2860),#725,.T.);
#3098=ADVANCED_FACE('',(#2861,#2862),#2965,.F.);
#3099=ADVANCED_FACE('',(#2863,#2864),#15,.F.);
#3100=ADVANCED_FACE('',(#2865,#2866),#16,.F.);
#3101=ADVANCED_FACE('',(#2867),#726,.F.);
#3102=ADVANCED_FACE('',(#2868),#17,.F.);
#3103=ADVANCED_FACE('',(#2869),#18,.F.);
#3104=ADVANCED_FACE('',(#2870),#727,.T.);
#3105=ADVANCED_FACE('',(#2871),#728,.F.);
#3106=ADVANCED_FACE('',(#2872),#19,.F.);
#3107=ADVANCED_FACE('',(#2873),#20,.F.);
#3108=ADVANCED_FACE('',(#2874),#729,.T.);
#3109=ADVANCED_FACE('',(#2875,#2876),#21,.F.);
#3110=ADVANCED_FACE('',(#2877,#2878),#22,.F.);
#3111=ADVANCED_FACE('',(#2879),#730,.F.);
#3112=ADVANCED_FACE('',(#2880),#731,.F.);
#3113=ADVANCED_FACE('',(#2881),#23,.T.);
#3114=ADVANCED_FACE('',(#2882),#732,.T.);
#3115=ADVANCED_FACE('',(#2883),#733,.F.);
#3116=ADVANCED_FACE('',(#2884),#734,.F.);
#3117=ADVANCED_FACE('',(#2885),#24,.F.);
#3118=ADVANCED_FACE('',(#2886),#735,.F.);
#3119=ADVANCED_FACE('',(#2887),#25,.F.);
#3120=ADVANCED_FACE('',(#2888),#26,.T.);
#3121=ADVANCED_FACE('',(#2889),#27,.T.);
#3122=ADVANCED_FACE('',(#2890),#736,.F.);
#3123=ADVANCED_FACE('',(#2891),#737,.F.);
#3124=ADVANCED_FACE('',(#2892),#28,.F.);
#3125=ADVANCED_FACE('',(#2893),#29,.T.);
#3126=ADVANCED_FACE('',(#2894),#30,.T.);
#3127=ADVANCED_FACE('',(#2895),#738,.F.);
#3128=ADVANCED_FACE('',(#2896),#739,.F.);
#3129=ADVANCED_FACE('',(#2897),#31,.T.);
#3130=ADVANCED_FACE('',(#2898),#740,.T.);
#3131=ADVANCED_FACE('',(#2899),#32,.F.);
#3132=ADVANCED_FACE('',(#2900),#33,.T.);
#3133=ADVANCED_FACE('',(#2901),#741,.T.);
#3134=ADVANCED_FACE('',(#2902),#34,.F.);
#3135=ADVANCED_FACE('',(#2903),#35,.F.);
#3136=ADVANCED_FACE('',(#2904),#36,.T.);
#3137=ADVANCED_FACE('',(#2905),#742,.T.);
#3138=ADVANCED_FACE('',(#2906),#743,.T.);
#3139=ADVANCED_FACE('',(#2907),#37,.F.);
#3140=ADVANCED_FACE('',(#2908),#38,.F.);
#3141=ADVANCED_FACE('',(#2909),#744,.T.);
#3142=ADVANCED_FACE('',(#2910),#745,.T.);
#3143=ADVANCED_FACE('',(#2911),#39,.T.);
#3144=ADVANCED_FACE('',(#2912),#40,.F.);
#3145=ADVANCED_FACE('',(#2913),#746,.T.);
#3146=ADVANCED_FACE('',(#2914),#41,.F.);
#3147=ADVANCED_FACE('',(#2915),#42,.F.);
#3148=ADVANCED_FACE('',(#2916),#747,.F.);
#3149=ADVANCED_FACE('',(#2917),#748,.F.);
#3150=ADVANCED_FACE('',(#2918),#43,.F.);
#3151=ADVANCED_FACE('',(#2919),#44,.F.);
#3152=ADVANCED_FACE('',(#2920),#749,.F.);
#3153=ADVANCED_FACE('',(#2921,#2922),#2966,.F.);
#3154=ADVANCED_FACE('',(#2923,#2924),#750,.T.);
#3155=ADVANCED_FACE('',(#2925,#2926),#45,.F.);
#3156=CLOSED_SHELL('',(#2967,#2968,#2969,#2970,#2971,#2972,#2973,#2974,
#2975,#2976,#2977,#2978,#2979,#2980,#2981,#2982,#2983,#2984,#2985,#2986,
#2987,#2988,#2989,#2990,#2991,#2992,#2993,#2994,#2995,#2996,#2997,#2998,
#2999,#3000,#3001,#3002,#3003,#3004,#3005,#3006,#3007,#3008,#3009,#3010,
#3011,#3012,#3013,#3014,#3015,#3016,#3017,#3018,#3019,#3020,#3021,#3022,
#3023,#3024,#3025,#3026,#3027,#3028,#3029,#3030,#3031,#3032,#3033,#3034,
#3035,#3036,#3037,#3038,#3039,#3040,#3041,#3042,#3043,#3044,#3045,#3046,
#3047,#3048,#3049,#3050,#3051,#3052,#3053,#3054,#3055,#3056,#3057,#3058,
#3059,#3060,#3061,#3062,#3063,#3064,#3065,#3066,#3067,#3068,#3069,#3070,
#3071,#3072,#3073,#3074,#3075,#3076,#3077,#3078,#3079,#3080,#3081,#3082,
#3083,#3084,#3085,#3086,#3087,#3088,#3089,#3090,#3091,#3092,#3093,#3094,
#3095,#3096,#3097,#3098,#3099,#3100,#3101,#3102,#3103,#3104,#3105,#3106,
#3107,#3108,#3109,#3110,#3111,#3112,#3113,#3114,#3115,#3116,#3117,#3118,
#3119,#3120,#3121,#3122,#3123,#3124,#3125,#3126,#3127,#3128,#3129,#3130,
#3131,#3132,#3133,#3134,#3135,#3136,#3137,#3138,#3139,#3140,#3141,#3142,
#3143,#3144,#3145,#3146,#3147,#3148,#3149,#3150,#3151,#3152,#3153,#3154,
#3155));
#3157=STYLED_ITEM('',(#3158),#3165);
#3158=PRESENTATION_STYLE_ASSIGNMENT((#3159));
#3159=SURFACE_STYLE_USAGE(.BOTH.,#3160);
#3160=SURFACE_SIDE_STYLE('',(#3161));
#3161=SURFACE_STYLE_FILL_AREA(#3162);
#3162=FILL_AREA_STYLE('',(#3163));
#3163=FILL_AREA_STYLE_COLOUR('',#3164);
#3164=COLOUR_RGB('',0.647058823529412,0.647058823529412,0.647058823529412);
#3165=MANIFOLD_SOLID_BREP('Slide_Base',#3156);
#3166=SHAPE_DEFINITION_REPRESENTATION(#5380,#3167);
#3167=SHAPE_REPRESENTATION('Slide_Base',(#3168),#5375);
#3168=AXIS2_PLACEMENT_3D('',#4440,#3496,#3497);
#3169=AXIS2_PLACEMENT_3D('',#4441,#3498,#3499);
#3170=AXIS2_PLACEMENT_3D('',#4442,#3500,#3501);
#3171=AXIS2_PLACEMENT_3D('',#4444,#3502,#3503);
#3172=AXIS2_PLACEMENT_3D('',#4446,#3504,#3505);
#3173=AXIS2_PLACEMENT_3D('',#4457,#3511,#3512);
#3174=AXIS2_PLACEMENT_3D('',#4465,#3517,#3518);
#3175=AXIS2_PLACEMENT_3D('',#4476,#3524,#3525);
#3176=AXIS2_PLACEMENT_3D('',#4484,#3530,#3531);
#3177=AXIS2_PLACEMENT_3D('',#4490,#3535,#3536);
#3178=AXIS2_PLACEMENT_3D('',#4496,#3540,#3541);
#3179=AXIS2_PLACEMENT_3D('',#4502,#3545,#3546);
#3180=AXIS2_PLACEMENT_3D('',#4505,#3549,#3550);
#3181=AXIS2_PLACEMENT_3D('',#4511,#3554,#3555);
#3182=AXIS2_PLACEMENT_3D('',#4517,#3559,#3560);
#3183=AXIS2_PLACEMENT_3D('',#4523,#3564,#3565);
#3184=AXIS2_PLACEMENT_3D('',#4526,#3568,#3569);
#3185=AXIS2_PLACEMENT_3D('',#4529,#3571,#3572);
#3186=AXIS2_PLACEMENT_3D('',#4532,#3574,#3575);
#3187=AXIS2_PLACEMENT_3D('',#4533,#3576,#3577);
#3188=AXIS2_PLACEMENT_3D('',#4538,#3580,#3581);
#3189=AXIS2_PLACEMENT_3D('',#4539,#3582,#3583);
#3190=AXIS2_PLACEMENT_3D('',#4540,#3584,#3585);
#3191=AXIS2_PLACEMENT_3D('',#4541,#3586,#3587);
#3192=AXIS2_PLACEMENT_3D('',#4542,#3588,#3589);
#3193=AXIS2_PLACEMENT_3D('',#4543,#3590,#3591);
#3194=AXIS2_PLACEMENT_3D('',#4544,#3592,#3593);
#3195=AXIS2_PLACEMENT_3D('',#4545,#3594,#3595);
#3196=AXIS2_PLACEMENT_3D('',#4546,#3596,#3597);
#3197=AXIS2_PLACEMENT_3D('',#4547,#3598,#3599);
#3198=AXIS2_PLACEMENT_3D('',#4548,#3600,#3601);
#3199=AXIS2_PLACEMENT_3D('',#4549,#3602,#3603);
#3200=AXIS2_PLACEMENT_3D('',#4550,#3604,#3605);
#3201=AXIS2_PLACEMENT_3D('',#4551,#3606,#3607);
#3202=AXIS2_PLACEMENT_3D('',#4552,#3608,#3609);
#3203=AXIS2_PLACEMENT_3D('',#4553,#3610,#3611);
#3204=AXIS2_PLACEMENT_3D('',#4554,#3612,#3613);
#3205=AXIS2_PLACEMENT_3D('',#4555,#3614,#3615);
#3206=AXIS2_PLACEMENT_3D('',#4556,#3616,#3617);
#3207=AXIS2_PLACEMENT_3D('',#4567,#3623,#3624);
#3208=AXIS2_PLACEMENT_3D('',#4575,#3629,#3630);
#3209=AXIS2_PLACEMENT_3D('',#4586,#3636,#3637);
#3210=AXIS2_PLACEMENT_3D('',#4594,#3642,#3643);
#3211=AXIS2_PLACEMENT_3D('',#4600,#3647,#3648);
#3212=AXIS2_PLACEMENT_3D('',#4606,#3652,#3653);
#3213=AXIS2_PLACEMENT_3D('',#4612,#3657,#3658);
#3214=AXIS2_PLACEMENT_3D('',#4615,#3661,#3662);
#3215=AXIS2_PLACEMENT_3D('',#4621,#3666,#3667);
#3216=AXIS2_PLACEMENT_3D('',#4627,#3671,#3672);
#3217=AXIS2_PLACEMENT_3D('',#4633,#3676,#3677);
#3218=AXIS2_PLACEMENT_3D('',#4636,#3680,#3681);
#3219=AXIS2_PLACEMENT_3D('',#4639,#3683,#3684);
#3220=AXIS2_PLACEMENT_3D('',#4642,#3686,#3687);
#3221=AXIS2_PLACEMENT_3D('',#4643,#3688,#3689);
#3222=AXIS2_PLACEMENT_3D('',#4648,#3692,#3693);
#3223=AXIS2_PLACEMENT_3D('',#4649,#3694,#3695);
#3224=AXIS2_PLACEMENT_3D('',#4650,#3696,#3697);
#3225=AXIS2_PLACEMENT_3D('',#4651,#3698,#3699);
#3226=AXIS2_PLACEMENT_3D('',#4652,#3700,#3701);
#3227=AXIS2_PLACEMENT_3D('',#4653,#3702,#3703);
#3228=AXIS2_PLACEMENT_3D('',#4654,#3704,#3705);
#3229=AXIS2_PLACEMENT_3D('',#4655,#3706,#3707);
#3230=AXIS2_PLACEMENT_3D('',#4656,#3708,#3709);
#3231=AXIS2_PLACEMENT_3D('',#4657,#3710,#3711);
#3232=AXIS2_PLACEMENT_3D('',#4658,#3712,#3713);
#3233=AXIS2_PLACEMENT_3D('',#4659,#3714,#3715);
#3234=AXIS2_PLACEMENT_3D('',#4660,#3716,#3717);
#3235=AXIS2_PLACEMENT_3D('',#4661,#3718,#3719);
#3236=AXIS2_PLACEMENT_3D('',#4662,#3720,#3721);
#3237=AXIS2_PLACEMENT_3D('',#4663,#3722,#3723);
#3238=AXIS2_PLACEMENT_3D('',#4664,#3724,#3725);
#3239=AXIS2_PLACEMENT_3D('',#4665,#3726,#3727);
#3240=AXIS2_PLACEMENT_3D('',#4666,#3728,#3729);
#3241=AXIS2_PLACEMENT_3D('',#4688,#3738,#3739);
#3242=AXIS2_PLACEMENT_3D('',#4692,#3741,#3742);
#3243=AXIS2_PLACEMENT_3D('',#4693,#3743,#3744);
#3244=AXIS2_PLACEMENT_3D('',#4697,#3746,#3747);
#3245=AXIS2_PLACEMENT_3D('',#4698,#3748,#3749);
#3246=AXIS2_PLACEMENT_3D('',#4699,#3750,#3751);
#3247=AXIS2_PLACEMENT_3D('',#4700,#3752,#3753);
#3248=AXIS2_PLACEMENT_3D('',#4702,#3754,#3755);
#3249=AXIS2_PLACEMENT_3D('',#4704,#3756,#3757);
#3250=AXIS2_PLACEMENT_3D('',#4706,#3758,#3759);
#3251=AXIS2_PLACEMENT_3D('',#4711,#3761,#3762);
#3252=AXIS2_PLACEMENT_3D('',#4714,#3764,#3765);
#3253=AXIS2_PLACEMENT_3D('',#4719,#3767,#3768);
#3254=AXIS2_PLACEMENT_3D('',#4731,#3774,#3775);
#3255=AXIS2_PLACEMENT_3D('',#4735,#3777,#3778);
#3256=AXIS2_PLACEMENT_3D('',#4736,#3779,#3780);
#3257=AXIS2_PLACEMENT_3D('',#4740,#3782,#3783);
#3258=AXIS2_PLACEMENT_3D('',#4744,#3785,#3786);
#3259=AXIS2_PLACEMENT_3D('',#4746,#3787,#3788);
#3260=AXIS2_PLACEMENT_3D('',#4750,#3790,#3791);
#3261=AXIS2_PLACEMENT_3D('',#4754,#3793,#3794);
#3262=AXIS2_PLACEMENT_3D('',#4758,#3796,#3797);
#3263=AXIS2_PLACEMENT_3D('',#4762,#3799,#3800);
#3264=AXIS2_PLACEMENT_3D('',#4766,#3802,#3803);
#3265=AXIS2_PLACEMENT_3D('',#4768,#3804,#3805);
#3266=AXIS2_PLACEMENT_3D('',#4770,#3806,#3807);
#3267=AXIS2_PLACEMENT_3D('',#4774,#3809,#3810);
#3268=AXIS2_PLACEMENT_3D('',#4778,#3812,#3813);
#3269=AXIS2_PLACEMENT_3D('',#4780,#3814,#3815);
#3270=AXIS2_PLACEMENT_3D('',#4784,#3817,#3818);
#3271=AXIS2_PLACEMENT_3D('',#4788,#3820,#3821);
#3272=AXIS2_PLACEMENT_3D('',#4792,#3823,#3824);
#3273=AXIS2_PLACEMENT_3D('',#4796,#3826,#3827);
#3274=AXIS2_PLACEMENT_3D('',#4800,#3829,#3830);
#3275=AXIS2_PLACEMENT_3D('',#4801,#3831,#3832);
#3276=AXIS2_PLACEMENT_3D('',#4810,#3837,#3838);
#3277=AXIS2_PLACEMENT_3D('',#4814,#3840,#3841);
#3278=AXIS2_PLACEMENT_3D('',#4815,#3842,#3843);
#3279=AXIS2_PLACEMENT_3D('',#4816,#3844,#3845);
#3280=AXIS2_PLACEMENT_3D('',#4822,#3849,#3850);
#3281=AXIS2_PLACEMENT_3D('',#4823,#3851,#3852);
#3282=AXIS2_PLACEMENT_3D('',#4824,#3853,#3854);
#3283=AXIS2_PLACEMENT_3D('',#4825,#3855,#3856);
#3284=AXIS2_PLACEMENT_3D('',#4834,#3861,#3862);
#3285=AXIS2_PLACEMENT_3D('',#4838,#3864,#3865);
#3286=AXIS2_PLACEMENT_3D('',#4839,#3866,#3867);
#3287=AXIS2_PLACEMENT_3D('',#4840,#3868,#3869);
#3288=AXIS2_PLACEMENT_3D('',#4846,#3873,#3874);
#3289=AXIS2_PLACEMENT_3D('',#4847,#3875,#3876);
#3290=AXIS2_PLACEMENT_3D('',#4848,#3877,#3878);
#3291=AXIS2_PLACEMENT_3D('',#4849,#3879,#3880);
#3292=AXIS2_PLACEMENT_3D('',#4850,#3881,#3882);
#3293=AXIS2_PLACEMENT_3D('',#4855,#3884,#3885);
#3294=AXIS2_PLACEMENT_3D('',#4858,#3887,#3888);
#3295=AXIS2_PLACEMENT_3D('',#4863,#3890,#3891);
#3296=AXIS2_PLACEMENT_3D('',#4865,#3892,#3893);
#3297=AXIS2_PLACEMENT_3D('',#4869,#3895,#3896);
#3298=AXIS2_PLACEMENT_3D('',#4873,#3898,#3899);
#3299=AXIS2_PLACEMENT_3D('',#4875,#3900,#3901);
#3300=AXIS2_PLACEMENT_3D('',#4877,#3902,#3903);
#3301=AXIS2_PLACEMENT_3D('',#4881,#3905,#3906);
#3302=AXIS2_PLACEMENT_3D('',#4885,#3908,#3909);
#3303=AXIS2_PLACEMENT_3D('',#4889,#3911,#3912);
#3304=AXIS2_PLACEMENT_3D('',#4893,#3914,#3915);
#3305=AXIS2_PLACEMENT_3D('',#4899,#3918,#3919);
#3306=AXIS2_PLACEMENT_3D('',#4903,#3921,#3922);
#3307=AXIS2_PLACEMENT_3D('',#4905,#3923,#3924);
#3308=AXIS2_PLACEMENT_3D('',#4909,#3926,#3927);
#3309=AXIS2_PLACEMENT_3D('',#4921,#3933,#3934);
#3310=AXIS2_PLACEMENT_3D('',#4925,#3936,#3937);
#3311=AXIS2_PLACEMENT_3D('',#4927,#3938,#3939);
#3312=AXIS2_PLACEMENT_3D('',#4929,#3940,#3941);
#3313=AXIS2_PLACEMENT_3D('',#4933,#3943,#3944);
#3314=AXIS2_PLACEMENT_3D('',#4934,#3945,#3946);
#3315=AXIS2_PLACEMENT_3D('',#4936,#3947,#3948);
#3316=AXIS2_PLACEMENT_3D('',#4938,#3949,#3950);
#3317=AXIS2_PLACEMENT_3D('',#4943,#3952,#3953);
#3318=AXIS2_PLACEMENT_3D('',#4946,#3955,#3956);
#3319=AXIS2_PLACEMENT_3D('',#4951,#3958,#3959);
#3320=AXIS2_PLACEMENT_3D('',#4954,#3961,#3962);
#3321=AXIS2_PLACEMENT_3D('',#4956,#3963,#3964);
#3322=AXIS2_PLACEMENT_3D('',#4958,#3965,#3966);
#3323=AXIS2_PLACEMENT_3D('',#4964,#3970,#3971);
#3324=AXIS2_PLACEMENT_3D('',#4968,#3973,#3974);
#3325=AXIS2_PLACEMENT_3D('',#4971,#3976,#3977);
#3326=AXIS2_PLACEMENT_3D('',#4972,#3978,#3979);
#3327=AXIS2_PLACEMENT_3D('',#4978,#3983,#3984);
#3328=AXIS2_PLACEMENT_3D('',#4982,#3986,#3987);
#3329=AXIS2_PLACEMENT_3D('',#4983,#3988,#3989);
#3330=AXIS2_PLACEMENT_3D('',#4984,#3990,#3991);
#3331=AXIS2_PLACEMENT_3D('',#4990,#3995,#3996);
#3332=AXIS2_PLACEMENT_3D('',#4993,#3998,#3999);
#3333=AXIS2_PLACEMENT_3D('',#4996,#4001,#4002);
#3334=AXIS2_PLACEMENT_3D('',#5002,#4006,#4007);
#3335=AXIS2_PLACEMENT_3D('',#5008,#4011,#4012);
#3336=AXIS2_PLACEMENT_3D('',#5014,#4016,#4017);
#3337=AXIS2_PLACEMENT_3D('',#5020,#4021,#4022);
#3338=AXIS2_PLACEMENT_3D('',#5026,#4026,#4027);
#3339=AXIS2_PLACEMENT_3D('',#5029,#4029,#4030);
#3340=AXIS2_PLACEMENT_3D('',#5032,#4032,#4033);
#3341=AXIS2_PLACEMENT_3D('',#5035,#4035,#4036);
#3342=AXIS2_PLACEMENT_3D('',#5036,#4037,#4038);
#3343=AXIS2_PLACEMENT_3D('',#5039,#4040,#4041);
#3344=AXIS2_PLACEMENT_3D('',#5040,#4042,#4043);
#3345=AXIS2_PLACEMENT_3D('',#5044,#4046,#4047);
#3346=AXIS2_PLACEMENT_3D('',#5047,#4049,#4050);
#3347=AXIS2_PLACEMENT_3D('',#5048,#4051,#4052);
#3348=AXIS2_PLACEMENT_3D('',#5052,#4055,#4056);
#3349=AXIS2_PLACEMENT_3D('',#5053,#4057,#4058);
#3350=AXIS2_PLACEMENT_3D('',#5054,#4059,#4060);
#3351=AXIS2_PLACEMENT_3D('',#5057,#4062,#4063);
#3352=AXIS2_PLACEMENT_3D('',#5058,#4064,#4065);
#3353=AXIS2_PLACEMENT_3D('',#5062,#4068,#4069);
#3354=AXIS2_PLACEMENT_3D('',#5065,#4071,#4072);
#3355=AXIS2_PLACEMENT_3D('',#5066,#4073,#4074);
#3356=AXIS2_PLACEMENT_3D('',#5070,#4077,#4078);
#3357=AXIS2_PLACEMENT_3D('',#5074,#4081,#4082);
#3358=AXIS2_PLACEMENT_3D('',#5078,#4085,#4086);
#3359=AXIS2_PLACEMENT_3D('',#5082,#4089,#4090);
#3360=AXIS2_PLACEMENT_3D('',#5086,#4093,#4094);
#3361=AXIS2_PLACEMENT_3D('',#5089,#4096,#4097);
#3362=AXIS2_PLACEMENT_3D('',#5090,#4098,#4099);
#3363=AXIS2_PLACEMENT_3D('',#5094,#4101,#4102);
#3364=AXIS2_PLACEMENT_3D('',#5098,#4104,#4105);
#3365=AXIS2_PLACEMENT_3D('',#5099,#4106,#4107);
#3366=AXIS2_PLACEMENT_3D('',#5108,#4110,#4111);
#3367=AXIS2_PLACEMENT_3D('',#5112,#4113,#4114);
#3368=AXIS2_PLACEMENT_3D('',#5113,#4115,#4116);
#3369=AXIS2_PLACEMENT_3D('',#5114,#4117,#4118);
#3370=AXIS2_PLACEMENT_3D('',#5115,#4119,#4120);
#3371=AXIS2_PLACEMENT_3D('',#5116,#4121,#4122);
#3372=AXIS2_PLACEMENT_3D('',#5118,#4124,#4125);
#3373=AXIS2_PLACEMENT_3D('',#5129,#4132,#4133);
#3374=AXIS2_PLACEMENT_3D('',#5130,#4134,#4135);
#3375=AXIS2_PLACEMENT_3D('',#5132,#4137,#4138);
#3376=AXIS2_PLACEMENT_3D('',#5137,#4139,#4140);
#3377=AXIS2_PLACEMENT_3D('',#5138,#4141,#4142);
#3378=AXIS2_PLACEMENT_3D('',#5141,#4145,#4146);
#3379=AXIS2_PLACEMENT_3D('',#5146,#4147,#4148);
#3380=AXIS2_PLACEMENT_3D('',#5148,#4150,#4151);
#3381=AXIS2_PLACEMENT_3D('',#5149,#4152,#4153);
#3382=AXIS2_PLACEMENT_3D('',#5150,#4154,#4155);
#3383=AXIS2_PLACEMENT_3D('',#5152,#4156,#4157);
#3384=AXIS2_PLACEMENT_3D('',#5154,#4158,#4159);
#3385=AXIS2_PLACEMENT_3D('',#5155,#4160,#4161);
#3386=AXIS2_PLACEMENT_3D('',#5157,#4162,#4163);
#3387=AXIS2_PLACEMENT_3D('',#5158,#4164,#4165);
#3388=AXIS2_PLACEMENT_3D('',#5159,#4166,#4167);
#3389=AXIS2_PLACEMENT_3D('',#5161,#4168,#4169);
#3390=AXIS2_PLACEMENT_3D('',#5163,#4170,#4171);
#3391=AXIS2_PLACEMENT_3D('',#5164,#4172,#4173);
#3392=AXIS2_PLACEMENT_3D('',#5166,#4174,#4175);
#3393=AXIS2_PLACEMENT_3D('',#5167,#4176,#4177);
#3394=AXIS2_PLACEMENT_3D('',#5168,#4178,#4179);
#3395=AXIS2_PLACEMENT_3D('',#5169,#4180,#4181);
#3396=AXIS2_PLACEMENT_3D('',#5170,#4182,#4183);
#3397=AXIS2_PLACEMENT_3D('',#5171,#4184,#4185);
#3398=AXIS2_PLACEMENT_3D('',#5172,#4186,#4187);
#3399=AXIS2_PLACEMENT_3D('',#5173,#4188,#4189);
#3400=AXIS2_PLACEMENT_3D('',#5174,#4190,#4191);
#3401=AXIS2_PLACEMENT_3D('',#5175,#4192,#4193);
#3402=AXIS2_PLACEMENT_3D('',#5176,#4194,#4195);
#3403=AXIS2_PLACEMENT_3D('',#5177,#4196,#4197);
#3404=AXIS2_PLACEMENT_3D('',#5178,#4198,#4199);
#3405=AXIS2_PLACEMENT_3D('',#5179,#4200,#4201);
#3406=AXIS2_PLACEMENT_3D('',#5180,#4202,#4203);
#3407=AXIS2_PLACEMENT_3D('',#5181,#4204,#4205);
#3408=AXIS2_PLACEMENT_3D('',#5187,#4209,#4210);
#3409=AXIS2_PLACEMENT_3D('',#5190,#4212,#4213);
#3410=AXIS2_PLACEMENT_3D('',#5191,#4214,#4215);
#3411=AXIS2_PLACEMENT_3D('',#5195,#4218,#4219);
#3412=AXIS2_PLACEMENT_3D('',#5196,#4220,#4221);
#3413=AXIS2_PLACEMENT_3D('',#5197,#4222,#4223);
#3414=AXIS2_PLACEMENT_3D('',#5198,#4224,#4225);
#3415=AXIS2_PLACEMENT_3D('',#5201,#4227,#4228);
#3416=AXIS2_PLACEMENT_3D('',#5204,#4230,#4231);
#3417=AXIS2_PLACEMENT_3D('',#5208,#4234,#4235);
#3418=AXIS2_PLACEMENT_3D('',#5211,#4237,#4238);
#3419=AXIS2_PLACEMENT_3D('',#5212,#4239,#4240);
#3420=AXIS2_PLACEMENT_3D('',#5214,#4242,#4243);
#3421=AXIS2_PLACEMENT_3D('',#5215,#4244,#4245);
#3422=AXIS2_PLACEMENT_3D('',#5218,#4248,#4249);
#3423=AXIS2_PLACEMENT_3D('',#5220,#4251,#4252);
#3424=AXIS2_PLACEMENT_3D('',#5221,#4253,#4254);
#3425=AXIS2_PLACEMENT_3D('',#5223,#4255,#4256);
#3426=AXIS2_PLACEMENT_3D('',#5226,#4258,#4259);
#3427=AXIS2_PLACEMENT_3D('',#5227,#4260,#4261);
#3428=AXIS2_PLACEMENT_3D('',#5228,#4262,#4263);
#3429=AXIS2_PLACEMENT_3D('',#5229,#4264,#4265);
#3430=AXIS2_PLACEMENT_3D('',#5230,#4266,#4267);
#3431=AXIS2_PLACEMENT_3D('',#5231,#4268,#4269);
#3432=AXIS2_PLACEMENT_3D('',#5233,#4270,#4271);
#3433=AXIS2_PLACEMENT_3D('',#5234,#4272,#4273);
#3434=AXIS2_PLACEMENT_3D('',#5235,#4274,#4275);
#3435=AXIS2_PLACEMENT_3D('',#5236,#4276,#4277);
#3436=AXIS2_PLACEMENT_3D('',#5237,#4278,#4279);
#3437=AXIS2_PLACEMENT_3D('',#5239,#4280,#4281);
#3438=AXIS2_PLACEMENT_3D('',#5240,#4282,#4283);
#3439=AXIS2_PLACEMENT_3D('',#5241,#4284,#4285);
#3440=AXIS2_PLACEMENT_3D('',#5244,#4288,#4289);
#3441=AXIS2_PLACEMENT_3D('',#5246,#4291,#4292);
#3442=AXIS2_PLACEMENT_3D('',#5248,#4294,#4295);
#3443=AXIS2_PLACEMENT_3D('',#5249,#4296,#4297);
#3444=AXIS2_PLACEMENT_3D('',#5252,#4300,#4301);
#3445=AXIS2_PLACEMENT_3D('',#5254,#4303,#4304);
#3446=AXIS2_PLACEMENT_3D('',#5256,#4306,#4307);
#3447=AXIS2_PLACEMENT_3D('',#5257,#4308,#4309);
#3448=AXIS2_PLACEMENT_3D('',#5258,#4310,#4311);
#3449=AXIS2_PLACEMENT_3D('',#5259,#4312,#4313);
#3450=AXIS2_PLACEMENT_3D('',#5262,#4316,#4317);
#3451=AXIS2_PLACEMENT_3D('',#5264,#4319,#4320);
#3452=AXIS2_PLACEMENT_3D('',#5266,#4322,#4323);
#3453=AXIS2_PLACEMENT_3D('',#5268,#4325,#4326);
#3454=AXIS2_PLACEMENT_3D('',#5270,#4328,#4329);
#3455=AXIS2_PLACEMENT_3D('',#5272,#4331,#4332);
#3456=AXIS2_PLACEMENT_3D('',#5274,#4334,#4335);
#3457=AXIS2_PLACEMENT_3D('',#5276,#4337,#4338);
#3458=AXIS2_PLACEMENT_3D('',#5281,#4339,#4340);
#3459=AXIS2_PLACEMENT_3D('',#5283,#4342,#4343);
#3460=AXIS2_PLACEMENT_3D('',#5285,#4345,#4346);
#3461=AXIS2_PLACEMENT_3D('',#5290,#4347,#4348);
#3462=AXIS2_PLACEMENT_3D('',#5292,#4350,#4351);
#3463=AXIS2_PLACEMENT_3D('',#5297,#4352,#4353);
#3464=AXIS2_PLACEMENT_3D('',#5299,#4355,#4356);
#3465=AXIS2_PLACEMENT_3D('',#5301,#4358,#4359);
#3466=AXIS2_PLACEMENT_3D('',#5303,#4361,#4362);
#3467=AXIS2_PLACEMENT_3D('',#5305,#4364,#4365);
#3468=AXIS2_PLACEMENT_3D('',#5306,#4366,#4367);
#3469=AXIS2_PLACEMENT_3D('',#5309,#4370,#4371);
#3470=AXIS2_PLACEMENT_3D('',#5311,#4373,#4374);
#3471=AXIS2_PLACEMENT_3D('',#5313,#4376,#4377);
#3472=AXIS2_PLACEMENT_3D('',#5315,#4379,#4380);
#3473=AXIS2_PLACEMENT_3D('',#5317,#4382,#4383);
#3474=AXIS2_PLACEMENT_3D('',#5319,#4385,#4386);
#3475=AXIS2_PLACEMENT_3D('',#5321,#4388,#4389);
#3476=AXIS2_PLACEMENT_3D('',#5323,#4391,#4392);
#3477=AXIS2_PLACEMENT_3D('',#5325,#4394,#4395);
#3478=AXIS2_PLACEMENT_3D('',#5327,#4397,#4398);
#3479=AXIS2_PLACEMENT_3D('',#5332,#4399,#4400);
#3480=AXIS2_PLACEMENT_3D('',#5334,#4402,#4403);
#3481=AXIS2_PLACEMENT_3D('',#5339,#4404,#4405);
#3482=AXIS2_PLACEMENT_3D('',#5341,#4407,#4408);
#3483=AXIS2_PLACEMENT_3D('',#5343,#4410,#4411);
#3484=AXIS2_PLACEMENT_3D('',#5348,#4412,#4413);
#3485=AXIS2_PLACEMENT_3D('',#5350,#4415,#4416);
#3486=AXIS2_PLACEMENT_3D('',#5355,#4417,#4418);
#3487=AXIS2_PLACEMENT_3D('',#5356,#4419,#4420);
#3488=AXIS2_PLACEMENT_3D('',#5359,#4423,#4424);
#3489=AXIS2_PLACEMENT_3D('',#5364,#4425,#4426);
#3490=AXIS2_PLACEMENT_3D('',#5366,#4428,#4429);
#3491=AXIS2_PLACEMENT_3D('',#5367,#4430,#4431);
#3492=AXIS2_PLACEMENT_3D('',#5368,#4432,#4433);
#3493=AXIS2_PLACEMENT_3D('',#5370,#4434,#4435);
#3494=AXIS2_PLACEMENT_3D('',#5372,#4436,#4437);
#3495=AXIS2_PLACEMENT_3D('',#5373,#4438,#4439);
#3496=DIRECTION('',(0.,0.,1.));
#3497=DIRECTION('',(1.,0.,0.));
#3498=DIRECTION('',(0.,0.,1.));
#3499=DIRECTION('',(1.,0.,0.));
#3500=DIRECTION('',(0.,0.,-1.));
#3501=DIRECTION('',(-1.,0.,0.));
#3502=DIRECTION('',(0.,0.,1.));
#3503=DIRECTION('',(1.,0.,0.));
#3504=DIRECTION('',(-1.,1.22464679914735E-16,0.));
#3505=DIRECTION('',(1.22464679914735E-16,1.,0.));
#3506=DIRECTION('',(1.22464679914735E-16,1.,0.));
#3507=DIRECTION('',(0.,0.,1.));
#3508=DIRECTION('',(0.,0.,1.));
#3509=DIRECTION('',(1.22464679914735E-16,1.,0.));
#3510=DIRECTION('',(0.,0.,-1.));
#3511=DIRECTION('',(-1.,1.22464679914735E-16,0.));
#3512=DIRECTION('',(1.22464679914735E-16,1.,0.));
#3513=DIRECTION('',(1.22464679914735E-16,1.,0.));
#3514=DIRECTION('',(1.22464679914735E-16,1.,0.));
#3515=DIRECTION('',(0.,0.,-1.));
#3516=DIRECTION('',(0.,0.,-1.));
#3517=DIRECTION('',(1.,0.,0.));
#3518=DIRECTION('',(0.,-1.,0.));
#3519=DIRECTION('',(0.,-1.,0.));
#3520=DIRECTION('',(0.,0.,-1.));
#3521=DIRECTION('',(0.,-1.,0.));
#3522=DIRECTION('',(0.,0.,-1.));
#3523=DIRECTION('',(0.,0.,-1.));
#3524=DIRECTION('',(1.,0.,0.));
#3525=DIRECTION('',(0.,-1.,0.));
#3526=DIRECTION('',(0.,-1.,0.));
#3527=DIRECTION('',(0.,0.,1.));
#3528=DIRECTION('',(0.,0.,1.));
#3529=DIRECTION('',(0.,-1.,0.));
#3530=DIRECTION('',(-1.83697019872103E-16,-1.,0.));
#3531=DIRECTION('',(-1.,1.83697019872103E-16,0.));
#3532=DIRECTION('',(-1.,1.83697019872103E-16,0.));
#3533=DIRECTION('',(0.,0.,-1.));
#3534=DIRECTION('',(-1.,1.83697019872103E-16,0.));
#3535=DIRECTION('',(-1.,1.22464679914735E-16,0.));
#3536=DIRECTION('',(1.22464679914735E-16,1.,0.));
#3537=DIRECTION('',(-1.22464679914735E-16,-1.,0.));
#3538=DIRECTION('',(-1.22464679914735E-16,-1.,0.));
#3539=DIRECTION('',(0.,0.,1.));
#3540=DIRECTION('',(1.,0.,0.));
#3541=DIRECTION('',(0.,-1.,0.));
#3542=DIRECTION('',(0.,1.,0.));
#3543=DIRECTION('',(0.,0.,1.));
#3544=DIRECTION('',(0.,1.,0.));
#3545=DIRECTION('',(-1.83697019872103E-16,-1.,0.));
#3546=DIRECTION('',(-1.,1.83697019872103E-16,0.));
#3547=DIRECTION('',(-1.,1.83697019872103E-16,0.));
#3548=DIRECTION('',(-1.,1.83697019872103E-16,0.));
#3549=DIRECTION('',(6.12323399573677E-17,1.,0.));
#3550=DIRECTION('',(1.,-6.12323399573677E-17,0.));
#3551=DIRECTION('',(1.,-6.12323399573677E-17,0.));
#3552=DIRECTION('',(0.,0.,-1.));
#3553=DIRECTION('',(1.,-6.12323399573677E-17,0.));
#3554=DIRECTION('',(1.,0.,0.));
#3555=DIRECTION('',(0.,-1.,0.));
#3556=DIRECTION('',(0.,1.,0.));
#3557=DIRECTION('',(0.,1.,0.));
#3558=DIRECTION('',(0.,0.,1.));
#3559=DIRECTION('',(-1.,1.22464679914735E-16,0.));
#3560=DIRECTION('',(1.22464679914735E-16,1.,0.));
#3561=DIRECTION('',(-1.22464679914735E-16,-1.,0.));
#3562=DIRECTION('',(0.,0.,1.));
#3563=DIRECTION('',(-1.22464679914735E-16,-1.,0.));
#3564=DIRECTION('',(6.12323399573677E-17,1.,0.));
#3565=DIRECTION('',(1.,-6.12323399573677E-17,0.));
#3566=DIRECTION('',(1.,-6.12323399573677E-17,0.));
#3567=DIRECTION('',(1.,-6.12323399573677E-17,0.));
#3568=DIRECTION('',(0.,0.,-1.));
#3569=DIRECTION('',(-1.,0.,0.));
#3570=DIRECTION('',(-1.,0.,0.));
#3571=DIRECTION('',(0.,0.,-1.));
#3572=DIRECTION('',(-1.,0.,0.));
#3573=DIRECTION('',(-1.,0.,0.));
#3574=DIRECTION('',(0.,0.,-1.));
#3575=DIRECTION('',(-1.,0.,0.));
#3576=DIRECTION('',(0.,0.,-1.));
#3577=DIRECTION('',(-1.,0.,0.));
#3578=DIRECTION('',(-1.,0.,0.));
#3579=DIRECTION('',(-1.,0.,0.));
#3580=DIRECTION('',(0.,0.,-1.));
#3581=DIRECTION('',(-1.,0.,0.));
#3582=DIRECTION('',(0.,0.,1.));
#3583=DIRECTION('',(1.,0.,0.));
#3584=DIRECTION('',(0.,0.,-1.));
#3585=DIRECTION('',(-1.,0.,0.));
#3586=DIRECTION('',(0.,0.,1.));
#3587=DIRECTION('',(1.,0.,0.));
#3588=DIRECTION('',(0.,0.,-1.));
#3589=DIRECTION('',(-1.,0.,0.));
#3590=DIRECTION('',(0.,0.,-1.));
#3591=DIRECTION('',(-1.,0.,0.));
#3592=DIRECTION('',(0.,0.,-1.));
#3593=DIRECTION('',(-1.,0.,0.));
#3594=DIRECTION('',(0.,0.,-1.));
#3595=DIRECTION('',(-1.,0.,0.));
#3596=DIRECTION('',(0.,0.,-1.));
#3597=DIRECTION('',(-1.,0.,0.));
#3598=DIRECTION('',(0.,0.,1.));
#3599=DIRECTION('',(1.,0.,0.));
#3600=DIRECTION('',(0.,0.,-1.));
#3601=DIRECTION('',(-1.,0.,0.));
#3602=DIRECTION('',(0.,0.,-1.));
#3603=DIRECTION('',(-1.,0.,0.));
#3604=DIRECTION('',(0.,0.,-1.));
#3605=DIRECTION('',(-1.,0.,0.));
#3606=DIRECTION('',(0.,0.,-1.));
#3607=DIRECTION('',(-1.,0.,0.));
#3608=DIRECTION('',(0.,0.,-1.));
#3609=DIRECTION('',(-1.,0.,0.));
#3610=DIRECTION('',(0.,0.,1.));
#3611=DIRECTION('',(1.,0.,0.));
#3612=DIRECTION('',(0.,0.,-1.));
#3613=DIRECTION('',(-1.,0.,0.));
#3614=DIRECTION('',(0.,0.,-1.));
#3615=DIRECTION('',(-1.,0.,0.));
#3616=DIRECTION('',(-1.,1.22464679914735E-16,0.));
#3617=DIRECTION('',(1.22464679914735E-16,1.,0.));
#3618=DIRECTION('',(1.22464679914735E-16,1.,0.));
#3619=DIRECTION('',(0.,0.,1.));
#3620=DIRECTION('',(0.,0.,1.));
#3621=DIRECTION('',(1.22464679914735E-16,1.,0.));
#3622=DIRECTION('',(0.,0.,-1.));
#3623=DIRECTION('',(-1.,1.22464679914735E-16,0.));
#3624=DIRECTION('',(1.22464679914735E-16,1.,0.));
#3625=DIRECTION('',(1.22464679914735E-16,1.,0.));
#3626=DIRECTION('',(1.22464679914735E-16,1.,0.));
#3627=DIRECTION('',(0.,0.,-1.));
#3628=DIRECTION('',(0.,0.,-1.));
#3629=DIRECTION('',(1.,0.,0.));
#3630=DIRECTION('',(0.,-1.,0.));
#3631=DIRECTION('',(0.,-1.,0.));
#3632=DIRECTION('',(0.,0.,-1.));
#3633=DIRECTION('',(0.,-1.,0.));
#3634=DIRECTION('',(0.,0.,-1.));
#3635=DIRECTION('',(0.,0.,-1.));
#3636=DIRECTION('',(1.,0.,0.));
#3637=DIRECTION('',(0.,-1.,0.));
#3638=DIRECTION('',(0.,-1.,0.));
#3639=DIRECTION('',(0.,0.,1.));
#3640=DIRECTION('',(0.,0.,1.));
#3641=DIRECTION('',(0.,-1.,0.));
#3642=DIRECTION('',(-1.83697019872103E-16,-1.,0.));
#3643=DIRECTION('',(-1.,1.83697019872103E-16,0.));
#3644=DIRECTION('',(-1.,1.83697019872103E-16,0.));
#3645=DIRECTION('',(0.,0.,-1.));
#3646=DIRECTION('',(-1.,1.83697019872103E-16,0.));
#3647=DIRECTION('',(-1.,1.22464679914735E-16,0.));
#3648=DIRECTION('',(1.22464679914735E-16,1.,0.));
#3649=DIRECTION('',(-1.22464679914735E-16,-1.,0.));
#3650=DIRECTION('',(-1.22464679914735E-16,-1.,0.));
#3651=DIRECTION('',(0.,0.,1.));
#3652=DIRECTION('',(1.,0.,0.));
#3653=DIRECTION('',(0.,-1.,0.));
#3654=DIRECTION('',(0.,1.,0.));
#3655=DIRECTION('',(0.,0.,1.));
#3656=DIRECTION('',(0.,1.,0.));
#3657=DIRECTION('',(-1.83697019872103E-16,-1.,0.));
#3658=DIRECTION('',(-1.,1.83697019872103E-16,0.));
#3659=DIRECTION('',(-1.,1.83697019872103E-16,0.));
#3660=DIRECTION('',(-1.,1.83697019872103E-16,0.));
#3661=DIRECTION('',(6.12323399573677E-17,1.,0.));
#3662=DIRECTION('',(1.,-6.12323399573677E-17,0.));
#3663=DIRECTION('',(1.,-6.12323399573677E-17,0.));
#3664=DIRECTION('',(0.,0.,-1.));
#3665=DIRECTION('',(1.,-6.12323399573677E-17,0.));
#3666=DIRECTION('',(1.,0.,0.));
#3667=DIRECTION('',(0.,-1.,0.));
#3668=DIRECTION('',(0.,1.,0.));
#3669=DIRECTION('',(0.,1.,0.));
#3670=DIRECTION('',(0.,0.,1.));
#3671=DIRECTION('',(-1.,1.22464679914735E-16,0.));
#3672=DIRECTION('',(1.22464679914735E-16,1.,0.));
#3673=DIRECTION('',(-1.22464679914735E-16,-1.,0.));
#3674=DIRECTION('',(0.,0.,1.));
#3675=DIRECTION('',(-1.22464679914735E-16,-1.,0.));
#3676=DIRECTION('',(6.12323399573677E-17,1.,0.));
#3677=DIRECTION('',(1.,-6.12323399573677E-17,0.));
#3678=DIRECTION('',(1.,-6.12323399573677E-17,0.));
#3679=DIRECTION('',(1.,-6.12323399573677E-17,0.));
#3680=DIRECTION('',(0.,0.,-1.));
#3681=DIRECTION('',(-1.,0.,0.));
#3682=DIRECTION('',(-1.,0.,0.));
#3683=DIRECTION('',(0.,0.,-1.));
#3684=DIRECTION('',(-1.,0.,0.));
#3685=DIRECTION('',(-1.,0.,0.));
#3686=DIRECTION('',(0.,0.,-1.));
#3687=DIRECTION('',(-1.,0.,0.));
#3688=DIRECTION('',(0.,0.,-1.));
#3689=DIRECTION('',(-1.,0.,0.));
#3690=DIRECTION('',(-1.,0.,0.));
#3691=DIRECTION('',(-1.,0.,0.));
#3692=DIRECTION('',(0.,0.,-1.));
#3693=DIRECTION('',(-1.,0.,0.));
#3694=DIRECTION('',(0.,0.,1.));
#3695=DIRECTION('',(1.,0.,0.));
#3696=DIRECTION('',(0.,0.,-1.));
#3697=DIRECTION('',(-1.,0.,0.));
#3698=DIRECTION('',(0.,0.,1.));
#3699=DIRECTION('',(1.,0.,0.));
#3700=DIRECTION('',(0.,0.,-1.));
#3701=DIRECTION('',(-1.,0.,0.));
#3702=DIRECTION('',(0.,0.,-1.));
#3703=DIRECTION('',(-1.,0.,0.));
#3704=DIRECTION('',(0.,0.,-1.));
#3705=DIRECTION('',(-1.,0.,0.));
#3706=DIRECTION('',(0.,0.,-1.));
#3707=DIRECTION('',(-1.,0.,0.));
#3708=DIRECTION('',(0.,0.,-1.));
#3709=DIRECTION('',(-1.,0.,0.));
#3710=DIRECTION('',(0.,0.,1.));
#3711=DIRECTION('',(1.,0.,0.));
#3712=DIRECTION('',(0.,0.,-1.));
#3713=DIRECTION('',(-1.,0.,0.));
#3714=DIRECTION('',(0.,0.,-1.));
#3715=DIRECTION('',(-1.,0.,0.));
#3716=DIRECTION('',(0.,0.,-1.));
#3717=DIRECTION('',(-1.,0.,0.));
#3718=DIRECTION('',(0.,0.,-1.));
#3719=DIRECTION('',(-1.,0.,0.));
#3720=DIRECTION('',(0.,0.,-1.));
#3721=DIRECTION('',(-1.,0.,0.));
#3722=DIRECTION('',(0.,0.,1.));
#3723=DIRECTION('',(1.,0.,0.));
#3724=DIRECTION('',(0.,0.,-1.));
#3725=DIRECTION('',(-1.,0.,0.));
#3726=DIRECTION('',(0.,0.,-1.));
#3727=DIRECTION('',(-1.,0.,0.));
#3728=DIRECTION('',(-1.,0.,0.));
#3729=DIRECTION('',(0.,-1.,0.));
#3730=DIRECTION('',(0.,0.,1.));
#3731=DIRECTION('',(0.,-1.,0.));
#3732=DIRECTION('',(0.,0.,1.));
#3733=DIRECTION('',(0.,-1.,0.));
#3734=DIRECTION('',(0.,0.,1.));
#3735=DIRECTION('',(0.,-1.,0.));
#3736=DIRECTION('',(0.,0.,-1.));
#3737=DIRECTION('',(0.,-1.,0.));
#3738=DIRECTION('',(0.,0.,1.));
#3739=DIRECTION('',(0.,-1.,0.));
#3740=DIRECTION('',(0.,0.,1.));
#3741=DIRECTION('',(0.,0.,-1.));
#3742=DIRECTION('',(-1.,0.,0.));
#3743=DIRECTION('',(0.,0.,-1.));
#3744=DIRECTION('',(-1.,0.,0.));
#3745=DIRECTION('',(0.,0.,1.));
#3746=DIRECTION('',(0.,0.,-1.));
#3747=DIRECTION('',(-1.,0.,0.));
#3748=DIRECTION('',(0.,0.,-1.));
#3749=DIRECTION('',(0.,1.,0.));
#3750=DIRECTION('',(0.,0.,-1.));
#3751=DIRECTION('',(1.,0.,0.));
#3752=DIRECTION('',(0.,0.,-1.));
#3753=DIRECTION('',(-1.,0.,0.));
#3754=DIRECTION('',(0.,0.,-1.));
#3755=DIRECTION('',(0.,1.,0.));
#3756=DIRECTION('',(0.,0.,-1.));
#3757=DIRECTION('',(0.,1.,0.));
#3758=DIRECTION('',(0.,0.,-1.));
#3759=DIRECTION('',(0.,1.,0.));
#3760=DIRECTION('',(0.,-1.,0.));
#3761=DIRECTION('',(0.,0.,-1.));
#3762=DIRECTION('',(0.,1.,0.));
#3763=DIRECTION('',(0.,1.,0.));
#3764=DIRECTION('',(0.,0.,-1.));
#3765=DIRECTION('',(0.,1.,0.));
#3766=DIRECTION('',(0.,1.,0.));
#3767=DIRECTION('',(0.,0.,-1.));
#3768=DIRECTION('',(0.,1.,0.));
#3769=DIRECTION('',(-1.,0.,0.));
#3770=DIRECTION('',(0.,-1.,0.));
#3771=DIRECTION('',(1.,0.,0.));
#3772=DIRECTION('',(0.,1.,0.));
#3773=DIRECTION('',(-1.,0.,0.));
#3774=DIRECTION('',(0.,0.,-1.));
#3775=DIRECTION('',(0.,1.,0.));
#3776=DIRECTION('',(0.,-1.,0.));
#3777=DIRECTION('',(0.,0.,-1.));
#3778=DIRECTION('',(0.,1.,0.));
#3779=DIRECTION('',(0.,0.,-1.));
#3780=DIRECTION('',(0.,1.,0.));
#3781=DIRECTION('',(1.,0.,0.));
#3782=DIRECTION('',(0.,0.,-1.));
#3783=DIRECTION('',(0.,1.,0.));
#3784=DIRECTION('',(0.,1.,0.));
#3785=DIRECTION('',(0.,0.,-1.));
#3786=DIRECTION('',(0.,1.,0.));
#3787=DIRECTION('',(0.,0.,-1.));
#3788=DIRECTION('',(0.,1.,0.));
#3789=DIRECTION('',(-0.178571530879083,-0.983926932429182,0.));
#3790=DIRECTION('',(0.,0.,-1.));
#3791=DIRECTION('',(0.,1.,0.));
#3792=DIRECTION('',(1.,0.,0.));
#3793=DIRECTION('',(0.,0.,-1.));
#3794=DIRECTION('',(0.,1.,0.));
#3795=DIRECTION('',(0.,-1.,0.));
#3796=DIRECTION('',(0.,0.,-1.));
#3797=DIRECTION('',(0.,1.,0.));
#3798=DIRECTION('',(-1.,0.,0.));
#3799=DIRECTION('',(0.,0.,-1.));
#3800=DIRECTION('',(0.,1.,0.));
#3801=DIRECTION('',(0.,1.,0.));
#3802=DIRECTION('',(0.,0.,-1.));
#3803=DIRECTION('',(0.,1.,0.));
#3804=DIRECTION('',(0.,0.,-1.));
#3805=DIRECTION('',(0.,1.,0.));
#3806=DIRECTION('',(0.,0.,-1.));
#3807=DIRECTION('',(0.,1.,0.));
#3808=DIRECTION('',(0.,1.,0.));
#3809=DIRECTION('',(0.,0.,-1.));
#3810=DIRECTION('',(0.,1.,0.));
#3811=DIRECTION('',(0.000349681267465807,-0.999999938861504,0.));
#3812=DIRECTION('',(0.,0.,-1.));
#3813=DIRECTION('',(0.,1.,0.));
#3814=DIRECTION('',(0.,0.,-1.));
#3815=DIRECTION('',(0.,1.,0.));
#3816=DIRECTION('',(-0.178571530915554,0.983926932422563,0.));
#3817=DIRECTION('',(0.,0.,-1.));
#3818=DIRECTION('',(0.,1.,0.));
#3819=DIRECTION('',(0.,-1.,0.));
#3820=DIRECTION('',(0.,0.,1.));
#3821=DIRECTION('',(1.,0.,0.));
#3822=DIRECTION('',(0.,-1.,0.));
#3823=DIRECTION('',(0.,0.,1.));
#3824=DIRECTION('',(1.,0.,0.));
#3825=DIRECTION('',(0.,-1.,0.));
#3826=DIRECTION('',(0.,0.,-1.));
#3827=DIRECTION('',(1.,0.,0.));
#3828=DIRECTION('',(0.,-1.,0.));
#3829=DIRECTION('',(0.,0.,-1.));
#3830=DIRECTION('',(1.,0.,0.));
#3831=DIRECTION('',(-1.,0.,0.));
#3832=DIRECTION('',(0.,0.,1.));
#3833=DIRECTION('',(0.,0.,1.));
#3834=DIRECTION('',(0.,-1.,0.));
#3835=DIRECTION('',(0.,0.,1.));
#3836=DIRECTION('',(0.,-1.,0.));
#3837=DIRECTION('',(0.,0.,1.));
#3838=DIRECTION('',(1.,0.,0.));
#3839=DIRECTION('',(0.,0.,1.));
#3840=DIRECTION('',(0.,0.,-1.));
#3841=DIRECTION('',(-1.,0.,0.));
#3842=DIRECTION('',(0.,0.,1.));
#3843=DIRECTION('',(1.,0.,0.));
#3844=DIRECTION('',(-1.,0.,0.));
#3845=DIRECTION('',(0.,0.,1.));
#3846=DIRECTION('',(0.,0.,1.));
#3847=DIRECTION('',(0.,1.,0.));
#3848=DIRECTION('',(0.,-1.,0.));
#3849=DIRECTION('',(0.,0.,1.));
#3850=DIRECTION('',(1.,0.,0.));
#3851=DIRECTION('',(0.,0.,-1.));
#3852=DIRECTION('',(-1.,0.,0.));
#3853=DIRECTION('',(0.,0.,1.));
#3854=DIRECTION('',(1.,0.,0.));
#3855=DIRECTION('',(-1.,0.,0.));
#3856=DIRECTION('',(0.,0.,1.));
#3857=DIRECTION('',(0.,0.,1.));
#3858=DIRECTION('',(0.,-1.,0.));
#3859=DIRECTION('',(0.,0.,1.));
#3860=DIRECTION('',(0.,-1.,0.));
#3861=DIRECTION('',(0.,0.,1.));
#3862=DIRECTION('',(1.,0.,0.));
#3863=DIRECTION('',(0.,0.,1.));
#3864=DIRECTION('',(0.,0.,-1.));
#3865=DIRECTION('',(-1.,0.,0.));
#3866=DIRECTION('',(0.,0.,-1.));
#3867=DIRECTION('',(1.,0.,0.));
#3868=DIRECTION('',(-1.,0.,0.));
#3869=DIRECTION('',(0.,0.,1.));
#3870=DIRECTION('',(0.,0.,1.));
#3871=DIRECTION('',(0.,1.,0.));
#3872=DIRECTION('',(0.,-1.,0.));
#3873=DIRECTION('',(0.,0.,1.));
#3874=DIRECTION('',(1.,0.,0.));
#3875=DIRECTION('',(0.,0.,-1.));
#3876=DIRECTION('',(-1.,0.,0.));
#3877=DIRECTION('',(0.,0.,-1.));
#3878=DIRECTION('',(1.,0.,0.));
#3879=DIRECTION('',(0.,0.,-1.));
#3880=DIRECTION('',(1.,0.,0.));
#3881=DIRECTION('',(0.,0.,-1.));
#3882=DIRECTION('',(-1.,0.,0.));
#3883=DIRECTION('',(0.,1.,0.));
#3884=DIRECTION('',(0.,0.,-1.));
#3885=DIRECTION('',(-1.,0.,0.));
#3886=DIRECTION('',(0.,-1.,0.));
#3887=DIRECTION('',(0.,0.,-1.));
#3888=DIRECTION('',(-1.,0.,0.));
#3889=DIRECTION('',(0.178571530915554,-0.983926932422563,0.));
#3890=DIRECTION('',(0.,0.,-1.));
#3891=DIRECTION('',(-1.,0.,0.));
#3892=DIRECTION('',(0.,0.,-1.));
#3893=DIRECTION('',(-1.,0.,0.));
#3894=DIRECTION('',(-0.000349681267465807,0.999999938861504,0.));
#3895=DIRECTION('',(0.,0.,-1.));
#3896=DIRECTION('',(-1.,0.,0.));
#3897=DIRECTION('',(0.,-1.,0.));
#3898=DIRECTION('',(0.,0.,-1.));
#3899=DIRECTION('',(-1.,0.,0.));
#3900=DIRECTION('',(0.,0.,-1.));
#3901=DIRECTION('',(-1.,0.,0.));
#3902=DIRECTION('',(0.,0.,-1.));
#3903=DIRECTION('',(-1.,0.,0.));
#3904=DIRECTION('',(0.,1.,0.));
#3905=DIRECTION('',(0.,0.,-1.));
#3906=DIRECTION('',(-1.,0.,0.));
#3907=DIRECTION('',(-1.,0.,0.));
#3908=DIRECTION('',(0.,0.,-1.));
#3909=DIRECTION('',(-1.,0.,0.));
#3910=DIRECTION('',(0.,-1.,0.));
#3911=DIRECTION('',(0.,0.,-1.));
#3912=DIRECTION('',(-1.,0.,0.));
#3913=DIRECTION('',(1.,0.,0.));
#3914=DIRECTION('',(0.,0.,-1.));
#3915=DIRECTION('',(-1.,0.,0.));
#3916=DIRECTION('',(-0.178571530879083,-0.983926932429182,0.));
#3917=DIRECTION('',(-1.,0.,0.));
#3918=DIRECTION('',(0.,0.,-1.));
#3919=DIRECTION('',(-1.,0.,0.));
#3920=DIRECTION('',(0.,1.,0.));
#3921=DIRECTION('',(0.,0.,-1.));
#3922=DIRECTION('',(-1.,0.,0.));
#3923=DIRECTION('',(0.,0.,-1.));
#3924=DIRECTION('',(-1.,0.,0.));
#3925=DIRECTION('',(0.,1.,0.));
#3926=DIRECTION('',(0.,0.,-1.));
#3927=DIRECTION('',(-1.,0.,0.));
#3928=DIRECTION('',(1.,0.,0.));
#3929=DIRECTION('',(0.,-1.,0.));
#3930=DIRECTION('',(1.,0.,0.));
#3931=DIRECTION('',(0.,1.,0.));
#3932=DIRECTION('',(1.,0.,0.));
#3933=DIRECTION('',(0.,0.,-1.));
#3934=DIRECTION('',(-1.,0.,0.));
#3935=DIRECTION('',(0.,-1.,0.));
#3936=DIRECTION('',(0.,0.,-1.));
#3937=DIRECTION('',(-1.,0.,0.));
#3938=DIRECTION('',(0.,0.,-1.));
#3939=DIRECTION('',(-1.,0.,0.));
#3940=DIRECTION('',(0.,0.,-1.));
#3941=DIRECTION('',(-1.,0.,0.));
#3942=DIRECTION('',(0.,-1.,0.));
#3943=DIRECTION('',(0.,0.,-1.));
#3944=DIRECTION('',(-1.,0.,0.));
#3945=DIRECTION('',(0.,0.,-1.));
#3946=DIRECTION('',(-1.,0.,0.));
#3947=DIRECTION('',(0.,0.,-1.));
#3948=DIRECTION('',(-1.,0.,0.));
#3949=DIRECTION('',(0.,0.,-1.));
#3950=DIRECTION('',(-1.,0.,0.));
#3951=DIRECTION('',(0.,-1.,0.));
#3952=DIRECTION('',(0.,0.,-1.));
#3953=DIRECTION('',(-1.,0.,0.));
#3954=DIRECTION('',(0.,1.,0.));
#3955=DIRECTION('',(0.,0.,-1.));
#3956=DIRECTION('',(-1.,0.,0.));
#3957=DIRECTION('',(0.,-1.,0.));
#3958=DIRECTION('',(0.,0.,-1.));
#3959=DIRECTION('',(-1.,0.,0.));
#3960=DIRECTION('',(0.,1.,0.));
#3961=DIRECTION('',(0.,0.,-1.));
#3962=DIRECTION('',(-1.,0.,0.));
#3963=DIRECTION('',(0.,0.,-1.));
#3964=DIRECTION('',(-1.,0.,0.));
#3965=DIRECTION('',(0.983926932422563,0.178571530915554,0.));
#3966=DIRECTION('',(-0.178571530915554,0.983926932422563,0.));
#3967=DIRECTION('',(0.,0.,-1.));
#3968=DIRECTION('',(-0.178571530915554,0.983926932422563,0.));
#3969=DIRECTION('',(0.,0.,1.));
#3970=DIRECTION('',(0.,0.,1.));
#3971=DIRECTION('',(0.,-1.,0.));
#3972=DIRECTION('',(0.,0.,1.));
#3973=DIRECTION('',(0.,0.,-1.));
#3974=DIRECTION('',(-1.,0.,0.));
#3975=DIRECTION('',(0.,0.,1.));
#3976=DIRECTION('',(0.707106737955101,0.000247261995478979,-0.707106781186549));
#3977=DIRECTION('',(0.707106737955104,0.000247261995478979,0.707106781186546));
#3978=DIRECTION('',(0.999999938861504,0.000349681267465807,0.));
#3979=DIRECTION('',(-0.000349681267465807,0.999999938861504,0.));
#3980=DIRECTION('',(0.,0.,1.));
#3981=DIRECTION('',(0.000349681267465807,-0.999999938861504,0.));
#3982=DIRECTION('',(-0.000349681267465807,0.999999938861504,0.));
#3983=DIRECTION('',(0.,0.,1.));
#3984=DIRECTION('',(0.,-1.,0.));
#3985=DIRECTION('',(0.,0.,1.));
#3986=DIRECTION('',(0.,0.,-1.));
#3987=DIRECTION('',(-1.,0.,0.));
#3988=DIRECTION('',(0.,0.,-1.));
#3989=DIRECTION('',(0.,1.,0.));
#3990=DIRECTION('',(-1.,0.,0.));
#3991=DIRECTION('',(0.,-1.,0.));
#3992=DIRECTION('',(0.,0.,-1.));
#3993=DIRECTION('',(0.,1.,0.));
#3994=DIRECTION('',(0.,-1.,0.));
#3995=DIRECTION('',(0.,0.,1.));
#3996=DIRECTION('',(0.,-1.,0.));
#3997=DIRECTION('',(0.,0.,1.));
#3998=DIRECTION('',(0.,0.,-1.));
#3999=DIRECTION('',(-1.,0.,0.));
#4000=DIRECTION('',(0.,0.,1.));
#4001=DIRECTION('',(1.,0.,0.));
#4002=DIRECTION('',(0.,1.,0.));
#4003=DIRECTION('',(0.,0.,1.));
#4004=DIRECTION('',(0.,-1.,0.));
#4005=DIRECTION('',(0.,0.,-1.));
#4006=DIRECTION('',(0.,1.,0.));
#4007=DIRECTION('',(-1.,0.,0.));
#4008=DIRECTION('',(0.,0.,1.));
#4009=DIRECTION('',(1.,0.,0.));
#4010=DIRECTION('',(0.,0.,1.));
#4011=DIRECTION('',(-1.,0.,0.));
#4012=DIRECTION('',(0.,-1.,0.));
#4013=DIRECTION('',(0.,0.,1.));
#4014=DIRECTION('',(0.,1.,0.));
#4015=DIRECTION('',(0.,0.,1.));
#4016=DIRECTION('',(0.,-1.,0.));
#4017=DIRECTION('',(1.,0.,0.));
#4018=DIRECTION('',(0.,0.,1.));
#4019=DIRECTION('',(-1.,0.,0.));
#4020=DIRECTION('',(0.,0.,1.));
#4021=DIRECTION('',(-0.983926932429182,0.178571530879083,0.));
#4022=DIRECTION('',(-0.178571530879083,-0.983926932429182,0.));
#4023=DIRECTION('',(0.,0.,1.));
#4024=DIRECTION('',(0.178571530879083,0.983926932429182,0.));
#4025=DIRECTION('',(0.,0.,1.));
#4026=DIRECTION('',(0.,0.,1.));
#4027=DIRECTION('',(0.,-1.,0.));
#4028=DIRECTION('',(0.,0.,1.));
#4029=DIRECTION('',(0.,0.,-1.));
#4030=DIRECTION('',(-1.,0.,0.));
#4031=DIRECTION('',(0.,0.,1.));
#4032=DIRECTION('',(0.,0.,1.));
#4033=DIRECTION('',(0.,-1.,0.));
#4034=DIRECTION('',(0.,0.,1.));
#4035=DIRECTION('',(0.,0.,-1.));
#4036=DIRECTION('',(-1.,0.,0.));
#4037=DIRECTION('',(0.,0.,1.));
#4038=DIRECTION('',(0.,-1.,0.));
#4039=DIRECTION('',(0.,0.,1.));
#4040=DIRECTION('',(0.,0.,-1.));
#4041=DIRECTION('',(-1.,0.,0.));
#4042=DIRECTION('',(1.,0.,0.));
#4043=DIRECTION('',(0.,1.,0.));
#4044=DIRECTION('',(0.,0.,1.));
#4045=DIRECTION('',(0.,1.,0.));
#4046=DIRECTION('',(0.,0.,1.));
#4047=DIRECTION('',(0.,-1.,0.));
#4048=DIRECTION('',(0.,0.,1.));
#4049=DIRECTION('',(0.,0.,-1.));
#4050=DIRECTION('',(-1.,0.,0.));
#4051=DIRECTION('',(0.,-1.,0.));
#4052=DIRECTION('',(1.,0.,0.));
#4053=DIRECTION('',(0.,0.,1.));
#4054=DIRECTION('',(1.,0.,0.));
#4055=DIRECTION('',(0.,0.,1.));
#4056=DIRECTION('',(0.,-1.,0.));
#4057=DIRECTION('',(0.,0.,-1.));
#4058=DIRECTION('',(-1.,0.,0.));
#4059=DIRECTION('',(0.,0.,1.));
#4060=DIRECTION('',(0.,-1.,0.));
#4061=DIRECTION('',(0.,0.,1.));
#4062=DIRECTION('',(0.,0.,-1.));
#4063=DIRECTION('',(-1.,0.,0.));
#4064=DIRECTION('',(-1.,0.,0.));
#4065=DIRECTION('',(0.,-1.,0.));
#4066=DIRECTION('',(0.,0.,1.));
#4067=DIRECTION('',(0.,-1.,0.));
#4068=DIRECTION('',(0.,0.,1.));
#4069=DIRECTION('',(0.,-1.,0.));
#4070=DIRECTION('',(0.,0.,1.));
#4071=DIRECTION('',(0.,0.,-1.));
#4072=DIRECTION('',(-1.,0.,0.));
#4073=DIRECTION('',(0.,1.,0.));
#4074=DIRECTION('',(-1.,0.,0.));
#4075=DIRECTION('',(0.,0.,1.));
#4076=DIRECTION('',(-1.,0.,0.));
#4077=DIRECTION('',(1.,0.,0.));
#4078=DIRECTION('',(0.,1.,0.));
#4079=DIRECTION('',(0.,0.,1.));
#4080=DIRECTION('',(0.,1.,0.));
#4081=DIRECTION('',(0.,-1.,0.));
#4082=DIRECTION('',(1.,0.,0.));
#4083=DIRECTION('',(0.,0.,1.));
#4084=DIRECTION('',(-1.,0.,0.));
#4085=DIRECTION('',(-1.,0.,0.));
#4086=DIRECTION('',(0.,-1.,0.));
#4087=DIRECTION('',(0.,0.,1.));
#4088=DIRECTION('',(0.,-1.,0.));
#4089=DIRECTION('',(0.,1.,0.));
#4090=DIRECTION('',(-1.,0.,0.));
#4091=DIRECTION('',(0.,0.,1.));
#4092=DIRECTION('',(-1.,0.,0.));
#4093=DIRECTION('',(0.,0.,1.));
#4094=DIRECTION('',(0.,-1.,0.));
#4095=DIRECTION('',(0.,0.,1.));
#4096=DIRECTION('',(0.,0.,-1.));
#4097=DIRECTION('',(-1.,0.,0.));
#4098=DIRECTION('',(0.,0.,1.));
#4099=DIRECTION('',(0.,-1.,0.));
#4100=DIRECTION('',(0.,0.,1.));
#4101=DIRECTION('',(0.,0.,-1.));
#4102=DIRECTION('',(-1.,0.,0.));
#4103=DIRECTION('',(0.,0.,1.));
#4104=DIRECTION('',(0.,0.,-1.));
#4105=DIRECTION('',(0.,1.,0.));
#4106=DIRECTION('',(-1.,0.,0.));
#4107=DIRECTION('',(0.,-1.,0.));
#4108=DIRECTION('',(0.,-1.,0.));
#4109=DIRECTION('',(0.,1.,0.));
#4110=DIRECTION('',(0.,0.,1.));
#4111=DIRECTION('',(0.,-1.,0.));
#4112=DIRECTION('',(0.,0.,1.));
#4113=DIRECTION('',(0.,0.,-1.));
#4114=DIRECTION('',(-1.,0.,0.));
#4115=DIRECTION('',(0.,0.,-1.));
#4116=DIRECTION('',(0.,1.,0.));
#4117=DIRECTION('',(0.,0.,1.));
#4118=DIRECTION('',(0.,-1.,0.));
#4119=DIRECTION('',(0.,0.,-1.));
#4120=DIRECTION('',(-1.,0.,0.));
#4121=DIRECTION('',(1.,0.,0.));
#4122=DIRECTION('',(0.,1.,0.));
#4123=DIRECTION('',(0.,1.,0.));
#4124=DIRECTION('',(1.,0.,0.));
#4125=DIRECTION('',(0.,1.,0.));
#4126=DIRECTION('',(0.,0.,1.));
#4127=DIRECTION('',(0.,1.,0.));
#4128=DIRECTION('',(0.,0.,1.));
#4129=DIRECTION('',(0.,1.,0.));
#4130=DIRECTION('',(0.,1.,0.));
#4131=DIRECTION('',(0.,-1.,0.));
#4132=DIRECTION('',(-0.707106781186547,0.,-0.707106781186548));
#4133=DIRECTION('',(0.,-1.,0.));
#4134=DIRECTION('',(-0.707106781186547,0.,-0.707106781186548));
#4135=DIRECTION('',(-0.707106781186548,0.,0.707106781186547));
#4136=DIRECTION('',(0.707106781186548,0.,-0.707106781186547));
#4137=DIRECTION('',(0.,0.,1.));
#4138=DIRECTION('',(0.,-1.,0.));
#4139=DIRECTION('',(0.707106737955101,0.000247261995478979,-0.707106781186549));
#4140=DIRECTION('',(-0.000349681267465807,0.999999938861504,0.));
#4141=DIRECTION('',(0.707106781186547,0.,0.707106781186548));
#4142=DIRECTION('',(0.,-1.,0.));
#4143=DIRECTION('',(-0.707106781186548,0.,0.707106781186547));
#4144=DIRECTION('',(0.707106781178873,4.65936488328636E-6,-0.707106781178871));
#4145=DIRECTION('',(0.,0.,1.));
#4146=DIRECTION('',(0.,-1.,0.));
#4147=DIRECTION('',(0.,0.,1.));
#4148=DIRECTION('',(0.,-1.,0.));
#4149=DIRECTION('',(0.707106781186748,0.,0.707106781186347));
#4150=DIRECTION('',(-0.707106781186547,0.,0.707106781186548));
#4151=DIRECTION('',(0.,1.,0.));
#4152=DIRECTION('',(0.,0.,-1.));
#4153=DIRECTION('',(0.,1.,0.));
#4154=DIRECTION('',(0.,0.,-1.));
#4155=DIRECTION('',(-1.,0.,0.));
#4156=DIRECTION('',(0.,0.,-1.));
#4157=DIRECTION('',(0.,1.,0.));
#4158=DIRECTION('',(0.,0.,1.));
#4159=DIRECTION('',(0.,-1.,0.));
#4160=DIRECTION('',(0.,0.,-1.));
#4161=DIRECTION('',(0.,1.,0.));
#4162=DIRECTION('',(0.,0.,-1.));
#4163=DIRECTION('',(0.,1.,0.));
#4164=DIRECTION('',(0.,0.,-1.));
#4165=DIRECTION('',(0.,1.,0.));
#4166=DIRECTION('',(0.,0.,-1.));
#4167=DIRECTION('',(-1.,0.,0.));
#4168=DIRECTION('',(0.,0.,-1.));
#4169=DIRECTION('',(0.,1.,0.));
#4170=DIRECTION('',(0.,0.,1.));
#4171=DIRECTION('',(0.,-1.,0.));
#4172=DIRECTION('',(0.,0.,-1.));
#4173=DIRECTION('',(0.,1.,0.));
#4174=DIRECTION('',(0.,0.,-1.));
#4175=DIRECTION('',(0.,1.,0.));
#4176=DIRECTION('',(0.,0.,1.));
#4177=DIRECTION('',(0.,-1.,0.));
#4178=DIRECTION('',(0.,0.,-1.));
#4179=DIRECTION('',(-1.,0.,0.));
#4180=DIRECTION('',(0.,0.,1.));
#4181=DIRECTION('',(0.,-1.,0.));
#4182=DIRECTION('',(0.,0.,-1.));
#4183=DIRECTION('',(-1.,0.,0.));
#4184=DIRECTION('',(0.,0.,1.));
#4185=DIRECTION('',(0.,-1.,0.));
#4186=DIRECTION('',(0.,0.,-1.));
#4187=DIRECTION('',(-1.,0.,0.));
#4188=DIRECTION('',(0.,0.,-1.));
#4189=DIRECTION('',(0.,1.,0.));
#4190=DIRECTION('',(0.,0.,-1.));
#4191=DIRECTION('',(-1.,0.,0.));
#4192=DIRECTION('',(0.,0.,-1.));
#4193=DIRECTION('',(0.,1.,0.));
#4194=DIRECTION('',(0.,0.,-1.));
#4195=DIRECTION('',(-1.,0.,0.));
#4196=DIRECTION('',(0.,0.,-1.));
#4197=DIRECTION('',(0.,1.,0.));
#4198=DIRECTION('',(0.,0.,-1.));
#4199=DIRECTION('',(-1.,0.,0.));
#4200=DIRECTION('',(0.,0.,1.));
#4201=DIRECTION('',(0.,-1.,0.));
#4202=DIRECTION('',(0.,0.,-1.));
#4203=DIRECTION('',(-1.,0.,0.));
#4204=DIRECTION('',(-1.,0.,0.));
#4205=DIRECTION('',(0.,0.,1.));
#4206=DIRECTION('',(0.,0.,1.));
#4207=DIRECTION('',(0.,-1.,0.));
#4208=DIRECTION('',(0.,0.,1.));
#4209=DIRECTION('',(0.,0.,1.));
#4210=DIRECTION('',(1.,0.,0.));
#4211=DIRECTION('',(0.,0.,1.));
#4212=DIRECTION('',(0.,0.,-1.));
#4213=DIRECTION('',(1.,0.,0.));
#4214=DIRECTION('',(-1.,0.,0.));
#4215=DIRECTION('',(0.,0.,1.));
#4216=DIRECTION('',(0.,0.,1.));
#4217=DIRECTION('',(0.,-1.,0.));
#4218=DIRECTION('',(0.,0.,1.));
#4219=DIRECTION('',(1.,0.,0.));
#4220=DIRECTION('',(0.,0.,-1.));
#4221=DIRECTION('',(1.,0.,0.));
#4222=DIRECTION('',(0.,0.,1.));
#4223=DIRECTION('',(1.,0.,0.));
#4224=DIRECTION('',(0.,0.,1.));
#4225=DIRECTION('',(1.,0.,0.));
#4226=DIRECTION('',(0.,0.,1.));
#4227=DIRECTION('',(0.,0.,1.));
#4228=DIRECTION('',(1.,0.,0.));
#4229=DIRECTION('',(0.,0.,1.));
#4230=DIRECTION('',(-1.,0.,0.));
#4231=DIRECTION('',(0.,0.,1.));
#4232=DIRECTION('',(0.,0.,1.));
#4233=DIRECTION('',(0.,-1.,0.));
#4234=DIRECTION('',(0.,0.,1.));
#4235=DIRECTION('',(1.,0.,0.));
#4236=DIRECTION('',(0.,0.,1.));
#4237=DIRECTION('',(0.,0.,1.));
#4238=DIRECTION('',(1.,0.,0.));
#4239=DIRECTION('',(-1.,0.,0.));
#4240=DIRECTION('',(0.,0.,1.));
#4241=DIRECTION('',(0.,-1.,0.));
#4242=DIRECTION('',(0.,0.,1.));
#4243=DIRECTION('',(1.,0.,0.));
#4244=DIRECTION('',(0.,1.,0.));
#4245=DIRECTION('',(0.,0.,1.));
#4246=DIRECTION('',(-1.,0.,0.));
#4247=DIRECTION('',(-1.,0.,0.));
#4248=DIRECTION('',(0.,0.,-1.));
#4249=DIRECTION('',(-1.,0.,0.));
#4250=DIRECTION('',(-1.,0.,0.));
#4251=DIRECTION('',(0.,0.,-1.));
#4252=DIRECTION('',(-1.,0.,0.));
#4253=DIRECTION('',(0.,0.,-1.));
#4254=DIRECTION('',(-1.,0.,0.));
#4255=DIRECTION('',(0.,0.,-1.));
#4256=DIRECTION('',(-1.,0.,0.));
#4257=DIRECTION('',(-1.,0.,0.));
#4258=DIRECTION('',(0.,1.,0.));
#4259=DIRECTION('',(0.,0.,1.));
#4260=DIRECTION('',(0.,0.,1.));
#4261=DIRECTION('',(1.,0.,0.));
#4262=DIRECTION('',(0.,0.,-1.));
#4263=DIRECTION('',(-1.,0.,0.));
#4264=DIRECTION('',(0.,0.,-1.));
#4265=DIRECTION('',(-1.,0.,0.));
#4266=DIRECTION('',(0.,0.,1.));
#4267=DIRECTION('',(1.,0.,0.));
#4268=DIRECTION('',(0.,0.,-1.));
#4269=DIRECTION('',(-1.,0.,0.));
#4270=DIRECTION('',(0.,0.,1.));
#4271=DIRECTION('',(1.,0.,0.));
#4272=DIRECTION('',(0.,0.,-1.));
#4273=DIRECTION('',(-1.,0.,0.));
#4274=DIRECTION('',(0.,0.,-1.));
#4275=DIRECTION('',(-1.,0.,0.));
#4276=DIRECTION('',(0.,0.,1.));
#4277=DIRECTION('',(1.,0.,0.));
#4278=DIRECTION('',(0.,0.,-1.));
#4279=DIRECTION('',(-1.,0.,0.));
#4280=DIRECTION('',(0.,0.,-1.));
#4281=DIRECTION('',(-1.,0.,0.));
#4282=DIRECTION('',(0.,0.,-1.));
#4283=DIRECTION('',(-1.,0.,0.));
#4284=DIRECTION('',(0.707106781186541,0.,0.707106781186554));
#4285=DIRECTION('',(0.,1.,0.));
#4286=DIRECTION('',(-0.707106781186554,0.,0.707106781186541));
#4287=DIRECTION('',(0.707106781186554,0.,-0.707106781186541));
#4288=DIRECTION('',(0.,0.,-1.));
#4289=DIRECTION('',(-1.,0.,0.));
#4290=DIRECTION('',(-0.707106781186546,0.,-0.707106781186549));
#4291=DIRECTION('',(0.,0.,-1.));
#4292=DIRECTION('',(-1.,0.,0.));
#4293=DIRECTION('',(0.707106781186546,0.,0.707106781186549));
#4294=DIRECTION('',(0.707106781186541,0.,-0.707106781186554));
#4295=DIRECTION('',(0.,-1.,0.));
#4296=DIRECTION('',(0.707106781186541,0.,0.707106781186554));
#4297=DIRECTION('',(0.,1.,0.));
#4298=DIRECTION('',(-0.707106781186554,0.,0.707106781186541));
#4299=DIRECTION('',(0.707106781186554,0.,-0.707106781186541));
#4300=DIRECTION('',(0.,0.,-1.));
#4301=DIRECTION('',(-1.,0.,0.));
#4302=DIRECTION('',(-0.707106781186546,0.,-0.707106781186549));
#4303=DIRECTION('',(0.,0.,-1.));
#4304=DIRECTION('',(-1.,0.,0.));
#4305=DIRECTION('',(0.707106781186546,0.,0.707106781186549));
#4306=DIRECTION('',(0.707106781186541,0.,-0.707106781186554));
#4307=DIRECTION('',(0.,-1.,0.));
#4308=DIRECTION('',(0.,0.,-1.));
#4309=DIRECTION('',(-1.,0.,0.));
#4310=DIRECTION('',(0.,0.,-1.));
#4311=DIRECTION('',(-1.,0.,0.));
#4312=DIRECTION('',(0.,-0.707106781186548,0.707106781186548));
#4313=DIRECTION('',(-1.,0.,0.));
#4314=DIRECTION('',(0.,0.707106781186548,0.707106781186548));
#4315=DIRECTION('',(-0.577350269189626,0.577350269189626,0.577350269189626));
#4316=DIRECTION('',(0.707106781186548,0.,0.707106781186548));
#4317=DIRECTION('',(0.,-1.,0.));
#4318=DIRECTION('',(0.577350269189626,-0.577350269189626,-0.577350269189626));
#4319=DIRECTION('',(0.,0.,1.));
#4320=DIRECTION('',(1.,0.,0.));
#4321=DIRECTION('',(0.707106781186548,0.,0.707106781186548));
#4322=DIRECTION('',(0.,0.707106781186548,-0.707106781186548));
#4323=DIRECTION('',(-1.,0.,0.));
#4324=DIRECTION('',(-0.577350269189626,-0.577350269189626,-0.577350269189626));
#4325=DIRECTION('',(-0.707106781186548,0.,0.707106781186548));
#4326=DIRECTION('',(0.,1.,0.));
#4327=DIRECTION('',(0.707106781186548,0.,0.707106781186548));
#4328=DIRECTION('',(-0.707106781186548,0.,0.707106781186548));
#4329=DIRECTION('',(0.,1.,0.));
#4330=DIRECTION('',(0.577350269189626,0.577350269189626,0.577350269189626));
#4331=DIRECTION('',(0.,0.,-1.));
#4332=DIRECTION('',(-1.,0.,0.));
#4333=DIRECTION('',(0.565439696975517,0.42459150849285,0.707106781186549));
#4334=DIRECTION('',(0.,-0.707106781186548,0.707106781186548));
#4335=DIRECTION('',(-1.,0.,0.));
#4336=DIRECTION('',(0.,-0.707106781186548,-0.707106781186548));
#4337=DIRECTION('',(0.,0.,-1.));
#4338=DIRECTION('',(-1.,0.,0.));
#4339=DIRECTION('',(0.,0.,1.));
#4340=DIRECTION('',(1.,0.,0.));
#4341=DIRECTION('',(0.707106781186548,0.,-0.707106781186548));
#4342=DIRECTION('',(0.,0.,1.));
#4343=DIRECTION('',(1.,0.,0.));
#4344=DIRECTION('',(0.707106781165642,5.43791270361367E-6,0.707106781186544));
#4345=DIRECTION('',(0.707106781186548,0.,0.707106781186548));
#4346=DIRECTION('',(0.,-1.,0.));
#4347=DIRECTION('',(-0.707106781186548,0.,0.707106781186548));
#4348=DIRECTION('',(0.,1.,0.));
#4349=DIRECTION('',(0.707106781186548,0.,0.707106781186548));
#4350=DIRECTION('',(0.,0.,-1.));
#4351=DIRECTION('',(-1.,0.,0.));
#4352=DIRECTION('',(0.,0.,1.));
#4353=DIRECTION('',(1.,0.,0.));
#4354=DIRECTION('',(0.,-0.707106781186548,0.707106781186548));
#4355=DIRECTION('',(0.,0.,1.));
#4356=DIRECTION('',(1.,0.,0.));
#4357=DIRECTION('',(-0.707106781186548,0.,0.707106781186548));
#4358=DIRECTION('',(0.,0.707106781186548,0.707106781186548));
#4359=DIRECTION('',(1.,0.,0.));
#4360=DIRECTION('',(0.,-0.707106781186548,0.707106781186548));
#4361=DIRECTION('',(0.707106781186548,0.,0.707106781186548));
#4362=DIRECTION('',(0.,-1.,0.));
#4363=DIRECTION('',(0.707106781186548,0.,-0.707106781186548));
#4364=DIRECTION('',(0.,0.,1.));
#4365=DIRECTION('',(1.,0.,0.));
#4366=DIRECTION('',(-0.707106781186548,0.,-0.707106781186548));
#4367=DIRECTION('',(0.,-1.,0.));
#4368=DIRECTION('',(0.707106781186548,0.,-0.707106781186548));
#4369=DIRECTION('',(-0.707106781186548,0.,0.707106781186548));
#4370=DIRECTION('',(0.,0.,-1.));
#4371=DIRECTION('',(-1.,0.,0.));
#4372=DIRECTION('',(0.,-0.707106781186548,0.707106781186548));
#4373=DIRECTION('',(0.,0.,1.));
#4374=DIRECTION('',(1.,0.,0.));
#4375=DIRECTION('',(0.35153335354937,0.613534270715437,-0.707106781186555));
#4376=DIRECTION('',(0.,-0.707106781186548,-0.707106781186548));
#4377=DIRECTION('',(1.,0.,0.));
#4378=DIRECTION('',(0.,-0.707106781186548,0.707106781186548));
#4379=DIRECTION('',(0.,0.,-1.));
#4380=DIRECTION('',(-1.,0.,0.));
#4381=DIRECTION('',(0.422244016030786,0.567194843881893,-0.707106781186539));
#4382=DIRECTION('',(0.,0.,-1.));
#4383=DIRECTION('',(-1.,0.,0.));
#4384=DIRECTION('',(0.707106781186548,0.,0.707106781186548));
#4385=DIRECTION('',(0.,0.,1.));
#4386=DIRECTION('',(1.,0.,0.));
#4387=DIRECTION('',(-0.707106781186551,0.,-0.707106781186544));
#4388=DIRECTION('',(0.707106781186548,0.,-0.707106781186548));
#4389=DIRECTION('',(0.,1.,0.));
#4390=DIRECTION('',(0.707106781186548,0.,0.707106781186548));
#4391=DIRECTION('',(0.707106781186546,0.,-0.707106781186549));
#4392=DIRECTION('',(0.,1.,0.));
#4393=DIRECTION('',(-0.707106781186549,0.,-0.707106781186546));
#4394=DIRECTION('',(0.,0.,-1.));
#4395=DIRECTION('',(-1.,0.,0.));
#4396=DIRECTION('',(0.,0.707106781186548,0.707106781186548));
#4397=DIRECTION('',(0.,0.,-1.));
#4398=DIRECTION('',(-1.,0.,0.));
#4399=DIRECTION('',(0.,0.707106781186548,-0.707106781186548));
#4400=DIRECTION('',(-1.,0.,0.));
#4401=DIRECTION('',(0.,0.707106781186548,0.707106781186548));
#4402=DIRECTION('',(-0.707106737955103,-0.000247261995478979,-0.707106781186547));
#4403=DIRECTION('',(0.000349681267465807,-0.999999938861504,0.));
#4404=DIRECTION('',(0.,0.,1.));
#4405=DIRECTION('',(1.,0.,0.));
#4406=DIRECTION('',(0.695741406112753,-0.12626914041146,0.707106781186548));
#4407=DIRECTION('',(0.,0.,-1.));
#4408=DIRECTION('',(-1.,0.,0.));
#4409=DIRECTION('',(-0.0745047132985384,-0.703170710209336,-0.707106781186548));
#4410=DIRECTION('',(0.695741406112753,-0.126269140411463,-0.707106781186548));
#4411=DIRECTION('',(0.178571530879083,0.983926932429182,0.));
#4412=DIRECTION('',(0.,0.,-1.));
#4413=DIRECTION('',(-1.,0.,0.));
#4414=DIRECTION('',(-0.69574140610807,-0.126269140437254,-0.707106781186549));
#4415=DIRECTION('',(0.,0.,-1.));
#4416=DIRECTION('',(-1.,0.,0.));
#4417=DIRECTION('',(-0.695741406108071,-0.126269140437251,0.707106781186549));
#4418=DIRECTION('',(-0.178571530915554,0.983926932422563,0.));
#4419=DIRECTION('',(-0.707106781186548,0.,0.707106781186548));
#4420=DIRECTION('',(0.,1.,0.));
#4421=DIRECTION('',(0.707106781186548,0.,0.707106781186548));
#4422=DIRECTION('',(-0.707106781178872,-4.65936489064617E-6,-0.707106781178872));
#4423=DIRECTION('',(0.,0.,-1.));
#4424=DIRECTION('',(-1.,0.,0.));
#4425=DIRECTION('',(0.,0.,-1.));
#4426=DIRECTION('',(-1.,0.,0.));
#4427=DIRECTION('',(-0.707106781186776,0.,0.707106781186319));
#4428=DIRECTION('',(0.707106781186548,0.,0.707106781186548));
#4429=DIRECTION('',(0.,-1.,0.));
#4430=DIRECTION('',(0.,0.,1.));
#4431=DIRECTION('',(1.,0.,0.));
#4432=DIRECTION('',(0.,0.,-1.));
#4433=DIRECTION('',(-1.,0.,0.));
#4434=DIRECTION('',(0.,0.,1.));
#4435=DIRECTION('',(1.,0.,0.));
#4436=DIRECTION('',(0.,0.,1.));
#4437=DIRECTION('',(1.,0.,0.));
#4438=DIRECTION('',(0.,0.,1.));
#4439=DIRECTION('',(1.,0.,0.));
#4440=CARTESIAN_POINT('',(0.,0.,0.));
#4441=CARTESIAN_POINT('',(1.98734513958201E-9,0.0632500056087682,-0.005002));
#4442=CARTESIAN_POINT('',(1.98734513958201E-9,0.0632500056087682,-0.005));
#4443=CARTESIAN_POINT('',(-0.00049999801265486,0.0632500056087682,-0.005));
#4444=CARTESIAN_POINT('',(1.98734513958201E-9,0.0632500056087682,0.0018));
#4445=CARTESIAN_POINT('',(0.00050000198734514,0.0632500056087682,0.0018));
#4446=CARTESIAN_POINT('',(-0.0210749996215105,0.03434630240798,-0.003));
#4447=CARTESIAN_POINT('',(-0.0210749996215105,0.03434630240798,-0.003));
#4448=CARTESIAN_POINT('',(-0.0210749996215105,0.03324630240798,-0.003));
#4449=CARTESIAN_POINT('',(-0.0210749996215105,0.03434630240798,-0.003));
#4450=CARTESIAN_POINT('',(-0.0210749996215105,0.03324630240798,-0.003));
#4451=CARTESIAN_POINT('',(-0.0210749996215105,0.03324630240798,-0.0032));
#4452=CARTESIAN_POINT('',(-0.0210749996215105,0.03324630240798,-0.003));
#4453=CARTESIAN_POINT('',(-0.0210749996215105,0.03324630240798,-0.0034));
#4454=CARTESIAN_POINT('',(-0.0210749996215105,0.03434630240798,-0.0034));
#4455=CARTESIAN_POINT('',(-0.0210749996215105,0.03434630240798,-0.0034));
#4456=CARTESIAN_POINT('',(-0.0210749996215105,0.03434630240798,-0.003));
#4457=CARTESIAN_POINT('',(-0.0210749996215105,0.03434630240798,-0.003));
#4458=CARTESIAN_POINT('',(-0.0210749996215105,0.03434630240798,-0.003));
#4459=CARTESIAN_POINT('',(-0.0210749996215105,0.0354463024079799,-0.003));
#4460=CARTESIAN_POINT('',(-0.0210749996215105,0.03434630240798,-0.0034));
#4461=CARTESIAN_POINT('',(-0.0210749996215105,0.0354463024079799,-0.0034));
#4462=CARTESIAN_POINT('',(-0.0210749996215105,0.0354463024079799,-0.003));
#4463=CARTESIAN_POINT('',(-0.0210749996215105,0.0354463024079799,-0.0032));
#4464=CARTESIAN_POINT('',(-0.0210749996215105,0.0354463024079799,-0.003));
#4465=CARTESIAN_POINT('',(-0.0188749996215105,0.03434630240798,-0.003));
#4466=CARTESIAN_POINT('',(-0.0188749996215105,0.03434630240798,-0.003));
#4467=CARTESIAN_POINT('',(-0.0188749996215105,0.03434630240798,-0.003));
#4468=CARTESIAN_POINT('',(-0.0188749996215105,0.03324630240798,-0.003));
#4469=CARTESIAN_POINT('',(-0.0188749996215105,0.03434630240798,-0.003));
#4470=CARTESIAN_POINT('',(-0.0188749996215105,0.03434630240798,-0.0034));
#4471=CARTESIAN_POINT('',(-0.0188749996215105,0.03434630240798,-0.0034));
#4472=CARTESIAN_POINT('',(-0.0188749996215105,0.03324630240798,-0.0034));
#4473=CARTESIAN_POINT('',(-0.0188749996215105,0.03324630240798,-0.003));
#4474=CARTESIAN_POINT('',(-0.0188749996215105,0.03324630240798,-0.0032));
#4475=CARTESIAN_POINT('',(-0.0188749996215105,0.03324630240798,-0.003));
#4476=CARTESIAN_POINT('',(-0.0188749996215105,0.03434630240798,-0.003));
#4477=CARTESIAN_POINT('',(-0.0188749996215105,0.03434630240798,-0.003));
#4478=CARTESIAN_POINT('',(-0.0188749996215105,0.0354463024079799,-0.003));
#4479=CARTESIAN_POINT('',(-0.0188749996215105,0.0354463024079799,-0.003));
#4480=CARTESIAN_POINT('',(-0.0188749996215105,0.0354463024079799,-0.0032));
#4481=CARTESIAN_POINT('',(-0.0188749996215105,0.0354463024079799,-0.003));
#4482=CARTESIAN_POINT('',(-0.0188749996215105,0.0354463024079799,-0.0034));
#4483=CARTESIAN_POINT('',(-0.0188749996215105,0.03434630240798,-0.0034));
#4484=CARTESIAN_POINT('',(-0.0179749996215105,0.03324630240798,-0.003));
#4485=CARTESIAN_POINT('',(-0.0179749996215105,0.03324630240798,-0.003));
#4486=CARTESIAN_POINT('',(-0.0199749996215105,0.03324630240798,-0.003));
#4487=CARTESIAN_POINT('',(-0.0199749996215105,0.03324630240798,-0.003));
#4488=CARTESIAN_POINT('',(-0.0199749996215105,0.03324630240798,-0.0032));
#4489=CARTESIAN_POINT('',(-0.0179749996215105,0.03324630240798,-0.0032));
#4490=CARTESIAN_POINT('',(-0.0210749996215105,0.03434630240798,-0.003));
#4491=CARTESIAN_POINT('',(-0.0210749996215105,0.03434630240798,-0.0034));
#4492=CARTESIAN_POINT('',(-0.0210749996215105,0.032675973099131,-0.0034));
#4493=CARTESIAN_POINT('',(-0.0210749996215105,0.03434630240798,-0.0032));
#4494=CARTESIAN_POINT('',(-0.0210749996215105,0.032675973099131,-0.0032));
#4495=CARTESIAN_POINT('',(-0.0210749996215105,0.032675973099131,-0.005));
#4496=CARTESIAN_POINT('',(-0.0188749996215105,0.03434630240798,-0.003));
#4497=CARTESIAN_POINT('',(-0.0188749996215105,0.03434630240798,-0.0034));
#4498=CARTESIAN_POINT('',(-0.0188749996215105,0.032675973099131,-0.0034));
#4499=CARTESIAN_POINT('',(-0.0188749996215105,0.032675973099131,-0.005));
#4500=CARTESIAN_POINT('',(-0.0188749996215105,0.032675973099131,-0.0032));
#4501=CARTESIAN_POINT('',(-0.0188749996215105,0.03434630240798,-0.0032));
#4502=CARTESIAN_POINT('',(-0.0179749996215105,0.03324630240798,-0.003));
#4503=CARTESIAN_POINT('',(-0.0179749996215105,0.03324630240798,-0.003));
#4504=CARTESIAN_POINT('',(-0.0179749996215105,0.03324630240798,-0.0032));
#4505=CARTESIAN_POINT('',(-0.0179749996215105,0.0354463024079799,-0.003));
#4506=CARTESIAN_POINT('',(-0.0179749996215105,0.0354463024079799,-0.003));
#4507=CARTESIAN_POINT('',(-0.0199749996215105,0.0354463024079799,-0.003));
#4508=CARTESIAN_POINT('',(-0.0199749996215105,0.0354463024079799,-0.003));
#4509=CARTESIAN_POINT('',(-0.0199749996215105,0.0354463024079799,-0.0032));
#4510=CARTESIAN_POINT('',(-0.0179749996215105,0.0354463024079799,-0.0032));
#4511=CARTESIAN_POINT('',(-0.0188749996215105,0.03434630240798,-0.003));
#4512=CARTESIAN_POINT('',(-0.0188749996215105,0.03434630240798,-0.0034));
#4513=CARTESIAN_POINT('',(-0.0188749996215105,0.036016631716829,-0.0034));
#4514=CARTESIAN_POINT('',(-0.0188749996215105,0.03434630240798,-0.0032));
#4515=CARTESIAN_POINT('',(-0.0188749996215105,0.036016631716829,-0.0032));
#4516=CARTESIAN_POINT('',(-0.0188749996215105,0.036016631716829,-0.005));
#4517=CARTESIAN_POINT('',(-0.0210749996215105,0.03434630240798,-0.003));
#4518=CARTESIAN_POINT('',(-0.0210749996215105,0.03434630240798,-0.0034));
#4519=CARTESIAN_POINT('',(-0.0210749996215105,0.036016631716829,-0.0034));
#4520=CARTESIAN_POINT('',(-0.0210749996215105,0.036016631716829,-0.005));
#4521=CARTESIAN_POINT('',(-0.0210749996215105,0.036016631716829,-0.0032));
#4522=CARTESIAN_POINT('',(-0.0210749996215105,0.03434630240798,-0.0032));
#4523=CARTESIAN_POINT('',(-0.0179749996215105,0.0354463024079799,-0.003));
#4524=CARTESIAN_POINT('',(-0.0179749996215105,0.0354463024079799,-0.003));
#4525=CARTESIAN_POINT('',(-0.0179749996215105,0.0354463024079799,-0.0032));
#4526=CARTESIAN_POINT('',(-0.0179749996215105,0.03434630240798,-0.0034));
#4527=CARTESIAN_POINT('',(-0.0179749996215105,0.03324630240798,-0.0034));
#4528=CARTESIAN_POINT('',(-0.0216453289303595,0.03324630240798,-0.0034));
#4529=CARTESIAN_POINT('',(-0.0199749996215105,0.03434630240798,-0.0034));
#4530=CARTESIAN_POINT('',(-0.0216453289303595,0.0354463024079799,-0.0034));
#4531=CARTESIAN_POINT('',(-0.0179749996215105,0.0354463024079799,-0.0034));
#4532=CARTESIAN_POINT('',(-0.0179749996215105,0.03434630240798,-0.0034));
#4533=CARTESIAN_POINT('',(-0.0199749996215105,0.03434630240798,-0.0034));
#4534=CARTESIAN_POINT('',(-0.0183046703126615,0.03324630240798,-0.0034));
#4535=CARTESIAN_POINT('',(-0.0183046703126615,0.0354463024079799,-0.0034));
#4536=CARTESIAN_POINT('',(-0.0179749996215105,0.03324630240798,-0.0034));
#4537=CARTESIAN_POINT('',(-0.0179749996215105,0.0354463024079799,-0.0034));
#4538=CARTESIAN_POINT('',(-0.0179749996215105,0.03434630240798,-0.003));
#4539=CARTESIAN_POINT('',(-0.0199749996215105,0.03434630240798,-0.003));
#4540=CARTESIAN_POINT('',(-0.0179749996215105,0.03434630240798,-0.003));
#4541=CARTESIAN_POINT('',(-0.0199749996215105,0.03434630240798,-0.003));
#4542=CARTESIAN_POINT('',(-0.0179749996215105,0.03434630240798,-0.0032));
#4543=CARTESIAN_POINT('',(-0.0199749996215105,0.03434630240798,-0.0032));
#4544=CARTESIAN_POINT('',(-0.0179749996215105,0.03434630240798,-0.0032));
#4545=CARTESIAN_POINT('',(-0.0199749996215105,0.03434630240798,-0.0032));
#4546=CARTESIAN_POINT('',(-0.0179749996215105,0.03434630240798,-0.003));
#4547=CARTESIAN_POINT('',(-0.0199749996215105,0.03434630240798,-0.003));
#4548=CARTESIAN_POINT('',(-0.0179749996215105,0.03434630240798,-0.0034));
#4549=CARTESIAN_POINT('',(-0.0199749996215105,0.03434630240798,-0.0034));
#4550=CARTESIAN_POINT('',(-0.0179749996215105,0.03434630240798,-0.0034));
#4551=CARTESIAN_POINT('',(-0.0199749996215105,0.03434630240798,-0.0034));
#4552=CARTESIAN_POINT('',(-0.0179749996215105,0.03434630240798,-0.003));
#4553=CARTESIAN_POINT('',(-0.0199749996215105,0.03434630240798,-0.003));
#4554=CARTESIAN_POINT('',(-0.0179749996215105,0.03434630240798,-0.0034));
#4555=CARTESIAN_POINT('',(-0.0199749996215105,0.03434630240798,-0.0034));
#4556=CARTESIAN_POINT('',(-0.0210749996215105,0.02784630240798,-0.003));
#4557=CARTESIAN_POINT('',(-0.0210749996215105,0.02784630240798,-0.003));
#4558=CARTESIAN_POINT('',(-0.0210749996215105,0.02674630240798,-0.003));
#4559=CARTESIAN_POINT('',(-0.0210749996215105,0.02784630240798,-0.003));
#4560=CARTESIAN_POINT('',(-0.0210749996215105,0.02674630240798,-0.003));
#4561=CARTESIAN_POINT('',(-0.0210749996215105,0.02674630240798,-0.0032));
#4562=CARTESIAN_POINT('',(-0.0210749996215105,0.02674630240798,-0.003));
#4563=CARTESIAN_POINT('',(-0.0210749996215105,0.02674630240798,-0.0034));
#4564=CARTESIAN_POINT('',(-0.0210749996215105,0.02784630240798,-0.0034));
#4565=CARTESIAN_POINT('',(-0.0210749996215105,0.02784630240798,-0.0034));
#4566=CARTESIAN_POINT('',(-0.0210749996215105,0.02784630240798,-0.003));
#4567=CARTESIAN_POINT('',(-0.0210749996215105,0.02784630240798,-0.003));
#4568=CARTESIAN_POINT('',(-0.0210749996215105,0.02784630240798,-0.003));
#4569=CARTESIAN_POINT('',(-0.0210749996215105,0.02894630240798,-0.003));
#4570=CARTESIAN_POINT('',(-0.0210749996215105,0.02784630240798,-0.0034));
#4571=CARTESIAN_POINT('',(-0.0210749996215105,0.02894630240798,-0.0034));
#4572=CARTESIAN_POINT('',(-0.0210749996215105,0.02894630240798,-0.003));
#4573=CARTESIAN_POINT('',(-0.0210749996215105,0.02894630240798,-0.0032));
#4574=CARTESIAN_POINT('',(-0.0210749996215105,0.02894630240798,-0.003));
#4575=CARTESIAN_POINT('',(-0.0188749996215105,0.02784630240798,-0.003));
#4576=CARTESIAN_POINT('',(-0.0188749996215105,0.02784630240798,-0.003));
#4577=CARTESIAN_POINT('',(-0.0188749996215105,0.02784630240798,-0.003));
#4578=CARTESIAN_POINT('',(-0.0188749996215105,0.02674630240798,-0.003));
#4579=CARTESIAN_POINT('',(-0.0188749996215105,0.02784630240798,-0.003));
#4580=CARTESIAN_POINT('',(-0.0188749996215105,0.02784630240798,-0.0034));
#4581=CARTESIAN_POINT('',(-0.0188749996215105,0.02784630240798,-0.0034));
#4582=CARTESIAN_POINT('',(-0.0188749996215105,0.02674630240798,-0.0034));
#4583=CARTESIAN_POINT('',(-0.0188749996215105,0.02674630240798,-0.003));
#4584=CARTESIAN_POINT('',(-0.0188749996215105,0.02674630240798,-0.0032));
#4585=CARTESIAN_POINT('',(-0.0188749996215105,0.02674630240798,-0.003));
#4586=CARTESIAN_POINT('',(-0.0188749996215105,0.02784630240798,-0.003));
#4587=CARTESIAN_POINT('',(-0.0188749996215105,0.02784630240798,-0.003));
#4588=CARTESIAN_POINT('',(-0.0188749996215105,0.02894630240798,-0.003));
#4589=CARTESIAN_POINT('',(-0.0188749996215105,0.02894630240798,-0.003));
#4590=CARTESIAN_POINT('',(-0.0188749996215105,0.02894630240798,-0.0032));
#4591=CARTESIAN_POINT('',(-0.0188749996215105,0.02894630240798,-0.003));
#4592=CARTESIAN_POINT('',(-0.0188749996215105,0.02894630240798,-0.0034));
#4593=CARTESIAN_POINT('',(-0.0188749996215105,0.02784630240798,-0.0034));
#4594=CARTESIAN_POINT('',(-0.0179749996215105,0.02674630240798,-0.003));
#4595=CARTESIAN_POINT('',(-0.0179749996215105,0.02674630240798,-0.003));
#4596=CARTESIAN_POINT('',(-0.0199749996215105,0.02674630240798,-0.003));
#4597=CARTESIAN_POINT('',(-0.0199749996215105,0.02674630240798,-0.003));
#4598=CARTESIAN_POINT('',(-0.0199749996215105,0.02674630240798,-0.0032));
#4599=CARTESIAN_POINT('',(-0.0179749996215105,0.02674630240798,-0.0032));
#4600=CARTESIAN_POINT('',(-0.0210749996215105,0.02784630240798,-0.003));
#4601=CARTESIAN_POINT('',(-0.0210749996215105,0.02784630240798,-0.0034));
#4602=CARTESIAN_POINT('',(-0.0210749996215105,0.026175973099131,-0.0034));
#4603=CARTESIAN_POINT('',(-0.0210749996215105,0.02784630240798,-0.0032));
#4604=CARTESIAN_POINT('',(-0.0210749996215105,0.026175973099131,-0.0032));
#4605=CARTESIAN_POINT('',(-0.0210749996215105,0.026175973099131,-0.005));
#4606=CARTESIAN_POINT('',(-0.0188749996215105,0.02784630240798,-0.003));
#4607=CARTESIAN_POINT('',(-0.0188749996215105,0.02784630240798,-0.0034));
#4608=CARTESIAN_POINT('',(-0.0188749996215105,0.026175973099131,-0.0034));
#4609=CARTESIAN_POINT('',(-0.0188749996215105,0.026175973099131,-0.005));
#4610=CARTESIAN_POINT('',(-0.0188749996215105,0.026175973099131,-0.0032));
#4611=CARTESIAN_POINT('',(-0.0188749996215105,0.02784630240798,-0.0032));
#4612=CARTESIAN_POINT('',(-0.0179749996215105,0.02674630240798,-0.003));
#4613=CARTESIAN_POINT('',(-0.0179749996215105,0.02674630240798,-0.003));
#4614=CARTESIAN_POINT('',(-0.0179749996215105,0.02674630240798,-0.0032));
#4615=CARTESIAN_POINT('',(-0.0179749996215105,0.02894630240798,-0.003));
#4616=CARTESIAN_POINT('',(-0.0179749996215105,0.02894630240798,-0.003));
#4617=CARTESIAN_POINT('',(-0.0199749996215105,0.02894630240798,-0.003));
#4618=CARTESIAN_POINT('',(-0.0199749996215105,0.02894630240798,-0.003));
#4619=CARTESIAN_POINT('',(-0.0199749996215105,0.02894630240798,-0.0032));
#4620=CARTESIAN_POINT('',(-0.0179749996215105,0.02894630240798,-0.0032));
#4621=CARTESIAN_POINT('',(-0.0188749996215105,0.02784630240798,-0.003));
#4622=CARTESIAN_POINT('',(-0.0188749996215105,0.02784630240798,-0.0034));
#4623=CARTESIAN_POINT('',(-0.0188749996215105,0.029516631716829,-0.0034));
#4624=CARTESIAN_POINT('',(-0.0188749996215105,0.02784630240798,-0.0032));
#4625=CARTESIAN_POINT('',(-0.0188749996215105,0.029516631716829,-0.0032));
#4626=CARTESIAN_POINT('',(-0.0188749996215105,0.029516631716829,-0.005));
#4627=CARTESIAN_POINT('',(-0.0210749996215105,0.02784630240798,-0.003));
#4628=CARTESIAN_POINT('',(-0.0210749996215105,0.02784630240798,-0.0034));
#4629=CARTESIAN_POINT('',(-0.0210749996215105,0.029516631716829,-0.0034));
#4630=CARTESIAN_POINT('',(-0.0210749996215105,0.029516631716829,-0.005));
#4631=CARTESIAN_POINT('',(-0.0210749996215105,0.029516631716829,-0.0032));
#4632=CARTESIAN_POINT('',(-0.0210749996215105,0.02784630240798,-0.0032));
#4633=CARTESIAN_POINT('',(-0.0179749996215105,0.02894630240798,-0.003));
#4634=CARTESIAN_POINT('',(-0.0179749996215105,0.02894630240798,-0.003));
#4635=CARTESIAN_POINT('',(-0.0179749996215105,0.02894630240798,-0.0032));
#4636=CARTESIAN_POINT('',(-0.0179749996215105,0.02784630240798,-0.0034));
#4637=CARTESIAN_POINT('',(-0.0179749996215105,0.02674630240798,-0.0034));
#4638=CARTESIAN_POINT('',(-0.0216453289303595,0.02674630240798,-0.0034));
#4639=CARTESIAN_POINT('',(-0.0199749996215105,0.02784630240798,-0.0034));
#4640=CARTESIAN_POINT('',(-0.0216453289303595,0.02894630240798,-0.0034));
#4641=CARTESIAN_POINT('',(-0.0179749996215105,0.02894630240798,-0.0034));
#4642=CARTESIAN_POINT('',(-0.0179749996215105,0.02784630240798,-0.0034));
#4643=CARTESIAN_POINT('',(-0.0199749996215105,0.02784630240798,-0.0034));
#4644=CARTESIAN_POINT('',(-0.0183046703126615,0.02674630240798,-0.0034));
#4645=CARTESIAN_POINT('',(-0.0183046703126615,0.02894630240798,-0.0034));
#4646=CARTESIAN_POINT('',(-0.0179749996215105,0.02674630240798,-0.0034));
#4647=CARTESIAN_POINT('',(-0.0179749996215105,0.02894630240798,-0.0034));
#4648=CARTESIAN_POINT('',(-0.0179749996215105,0.02784630240798,-0.003));
#4649=CARTESIAN_POINT('',(-0.0199749996215105,0.02784630240798,-0.003));
#4650=CARTESIAN_POINT('',(-0.0179749996215105,0.02784630240798,-0.003));
#4651=CARTESIAN_POINT('',(-0.0199749996215105,0.02784630240798,-0.003));
#4652=CARTESIAN_POINT('',(-0.0179749996215105,0.02784630240798,-0.0032));
#4653=CARTESIAN_POINT('',(-0.0199749996215105,0.02784630240798,-0.0032));
#4654=CARTESIAN_POINT('',(-0.0179749996215105,0.02784630240798,-0.0032));
#4655=CARTESIAN_POINT('',(-0.0199749996215105,0.02784630240798,-0.0032));
#4656=CARTESIAN_POINT('',(-0.0179749996215105,0.02784630240798,-0.003));
#4657=CARTESIAN_POINT('',(-0.0199749996215105,0.02784630240798,-0.003));
#4658=CARTESIAN_POINT('',(-0.0179749996215105,0.02784630240798,-0.0034));
#4659=CARTESIAN_POINT('',(-0.0199749996215105,0.02784630240798,-0.0034));
#4660=CARTESIAN_POINT('',(-0.0179749996215105,0.02784630240798,-0.0034));
#4661=CARTESIAN_POINT('',(-0.0199749996215105,0.02784630240798,-0.0034));
#4662=CARTESIAN_POINT('',(-0.0179749996215105,0.02784630240798,-0.003));
#4663=CARTESIAN_POINT('',(-0.0199749996215105,0.02784630240798,-0.003));
#4664=CARTESIAN_POINT('',(-0.0179749996215105,0.02784630240798,-0.0034));
#4665=CARTESIAN_POINT('',(-0.0199749996215105,0.02784630240798,-0.0034));
#4666=CARTESIAN_POINT('',(-0.0229749996215105,0.020000000923872,0.));
#4667=CARTESIAN_POINT('',(-0.0229749996215105,0.038390001847744,0.));
#4668=CARTESIAN_POINT('',(-0.0229749996215105,0.038390001847744,-0.00475));
#4669=CARTESIAN_POINT('',(-0.0229749996215105,0.038390001847744,-0.002));
#4670=CARTESIAN_POINT('',(-0.0229749996215105,0.038390001847744,-0.00475));
#4671=CARTESIAN_POINT('',(-0.0229749996215105,0.0383872288302609,-0.00475000383467316));
#4672=CARTESIAN_POINT('',(-0.0229749996215105,0.0383844558114521,-0.00475000575201707));
#4673=CARTESIAN_POINT('',(-0.0229749996215105,0.0383816827913176,-0.00475000575202074));
#4674=CARTESIAN_POINT('',(-0.0229749996215105,0.0383816827833634,-0.00475));
#4675=CARTESIAN_POINT('',(-0.0229749996215105,0.020000000923872,-0.00475));
#4676=CARTESIAN_POINT('',(-0.0229749996215105,0.006,-0.00475));
#4677=CARTESIAN_POINT('',(-0.0229749996215105,0.006,0.));
#4678=CARTESIAN_POINT('',(-0.0229749996215105,0.006,0.005));
#4679=CARTESIAN_POINT('',(-0.0229749996215105,0.020000000923872,0.005));
#4680=CARTESIAN_POINT('',(-0.0229749996215105,0.038390001847744,0.005));
#4681=CARTESIAN_POINT('',(-0.0229749996215105,0.038390001847744,0.));
#4682=CARTESIAN_POINT('',(-0.0229749996215105,0.038390001847744,0.0042));
#4683=CARTESIAN_POINT('',(-0.0229749996215105,0.03093580240798,0.0042));
#4684=CARTESIAN_POINT('',(-0.0229749996215105,0.0225463024079799,0.0042));
#4685=CARTESIAN_POINT('',(-0.0229749996215105,0.0225463024079799,0.));
#4686=CARTESIAN_POINT('',(-0.0229749996215105,0.0225463024079799,-0.002));
#4687=CARTESIAN_POINT('',(-0.0229749996215105,0.03093580240798,-0.002));
#4688=CARTESIAN_POINT('',(-0.0169591312694019,0.0383816827833634,0.));
#4689=CARTESIAN_POINT('',(-0.0203859899193048,0.0433261120760441,0.));
#4690=CARTESIAN_POINT('',(-0.0203859899193048,0.0433261120760441,-0.00475));
#4691=CARTESIAN_POINT('',(-0.0203859899193048,0.0433261120760441,0.005));
#4692=CARTESIAN_POINT('',(-0.0169591312694019,0.0383816827833634,-0.00475));
#4693=CARTESIAN_POINT('',(-0.0169591312694019,0.0383816827833634,-0.002));
#4694=CARTESIAN_POINT('',(-0.022916721458829,0.03754630240798,-0.002));
#4695=CARTESIAN_POINT('',(-0.022916721458829,0.03754630240798,-0.002));
#4696=CARTESIAN_POINT('',(-0.022916721458829,0.03754630240798,0.0042));
#4697=CARTESIAN_POINT('',(-0.0169591312694019,0.0383816827833634,0.0042));
#4698=CARTESIAN_POINT('',(-0.0169591312694019,0.0383816827833634,0.005));
#4699=CARTESIAN_POINT('',(3.46944695195361E-18,0.0355000011622906,0.005));
#4700=CARTESIAN_POINT('',(1.98734516744601E-9,0.0632500056087682,0.005));
#4701=CARTESIAN_POINT('',(-0.00329999801265483,0.0632500056087682,0.005));
#4702=CARTESIAN_POINT('',(-0.0194750005969525,0.0140000086789173,0.005));
#4703=CARTESIAN_POINT('',(-0.0194750005969525,0.0169000086789173,0.005));
#4704=CARTESIAN_POINT('',(0.0194749959517416,0.0140000111841353,0.005));
#4705=CARTESIAN_POINT('',(0.0194749959517416,0.0169000111841353,0.005));
#4706=CARTESIAN_POINT('',(-0.0125000001862645,0.061000012761572,0.005));
#4707=CARTESIAN_POINT('',(-0.014550000347197,0.0609999992534301,0.005));
#4708=CARTESIAN_POINT('',(-0.0104500000252983,0.061000012761572,0.005));
#4709=CARTESIAN_POINT('',(-0.010450000025332,0.0150000005960464,0.005));
#4710=CARTESIAN_POINT('',(-0.0104500000253317,0.0150000005960464,0.005));
#4711=CARTESIAN_POINT('',(-0.0125000001862645,0.0150000024897336,0.005));
#4712=CARTESIAN_POINT('',(-0.0145500003471982,0.0150000024897336,0.005));
#4713=CARTESIAN_POINT('',(-0.014550000347197,0.0610000025480986,0.005));
#4714=CARTESIAN_POINT('',(0.0226999297653635,0.0445462696852572,0.005));
#4715=CARTESIAN_POINT('',(0.0179020706564189,0.040943533182144,0.005));
#4716=CARTESIAN_POINT('',(0.0166999995708465,0.04454630240798,0.005));
#4717=CARTESIAN_POINT('',(0.0166999995708465,0.0572731523662806,0.005));
#4718=CARTESIAN_POINT('',(0.0166999995708465,0.0700000023245812,0.005));
#4719=CARTESIAN_POINT('',(0.0156999995708465,0.0700000023245812,0.005));
#4720=CARTESIAN_POINT('',(0.0156999995708465,0.0710000023245812,0.005));
#4721=CARTESIAN_POINT('',(0.0120499996356666,0.0710000023245812,0.005));
#4722=CARTESIAN_POINT('',(0.00839999970048666,0.0710000023245812,0.005));
#4723=CARTESIAN_POINT('',(0.00839999970048666,0.0693000023020431,0.005));
#4724=CARTESIAN_POINT('',(0.00839999970048666,0.0676000022795051,0.005));
#4725=CARTESIAN_POINT('',(3.46944695195361E-18,0.0676000022795051,0.005));
#4726=CARTESIAN_POINT('',(-0.00839999970048666,0.0676000022795051,0.005));
#4727=CARTESIAN_POINT('',(-0.00839999970048666,0.0693000023020431,0.005));
#4728=CARTESIAN_POINT('',(-0.00839999970048666,0.0710000023245812,0.005));
#4729=CARTESIAN_POINT('',(-0.0120499996356666,0.0710000023245812,0.005));
#4730=CARTESIAN_POINT('',(-0.0156999995708465,0.0710000023245812,0.005));
#4731=CARTESIAN_POINT('',(-0.0156999995708465,0.0700000023245812,0.005));
#4732=CARTESIAN_POINT('',(-0.0166999995708465,0.0700000023245812,0.005));
#4733=CARTESIAN_POINT('',(-0.0166999995708465,0.0572731523662806,0.005));
#4734=CARTESIAN_POINT('',(-0.0166999995708465,0.04893630240798,0.005));
#4735=CARTESIAN_POINT('',(-0.0229284193031836,0.0490125056719532,0.005));
#4736=CARTESIAN_POINT('',(-0.0169749996215105,0.006,0.005));
#4737=CARTESIAN_POINT('',(-0.0169749996215105,0.,0.005));
#4738=CARTESIAN_POINT('',(0.,0.,0.005));
#4739=CARTESIAN_POINT('',(0.0169749996215105,0.,0.005));
#4740=CARTESIAN_POINT('',(0.0169749996215105,0.006,0.005));
#4741=CARTESIAN_POINT('',(0.0229749996215105,0.006,0.005));
#4742=CARTESIAN_POINT('',(0.0229749996215105,0.020000000923872,0.005));
#4743=CARTESIAN_POINT('',(0.0229749996215105,0.034000001847744,0.005));
#4744=CARTESIAN_POINT('',(0.0169749041156907,0.0339999557047902,0.005));
#4745=CARTESIAN_POINT('',(0.0203859899193048,0.0389361120760441,0.005));
#4746=CARTESIAN_POINT('',(0.0229895921180391,0.0446981989745305,0.005));
#4747=CARTESIAN_POINT('',(-0.00418820511549711,0.0333230271935463,0.005));
#4748=CARTESIAN_POINT('',(-0.00308335874512875,0.0394107170657811,0.005));
#4749=CARTESIAN_POINT('',(-0.00540000014007091,0.0266460515558719,0.005));
#4750=CARTESIAN_POINT('',(-0.00357532221134334,0.0395000028312207,0.005));
#4751=CARTESIAN_POINT('',(-0.00357532221134334,0.0400000028312206,0.005));
#4752=CARTESIAN_POINT('',(-0.00558820506557822,0.0400000028312206,0.005));
#4753=CARTESIAN_POINT('',(-0.00770000004023313,0.0400000028312206,0.005));
#4754=CARTESIAN_POINT('',(-0.00770000004023313,0.0405000028312206,0.005));
#4755=CARTESIAN_POINT('',(-0.00820000004023313,0.0405000028312206,0.005));
#4756=CARTESIAN_POINT('',(-0.00820000004023313,0.0478958156634208,0.005));
#4757=CARTESIAN_POINT('',(-0.00820000004023313,0.0548000029176474,0.005));
#4758=CARTESIAN_POINT('',(-0.00770000004023313,0.0548000029176474,0.005));
#4759=CARTESIAN_POINT('',(-0.00770000004023313,0.0553000029176474,0.005));
#4760=CARTESIAN_POINT('',(3.46944695195361E-18,0.0553000029176474,0.005));
#4761=CARTESIAN_POINT('',(0.00770000004023314,0.0553000029176474,0.005));
#4762=CARTESIAN_POINT('',(0.00770000004023314,0.0548000029176474,0.005));
#4763=CARTESIAN_POINT('',(0.00820000004023314,0.0548000029176474,0.005));
#4764=CARTESIAN_POINT('',(0.00820000004023314,0.0478958077728748,0.005));
#4765=CARTESIAN_POINT('',(0.00820000004023314,0.0407842129035576,0.005));
#4766=CARTESIAN_POINT('',(0.00870000004023314,0.0407842129035576,0.005));
#4767=CARTESIAN_POINT('',(0.00845142842212513,0.0403503786602444,0.005));
#4768=CARTESIAN_POINT('',(-8.44342073601928E-9,0.0256000111589938,0.005));
#4769=CARTESIAN_POINT('',(0.0101514284182812,0.0392363030360819,0.005));
#4770=CARTESIAN_POINT('',(0.010450000025332,0.0396373703564448,0.005));
#4771=CARTESIAN_POINT('',(0.010450000025332,0.0391373703564448,0.005));
#4772=CARTESIAN_POINT('',(0.010450000025332,0.0355000011622906,0.005));
#4773=CARTESIAN_POINT('',(0.010450000025332,0.0610000075825385,0.005));
#4774=CARTESIAN_POINT('',(0.0124999979623384,0.0610000075825385,0.005));
#4775=CARTESIAN_POINT('',(0.0145410352904223,0.0608085443559597,0.005));
#4776=CARTESIAN_POINT('',(0.0145498834353089,0.0355050889842827,0.005));
#4777=CARTESIAN_POINT('',(0.014550272853153,0.0343914524916102,0.005));
#4778=CARTESIAN_POINT('',(-8.44342077288215E-9,0.0256000111589937,0.005));
#4779=CARTESIAN_POINT('',(-0.00179122362761456,0.00869463702299252,0.005));
#4780=CARTESIAN_POINT('',(-0.00168585805160704,0.00968907057803409,0.005));
#4781=CARTESIAN_POINT('',(-0.00266978498402961,0.00951049904711853,0.005));
#4782=CARTESIAN_POINT('',(-0.00396957504563033,0.0166723262518645,0.005));
#4783=CARTESIAN_POINT('',(-0.00540000014007091,0.0245539508759975,0.005));
#4784=CARTESIAN_POINT('',(2.11158072411437E-5,0.0256000012159347,0.005));
#4785=CARTESIAN_POINT('',(0.0106,0.0065,0.005));
#4786=CARTESIAN_POINT('',(0.0106,0.0095,0.005));
#4787=CARTESIAN_POINT('',(0.0106,0.0035,0.005));
#4788=CARTESIAN_POINT('',(0.0135,0.0095,0.005));
#4789=CARTESIAN_POINT('',(0.0164,0.0095,0.005));
#4790=CARTESIAN_POINT('',(0.0164,0.0065,0.005));
#4791=CARTESIAN_POINT('',(0.0164,0.0035,0.005));
#4792=CARTESIAN_POINT('',(0.0135,0.0035,0.005));
#4793=CARTESIAN_POINT('',(-0.0106,0.0065,0.005));
#4794=CARTESIAN_POINT('',(-0.0106,0.0095,0.005));
#4795=CARTESIAN_POINT('',(-0.0106,0.0035,0.005));
#4796=CARTESIAN_POINT('',(-0.0135,0.0035,0.005));
#4797=CARTESIAN_POINT('',(-0.0164,0.0035,0.005));
#4798=CARTESIAN_POINT('',(-0.0164,0.0065,0.005));
#4799=CARTESIAN_POINT('',(-0.0164,0.0095,0.005));
#4800=CARTESIAN_POINT('',(-0.0135,0.0095,0.005));
#4801=CARTESIAN_POINT('',(0.01535,0.0065,-0.108713167381824));
#4802=CARTESIAN_POINT('',(0.01535,0.0095,-0.108713167381824));
#4803=CARTESIAN_POINT('',(0.01535,0.0095,-0.00475));
#4804=CARTESIAN_POINT('',(0.01535,0.0095,0.0016));
#4805=CARTESIAN_POINT('',(0.01535,0.0065,-0.00475));
#4806=CARTESIAN_POINT('',(0.01535,0.0035,-0.00475));
#4807=CARTESIAN_POINT('',(0.01535,0.0035,-0.108713167381824));
#4808=CARTESIAN_POINT('',(0.01535,0.0035,0.0016));
#4809=CARTESIAN_POINT('',(0.01535,0.0065,0.0016));
#4810=CARTESIAN_POINT('',(0.0135,0.0095,-0.108713167381824));
#4811=CARTESIAN_POINT('',(0.01165,0.0095,-0.108713167381824));
#4812=CARTESIAN_POINT('',(0.01165,0.0095,-0.00475));
#4813=CARTESIAN_POINT('',(0.01165,0.0095,0.0016));
#4814=CARTESIAN_POINT('',(0.0135,0.0095,-0.00475));
#4815=CARTESIAN_POINT('',(0.0135,0.0095,0.0016));
#4816=CARTESIAN_POINT('',(0.01165,0.0065,-0.108713167381824));
#4817=CARTESIAN_POINT('',(0.01165,0.0035,-0.108713167381824));
#4818=CARTESIAN_POINT('',(0.01165,0.0035,-0.00475));
#4819=CARTESIAN_POINT('',(0.01165,0.0035,0.0016));
#4820=CARTESIAN_POINT('',(0.01165,0.0095,-0.00475));
#4821=CARTESIAN_POINT('',(0.01165,0.0065,0.0016));
#4822=CARTESIAN_POINT('',(0.0135,0.0035,-0.108713167381824));
#4823=CARTESIAN_POINT('',(0.0135,0.0035,-0.00475));
#4824=CARTESIAN_POINT('',(0.0135,0.0035,0.0016));
#4825=CARTESIAN_POINT('',(-0.01165,0.0065,-0.108713167381824));
#4826=CARTESIAN_POINT('',(-0.01165,0.0095,-0.108713167381824));
#4827=CARTESIAN_POINT('',(-0.01165,0.0095,-0.00475));
#4828=CARTESIAN_POINT('',(-0.01165,0.0095,0.0016));
#4829=CARTESIAN_POINT('',(-0.01165,0.0065,-0.00475));
#4830=CARTESIAN_POINT('',(-0.01165,0.0035,-0.00475));
#4831=CARTESIAN_POINT('',(-0.01165,0.0035,-0.108713167381824));
#4832=CARTESIAN_POINT('',(-0.01165,0.0035,0.0016));
#4833=CARTESIAN_POINT('',(-0.01165,0.0065,0.0016));
#4834=CARTESIAN_POINT('',(-0.0135,0.0095,-0.108713167381824));
#4835=CARTESIAN_POINT('',(-0.01535,0.0095,-0.108713167381824));
#4836=CARTESIAN_POINT('',(-0.01535,0.0095,-0.00475));
#4837=CARTESIAN_POINT('',(-0.01535,0.0095,0.0016));
#4838=CARTESIAN_POINT('',(-0.0135,0.0095,-0.00475));
#4839=CARTESIAN_POINT('',(-0.0135,0.0095,0.0016));
#4840=CARTESIAN_POINT('',(-0.01535,0.0065,-0.108713167381824));
#4841=CARTESIAN_POINT('',(-0.01535,0.0035,-0.108713167381824));
#4842=CARTESIAN_POINT('',(-0.01535,0.0035,-0.00475));
#4843=CARTESIAN_POINT('',(-0.01535,0.0035,0.0016));
#4844=CARTESIAN_POINT('',(-0.01535,0.0095,-0.00475));
#4845=CARTESIAN_POINT('',(-0.01535,0.0065,0.0016));
#4846=CARTESIAN_POINT('',(-0.0135,0.0035,-0.108713167381824));
#4847=CARTESIAN_POINT('',(-0.0135,0.0035,-0.00475));
#4848=CARTESIAN_POINT('',(-0.0135,0.0035,0.0016));
#4849=CARTESIAN_POINT('',(3.46944695195361E-18,0.0355000011622906,-0.005));
#4850=CARTESIAN_POINT('',(-0.0125000001862645,0.0150000024897336,-0.005));
#4851=CARTESIAN_POINT('',(-0.0143000003471982,0.0150000024897336,-0.005));
#4852=CARTESIAN_POINT('',(-0.0107000000253318,0.0150000005960464,-0.005));
#4853=CARTESIAN_POINT('',(-0.010700000025332,0.0355000011622906,-0.005));
#4854=CARTESIAN_POINT('',(-0.0107000000252983,0.061000012761572,-0.005));
#4855=CARTESIAN_POINT('',(-0.0125000001862645,0.061000012761572,-0.005));
#4856=CARTESIAN_POINT('',(-0.014300000347197,0.0610000009007643,-0.005));
#4857=CARTESIAN_POINT('',(-0.014300000347197,0.0355000011622906,-0.005));
#4858=CARTESIAN_POINT('',(2.11158072411437E-5,0.0256000012159347,-0.005));
#4859=CARTESIAN_POINT('',(-0.00564573725760569,0.0266920422673789,-0.005));
#4860=CARTESIAN_POINT('',(-0.00564573725760482,0.024507960164486,-0.005));
#4861=CARTESIAN_POINT('',(-0.00739702348181301,0.0341575256553813,-0.005));
#4862=CARTESIAN_POINT('',(-0.00291576671713525,0.00946585616438964,-0.005));
#4863=CARTESIAN_POINT('',(-0.00168585805160704,0.00968907057803409,-0.005));
#4864=CARTESIAN_POINT('',(-0.00181756502161644,0.00844602863423213,-0.005));
#4865=CARTESIAN_POINT('',(-8.44342077288215E-9,0.0256000111589937,-0.005));
#4866=CARTESIAN_POINT('',(0.0142999735103184,0.0352474535401379,-0.005));
#4867=CARTESIAN_POINT('',(0.0142910265178092,0.0608335880995002,-0.005));
#4868=CARTESIAN_POINT('',(0.0142910310652703,0.0608205835109687,-0.005));
#4869=CARTESIAN_POINT('',(0.0124999979623384,0.0610000075825385,-0.005));
#4870=CARTESIAN_POINT('',(0.010700000025332,0.0610000075825385,-0.005));
#4871=CARTESIAN_POINT('',(0.010700000025332,0.0396373703564448,-0.005));
#4872=CARTESIAN_POINT('',(0.010700000025332,0.0396373703564448,-0.005));
#4873=CARTESIAN_POINT('',(0.010450000025332,0.0396373703564448,-0.005));
#4874=CARTESIAN_POINT('',(0.0103007142218066,0.0394368366962633,-0.005));
#4875=CARTESIAN_POINT('',(-8.44342073601928E-9,0.0256000111589938,-0.005));
#4876=CARTESIAN_POINT('',(0.00857571423117914,0.040567295781901,-0.005));
#4877=CARTESIAN_POINT('',(0.00870000004023314,0.0407842129035576,-0.005));
#4878=CARTESIAN_POINT('',(0.00845000004023314,0.0407842129035576,-0.005));
#4879=CARTESIAN_POINT('',(0.00845000004023314,0.0548000029176474,-0.005));
#4880=CARTESIAN_POINT('',(0.00845000004023314,0.0548000029176474,-0.005));
#4881=CARTESIAN_POINT('',(0.00770000004023314,0.0548000029176474,-0.005));
#4882=CARTESIAN_POINT('',(0.00770000004023314,0.0555500029176474,-0.005));
#4883=CARTESIAN_POINT('',(-0.00770000004023313,0.0555500029176474,-0.005));
#4884=CARTESIAN_POINT('',(-0.00770000004023313,0.0555500029176474,-0.005));
#4885=CARTESIAN_POINT('',(-0.00770000004023313,0.0548000029176474,-0.005));
#4886=CARTESIAN_POINT('',(-0.00845000004023313,0.0548000029176474,-0.005));
#4887=CARTESIAN_POINT('',(-0.00845000004023313,0.0405000028312206,-0.005));
#4888=CARTESIAN_POINT('',(-0.00845000004023313,0.0405000028312206,-0.005));
#4889=CARTESIAN_POINT('',(-0.00770000004023313,0.0405000028312206,-0.005));
#4890=CARTESIAN_POINT('',(-0.00770000004023313,0.0397500028312207,-0.005));
#4891=CARTESIAN_POINT('',(-0.00357532221134334,0.0397500028312207,-0.005));
#4892=CARTESIAN_POINT('',(-0.00357532221134334,0.0397500028312207,-0.005));
#4893=CARTESIAN_POINT('',(-0.00357532221134334,0.0395000028312207,-0.005));
#4894=CARTESIAN_POINT('',(-0.00332934047823605,0.0394553599485008,-0.005));
#4895=CARTESIAN_POINT('',(-0.00564598187317821,0.0266906944385918,-0.005));
#4896=CARTESIAN_POINT('',(3.46944695195361E-18,0.00025,-0.005));
#4897=CARTESIAN_POINT('',(0.0169749996215105,0.00025,-0.005));
#4898=CARTESIAN_POINT('',(-0.0169749996215105,0.00025,-0.005));
#4899=CARTESIAN_POINT('',(-0.0169749996215105,0.006,-0.005));
#4900=CARTESIAN_POINT('',(-0.0227249996215105,0.006,-0.005));
#4901=CARTESIAN_POINT('',(-0.0227249996215105,0.0355000011622906,-0.005));
#4902=CARTESIAN_POINT('',(-0.0227249996215105,0.0383816827833634,-0.005));
#4903=CARTESIAN_POINT('',(-0.0169591312694019,0.0383816827833634,-0.005));
#4904=CARTESIAN_POINT('',(-0.0202622889769122,0.0431076169073207,-0.005));
#4905=CARTESIAN_POINT('',(-0.0229284193031836,0.0490125056719532,-0.005));
#4906=CARTESIAN_POINT('',(-0.0164499995708465,0.0489347881641927,-0.005));
#4907=CARTESIAN_POINT('',(-0.0164499995708465,0.0355000011622906,-0.005));
#4908=CARTESIAN_POINT('',(-0.0164499995708465,0.0700000023245812,-0.005));
#4909=CARTESIAN_POINT('',(-0.0156999995708465,0.0700000023245812,-0.005));
#4910=CARTESIAN_POINT('',(-0.0156999995708465,0.0707500023245812,-0.005));
#4911=CARTESIAN_POINT('',(3.46944695195361E-18,0.0707500023245812,-0.005));
#4912=CARTESIAN_POINT('',(-0.00864999970048666,0.0707500023245812,-0.005));
#4913=CARTESIAN_POINT('',(-0.00864999970048666,0.0355000011622906,-0.005));
#4914=CARTESIAN_POINT('',(-0.00864999970048666,0.0673500022795051,-0.005));
#4915=CARTESIAN_POINT('',(0.00839999970048666,0.0673500022795051,-0.005));
#4916=CARTESIAN_POINT('',(0.00864999970048666,0.0673500022795051,-0.005));
#4917=CARTESIAN_POINT('',(0.00864999970048666,0.0355000011622906,-0.005));
#4918=CARTESIAN_POINT('',(0.00864999970048666,0.0707500023245812,-0.005));
#4919=CARTESIAN_POINT('',(3.46944695195361E-18,0.0707500023245812,-0.005));
#4920=CARTESIAN_POINT('',(0.0156999995708465,0.0707500023245812,-0.005));
#4921=CARTESIAN_POINT('',(0.0156999995708465,0.0700000023245812,-0.005));
#4922=CARTESIAN_POINT('',(0.0164499995708465,0.0700000023245812,-0.005));
#4923=CARTESIAN_POINT('',(0.0164499995708465,0.0355000011622906,-0.005));
#4924=CARTESIAN_POINT('',(0.016449999570843,0.04454630240798,-0.005));
#4925=CARTESIAN_POINT('',(0.0226999297653635,0.0445462696852572,-0.005));
#4926=CARTESIAN_POINT('',(0.0177021508808436,0.0407934125010507,-0.005));
#4927=CARTESIAN_POINT('',(0.0229895921180391,0.0446981989745305,-0.005));
#4928=CARTESIAN_POINT('',(0.020262052595344,0.038717821027243,-0.005));
#4929=CARTESIAN_POINT('',(0.0169749041156907,0.0339999557047902,-0.005));
#4930=CARTESIAN_POINT('',(0.0227249996215105,0.0339999999251515,-0.005));
#4931=CARTESIAN_POINT('',(0.0227249996215105,0.0355000011622906,-0.005));
#4932=CARTESIAN_POINT('',(0.0227249996215105,0.006,-0.005));
#4933=CARTESIAN_POINT('',(0.0169749996215105,0.006,-0.005));
#4934=CARTESIAN_POINT('',(-0.0194750005969525,0.0140000086789173,-0.005));
#4935=CARTESIAN_POINT('',(-0.0215750005969525,0.0140000086789173,-0.005));
#4936=CARTESIAN_POINT('',(0.0194749959517416,0.0140000111841353,-0.005));
#4937=CARTESIAN_POINT('',(0.0173749959517416,0.0140000111841353,-0.005));
#4938=CARTESIAN_POINT('',(-0.0135,0.0095,-0.005));
#4939=CARTESIAN_POINT('',(-0.0114,0.0095,-0.005));
#4940=CARTESIAN_POINT('',(-0.0156,0.0095,-0.005));
#4941=CARTESIAN_POINT('',(-0.0156,0.0035,-0.005));
#4942=CARTESIAN_POINT('',(-0.0156,0.0035,-0.005));
#4943=CARTESIAN_POINT('',(-0.0135,0.0035,-0.005));
#4944=CARTESIAN_POINT('',(-0.0114,0.0035,-0.005));
#4945=CARTESIAN_POINT('',(-0.0114,0.0355000011622906,-0.005));
#4946=CARTESIAN_POINT('',(0.0135,0.0095,-0.005));
#4947=CARTESIAN_POINT('',(0.0156,0.0095,-0.005));
#4948=CARTESIAN_POINT('',(0.0114,0.0095,-0.005));
#4949=CARTESIAN_POINT('',(0.0114,0.0035,-0.005));
#4950=CARTESIAN_POINT('',(0.0114,0.0035,-0.005));
#4951=CARTESIAN_POINT('',(0.0135,0.0035,-0.005));
#4952=CARTESIAN_POINT('',(0.0156,0.0035,-0.005));
#4953=CARTESIAN_POINT('',(0.0156,0.0355000011622906,-0.005));
#4954=CARTESIAN_POINT('',(-0.0199749996215105,0.03434630240798,-0.005));
#4955=CARTESIAN_POINT('',(-0.0222249996215105,0.03434630240798,-0.005));
#4956=CARTESIAN_POINT('',(-0.0199749996215105,0.02784630240798,-0.005));
#4957=CARTESIAN_POINT('',(-0.0222249996215105,0.02784630240798,-0.005));
#4958=CARTESIAN_POINT('',(-0.00396957504563033,0.0166723262518645,0.));
#4959=CARTESIAN_POINT('',(-0.00266978498402961,0.00951049904711853,0.));
#4960=CARTESIAN_POINT('',(-0.00266978498402961,0.00951049904711853,-0.00475));
#4961=CARTESIAN_POINT('',(-0.00396957504563033,0.0166723262518645,-0.00475));
#4962=CARTESIAN_POINT('',(-0.00540000014007091,0.0245539508759975,-0.00475));
#4963=CARTESIAN_POINT('',(-0.00540000014007091,0.0245539508759975,0.));
#4964=CARTESIAN_POINT('',(-8.44342077288215E-9,0.0256000111589937,0.));
#4965=CARTESIAN_POINT('',(0.0140500003471971,0.0351706631481647,0.));
#4966=CARTESIAN_POINT('',(0.0140500003471971,0.0351706631481647,-0.00475));
#4967=CARTESIAN_POINT('',(0.0140500003471971,0.0351706631481647,0.0045));
#4968=CARTESIAN_POINT('',(-8.44342077288215E-9,0.0256000111589937,-0.00475));
#4969=CARTESIAN_POINT('',(-0.00179122362761456,0.00869463702299252,-0.00475));
#4970=CARTESIAN_POINT('',(-0.00179122362761456,0.00869463702299252,0.));
#4971=CARTESIAN_POINT('',(-8.44342077288215E-9,0.0256000111589937,-0.00955335460933941));
#4972=CARTESIAN_POINT('',(0.0140455134401454,0.048002081913674,0.));
#4973=CARTESIAN_POINT('',(0.0140410265330938,0.0608335006791833,0.));
#4974=CARTESIAN_POINT('',(0.0140410265330938,0.0608335006791833,-0.00475));
#4975=CARTESIAN_POINT('',(0.0140410265330938,0.0608335006791833,0.0045));
#4976=CARTESIAN_POINT('',(0.0140500003471971,0.0351706631481647,-0.00475));
#4977=CARTESIAN_POINT('',(0.0140455134401454,0.048002081913674,0.0045));
#4978=CARTESIAN_POINT('',(0.0124999979623384,0.0610000075825385,0.));
#4979=CARTESIAN_POINT('',(0.0109500000253238,0.0610000075825385,0.));
#4980=CARTESIAN_POINT('',(0.0109500000253238,0.0610000075825385,-0.00475));
#4981=CARTESIAN_POINT('',(0.0109500000253238,0.0610000075825385,0.0045));
#4982=CARTESIAN_POINT('',(0.0124999979623384,0.0610000075825385,-0.00475));
#4983=CARTESIAN_POINT('',(0.0124999979623384,0.0610000075825385,0.0045));
#4984=CARTESIAN_POINT('',(0.010950000025332,0.0498018776997924,0.));
#4985=CARTESIAN_POINT('',(0.010950000025332,0.0396373703564448,0.));
#4986=CARTESIAN_POINT('',(0.010950000025332,0.0396373703564448,0.0045));
#4987=CARTESIAN_POINT('',(0.010950000025332,0.0396373703564448,-0.00475));
#4988=CARTESIAN_POINT('',(0.010950000025332,0.0610000075825385,-0.00475));
#4989=CARTESIAN_POINT('',(0.010950000025332,0.0498018776997924,0.0045));
#4990=CARTESIAN_POINT('',(-8.44342073601928E-9,0.0256000111589938,0.));
#4991=CARTESIAN_POINT('',(0.00845142842212513,0.0403503786602444,0.));
#4992=CARTESIAN_POINT('',(0.00845142842212513,0.0403503786602444,-0.00475));
#4993=CARTESIAN_POINT('',(-8.44342073601928E-9,0.0256000111589938,-0.00475));
#4994=CARTESIAN_POINT('',(0.0101514284182812,0.0392363030360819,-0.00475));
#4995=CARTESIAN_POINT('',(0.0101514284182812,0.0392363030360819,0.));
#4996=CARTESIAN_POINT('',(0.00820000004023314,0.0478958077728748,0.));
#4997=CARTESIAN_POINT('',(0.00820000004023314,0.0548000029176474,0.));
#4998=CARTESIAN_POINT('',(0.00820000004023314,0.0548000029176474,-0.00475));
#4999=CARTESIAN_POINT('',(0.00820000004023314,0.0407842129035576,-0.00475));
#5000=CARTESIAN_POINT('',(0.00820000004023314,0.0407842129035576,-0.00475));
#5001=CARTESIAN_POINT('',(0.00820000004023314,0.0407842129035576,0.005));
#5002=CARTESIAN_POINT('',(3.46944695195361E-18,0.0553000029176474,0.));
#5003=CARTESIAN_POINT('',(-0.00770000004023313,0.0553000029176474,0.));
#5004=CARTESIAN_POINT('',(-0.00770000004023313,0.0553000029176474,-0.00475));
#5005=CARTESIAN_POINT('',(0.00770000004023314,0.0553000029176474,-0.00475));
#5006=CARTESIAN_POINT('',(0.00770000004023314,0.0553000029176474,-0.00475));
#5007=CARTESIAN_POINT('',(0.00770000004023314,0.0553000029176474,0.005));
#5008=CARTESIAN_POINT('',(-0.00820000004023313,0.0478958156634208,0.));
#5009=CARTESIAN_POINT('',(-0.00820000004023313,0.0405000028312206,0.));
#5010=CARTESIAN_POINT('',(-0.00820000004023313,0.0405000028312206,-0.00475));
#5011=CARTESIAN_POINT('',(-0.00820000004023313,0.0548000029176474,-0.00475));
#5012=CARTESIAN_POINT('',(-0.00820000004023313,0.0548000029176474,-0.00475));
#5013=CARTESIAN_POINT('',(-0.00820000004023313,0.0548000029176474,0.005));
#5014=CARTESIAN_POINT('',(-0.00558820506557822,0.0400000028312206,0.));
#5015=CARTESIAN_POINT('',(-0.00357532221134334,0.0400000028312206,0.));
#5016=CARTESIAN_POINT('',(-0.00357532221134334,0.0400000028312206,-0.00475));
#5017=CARTESIAN_POINT('',(-0.00770000004023313,0.0400000028312206,-0.00475));
#5018=CARTESIAN_POINT('',(-0.00770000004023313,0.0400000028312206,-0.00475));
#5019=CARTESIAN_POINT('',(-0.00770000004023313,0.0400000028312206,0.005));
#5020=CARTESIAN_POINT('',(-0.00418820511549711,0.0333230271935463,0.));
#5021=CARTESIAN_POINT('',(-0.00540000014007091,0.0266460515558719,0.));
#5022=CARTESIAN_POINT('',(-0.00540000014007091,0.0266460515558719,-0.00475));
#5023=CARTESIAN_POINT('',(-0.00308335874512875,0.0394107170657811,-0.00475));
#5024=CARTESIAN_POINT('',(-0.00308335874512875,0.0394107170657811,-0.00475));
#5025=CARTESIAN_POINT('',(-0.00308335874512875,0.0394107170657811,0.));
#5026=CARTESIAN_POINT('',(0.0226999297653635,0.0445462696852572,0.));
#5027=CARTESIAN_POINT('',(0.0179020706564189,0.040943533182144,0.));
#5028=CARTESIAN_POINT('',(0.0179020706564189,0.040943533182144,-0.00475));
#5029=CARTESIAN_POINT('',(0.0226999297653635,0.0445462696852572,-0.00475));
#5030=CARTESIAN_POINT('',(0.0166999995708465,0.04454630240798,-0.00475));
#5031=CARTESIAN_POINT('',(0.0166999995708465,0.04454630240798,0.));
#5032=CARTESIAN_POINT('',(0.0229895921180391,0.0446981989745305,0.));
#5033=CARTESIAN_POINT('',(0.0203859899193048,0.0389361120760441,0.));
#5034=CARTESIAN_POINT('',(0.0203859899193048,0.0389361120760441,-0.00475));
#5035=CARTESIAN_POINT('',(0.0229895921180391,0.0446981989745305,-0.00475));
#5036=CARTESIAN_POINT('',(0.0169749041156907,0.0339999557047902,0.));
#5037=CARTESIAN_POINT('',(0.0229749996215105,0.034000001847744,0.));
#5038=CARTESIAN_POINT('',(0.0229749996215105,0.034000001847744,-0.00475));
#5039=CARTESIAN_POINT('',(0.0169749041156907,0.0339999557047902,-0.00475));
#5040=CARTESIAN_POINT('',(0.0229749996215105,0.020000000923872,0.));
#5041=CARTESIAN_POINT('',(0.0229749996215105,0.006,0.));
#5042=CARTESIAN_POINT('',(0.0229749996215105,0.006,-0.00475));
#5043=CARTESIAN_POINT('',(0.0229749996215105,0.020000000923872,-0.00475));
#5044=CARTESIAN_POINT('',(0.0169749996215105,0.006,0.));
#5045=CARTESIAN_POINT('',(0.0169749996215105,0.,0.));
#5046=CARTESIAN_POINT('',(0.0169749996215105,0.,-0.00475));
#5047=CARTESIAN_POINT('',(0.0169749996215105,0.006,-0.00475));
#5048=CARTESIAN_POINT('',(0.,0.,0.));
#5049=CARTESIAN_POINT('',(-0.0169749996215105,0.,0.));
#5050=CARTESIAN_POINT('',(-0.0169749996215105,0.,-0.00475));
#5051=CARTESIAN_POINT('',(0.,0.,-0.00475));
#5052=CARTESIAN_POINT('',(-0.0169749996215105,0.006,0.));
#5053=CARTESIAN_POINT('',(-0.0169749996215105,0.006,-0.00475));
#5054=CARTESIAN_POINT('',(-0.0229284193031836,0.0490125056719532,0.));
#5055=CARTESIAN_POINT('',(-0.0166999995708465,0.04893630240798,0.));
#5056=CARTESIAN_POINT('',(-0.0166999995708465,0.0489363024079799,-0.00475));
#5057=CARTESIAN_POINT('',(-0.0229284193031836,0.0490125056719532,-0.00475));
#5058=CARTESIAN_POINT('',(-0.0166999995708465,0.0572731523662806,0.));
#5059=CARTESIAN_POINT('',(-0.0166999995708465,0.0700000023245812,0.));
#5060=CARTESIAN_POINT('',(-0.0166999995708465,0.0700000023245812,-0.00475));
#5061=CARTESIAN_POINT('',(-0.0166999995708465,0.0572731523662806,-0.00475));
#5062=CARTESIAN_POINT('',(-0.0156999995708465,0.0700000023245812,0.));
#5063=CARTESIAN_POINT('',(-0.0156999995708465,0.0710000023245812,0.));
#5064=CARTESIAN_POINT('',(-0.0156999995708465,0.0710000023245812,-0.00475));
#5065=CARTESIAN_POINT('',(-0.0156999995708465,0.0700000023245812,-0.00475));
#5066=CARTESIAN_POINT('',(-0.0120499996356666,0.0710000023245812,0.));
#5067=CARTESIAN_POINT('',(-0.00839999970048666,0.0710000023245812,0.));
#5068=CARTESIAN_POINT('',(-0.00839999970048666,0.0710000023245812,-0.00475));
#5069=CARTESIAN_POINT('',(-0.0120499996356666,0.0710000023245812,-0.00475));
#5070=CARTESIAN_POINT('',(-0.00839999970048666,0.0693000023020431,0.));
#5071=CARTESIAN_POINT('',(-0.00839999970048666,0.0676000022795051,0.));
#5072=CARTESIAN_POINT('',(-0.00839999970048666,0.0676000022795051,-0.00475));
#5073=CARTESIAN_POINT('',(-0.00839999970048666,0.0693000023020431,-0.00475));
#5074=CARTESIAN_POINT('',(3.46944695195361E-18,0.0676000022795051,0.));
#5075=CARTESIAN_POINT('',(0.00839999970048666,0.0676000022795051,0.));
#5076=CARTESIAN_POINT('',(0.00839999970048666,0.0676000022795051,-0.00475));
#5077=CARTESIAN_POINT('',(-0.00839999970048666,0.0676000022795051,-0.00475));
#5078=CARTESIAN_POINT('',(0.00839999970048666,0.0693000023020431,0.));
#5079=CARTESIAN_POINT('',(0.00839999970048666,0.0710000023245812,0.));
#5080=CARTESIAN_POINT('',(0.00839999970048666,0.0710000023245812,-0.00475));
#5081=CARTESIAN_POINT('',(0.00839999970048666,0.0693000023020431,-0.00475));
#5082=CARTESIAN_POINT('',(0.0120499996356666,0.0710000023245812,0.));
#5083=CARTESIAN_POINT('',(0.0156999995708465,0.0710000023245812,0.));
#5084=CARTESIAN_POINT('',(0.0156999995708465,0.0710000023245812,-0.00475));
#5085=CARTESIAN_POINT('',(0.0120499996356666,0.0710000023245812,-0.00475));
#5086=CARTESIAN_POINT('',(0.0156999995708465,0.0700000023245812,0.));
#5087=CARTESIAN_POINT('',(0.0166999995708465,0.0700000023245812,0.));
#5088=CARTESIAN_POINT('',(0.0166999995708465,0.0700000023245812,-0.00475));
#5089=CARTESIAN_POINT('',(0.0156999995708465,0.0700000023245812,-0.00475));
#5090=CARTESIAN_POINT('',(-0.0125000001862645,0.0150000024897336,0.));
#5091=CARTESIAN_POINT('',(-0.010950000025332,0.0150000005960464,0.));
#5092=CARTESIAN_POINT('',(-0.010950000025332,0.0150000005960464,-0.00475));
#5093=CARTESIAN_POINT('',(-0.010950000025332,0.0150000005960464,0.0045));
#5094=CARTESIAN_POINT('',(-0.0125000001862645,0.0150000024897336,-0.00475));
#5095=CARTESIAN_POINT('',(-0.0140500003471982,0.0150000024897336,-0.00475));
#5096=CARTESIAN_POINT('',(-0.0140500003471982,0.0150000024897336,0.));
#5097=CARTESIAN_POINT('',(-0.0140500003471982,0.0150000024897336,0.0045));
#5098=CARTESIAN_POINT('',(-0.0125000001862645,0.0150000024897336,0.0045));
#5099=CARTESIAN_POINT('',(-0.010950000025332,0.0498018875597406,0.));
#5100=CARTESIAN_POINT('',(-0.010950000025332,0.061000012761572,0.0045));
#5101=CARTESIAN_POINT('',(-0.010950000025332,0.061000012761572,0.00141666666666667));
#5102=CARTESIAN_POINT('',(-0.010950000025332,0.061000012761572,-0.00166666666666667));
#5103=CARTESIAN_POINT('',(-0.010950000025332,0.061000012761572,-0.00475));
#5104=CARTESIAN_POINT('',(-0.0109500000253151,0.061000012761572,-0.00475));
#5105=CARTESIAN_POINT('',(-0.0109500000253151,0.061000012761572,0.0045));
#5106=CARTESIAN_POINT('',(-0.010950000025332,0.0498018875597406,-0.00475));
#5107=CARTESIAN_POINT('',(-0.010950000025332,0.061000012761572,0.0045));
#5108=CARTESIAN_POINT('',(-0.0125000001862645,0.061000012761572,0.));
#5109=CARTESIAN_POINT('',(-0.014050000347197,0.0610000025480986,0.));
#5110=CARTESIAN_POINT('',(-0.014050000347197,0.0610000025480986,-0.00475));
#5111=CARTESIAN_POINT('',(-0.014050000347197,0.0610000025480986,0.0045));
#5112=CARTESIAN_POINT('',(-0.0125000001862645,0.061000012761572,-0.00475));
#5113=CARTESIAN_POINT('',(-0.0125000001862645,0.061000012761572,0.0045));
#5114=CARTESIAN_POINT('',(2.11158072411437E-5,0.0256000012159347,0.));
#5115=CARTESIAN_POINT('',(2.11158072411437E-5,0.0256000012159347,-0.00475));
#5116=CARTESIAN_POINT('',(0.0166999995708465,0.0572731523662806,0.));
#5117=CARTESIAN_POINT('',(0.0166999995708465,0.0572731523662806,-0.00475));
#5118=CARTESIAN_POINT('',(-0.014050000347197,0.015514667487759,0.));
#5119=CARTESIAN_POINT('',(-0.014050000347197,0.03754630240798,0.));
#5120=CARTESIAN_POINT('',(-0.014050000347197,0.03754630240798,-0.002));
#5121=CARTESIAN_POINT('',(-0.014050000347197,0.03754630240798,0.0042));
#5122=CARTESIAN_POINT('',(-0.014050000347197,0.015514667487759,-0.002));
#5123=CARTESIAN_POINT('',(-0.014050000347197,0.0225463024079799,-0.002));
#5124=CARTESIAN_POINT('',(-0.014050000347197,0.0225463024079799,0.));
#5125=CARTESIAN_POINT('',(-0.014050000347197,0.0225463024079799,0.0042));
#5126=CARTESIAN_POINT('',(-0.014050000347197,0.015514667487759,0.0042));
#5127=CARTESIAN_POINT('',(-0.014050000347197,0.015514667487759,-0.00475));
#5128=CARTESIAN_POINT('',(-0.014050000347197,0.0150000024897336,0.0045));
#5129=CARTESIAN_POINT('',(0.010950000025332,0.0498018776997924,0.0045));
#5130=CARTESIAN_POINT('',(0.010450000025332,0.0396373703564448,0.005));
#5131=CARTESIAN_POINT('',(0.010450000025332,0.0610000075825385,0.005));
#5132=CARTESIAN_POINT('',(0.0124999979623384,0.0610000075825385,0.005));
#5133=CARTESIAN_POINT('',(0.0140410265330938,0.0608335006791833,0.0045));
#5134=CARTESIAN_POINT('',(0.0142076805241929,0.0608245526117917,0.00466665085193862));
#5135=CARTESIAN_POINT('',(0.0143743521468956,0.0608163160336074,0.00483331958427415));
#5136=CARTESIAN_POINT('',(0.0145410352904223,0.0608085443559597,0.005));
#5137=CARTESIAN_POINT('',(0.0140455134401454,0.048002081913674,0.0045));
#5138=CARTESIAN_POINT('',(-0.014550000347197,0.0355000011622906,0.005));
#5139=CARTESIAN_POINT('',(-0.014050000347197,0.0150000024897336,0.0045));
#5140=CARTESIAN_POINT('',(-0.014550000347197,0.0609999992534301,0.005));
#5141=CARTESIAN_POINT('',(-0.0125000001862645,0.061000012761572,0.005));
#5142=CARTESIAN_POINT('',(-0.010450000025332,0.061000012761572,0.005));
#5143=CARTESIAN_POINT('',(-0.0106166666919986,0.061000012761572,0.00483333333333333));
#5144=CARTESIAN_POINT('',(-0.0107833333586653,0.061000012761572,0.00466666666666667));
#5145=CARTESIAN_POINT('',(-0.010950000025332,0.061000012761572,0.0045));
#5146=CARTESIAN_POINT('',(-0.0125000001862645,0.0150000024897336,0.005));
#5147=CARTESIAN_POINT('',(-0.010950000025332,0.0150000005960464,0.0045));
#5148=CARTESIAN_POINT('',(-0.010450000025332,0.0355000011622906,0.005));
#5149=CARTESIAN_POINT('',(0.0194749959517416,0.0140000111841353,0.005));
#5150=CARTESIAN_POINT('',(0.0194749959517416,0.0140000111841353,-0.00475));
#5151=CARTESIAN_POINT('',(0.0176249959517416,0.0140000111841353,-0.00475));
#5152=CARTESIAN_POINT('',(0.0194749959517416,0.0140000111841353,0.0018));
#5153=CARTESIAN_POINT('',(0.0194749959517416,0.0158500111841353,0.0018));
#5154=CARTESIAN_POINT('',(0.0223749959517416,0.0140000111841353,0.0018));
#5155=CARTESIAN_POINT('',(0.0194749959517416,0.0140000111841353,0.0018));
#5156=CARTESIAN_POINT('',(0.0194749959517416,0.0169000111841353,0.0018));
#5157=CARTESIAN_POINT('',(0.0194749959517416,0.0140000111841353,0.005));
#5158=CARTESIAN_POINT('',(-0.0194750005969525,0.0140000086789173,0.005));
#5159=CARTESIAN_POINT('',(-0.0194750005969525,0.0140000086789173,-0.00475));
#5160=CARTESIAN_POINT('',(-0.0213250005969525,0.0140000086789173,-0.00475));
#5161=CARTESIAN_POINT('',(-0.0194750005969525,0.0140000086789173,0.0018));
#5162=CARTESIAN_POINT('',(-0.0194750005969525,0.0158500086789173,0.0018));
#5163=CARTESIAN_POINT('',(-0.0165750005969525,0.0140000086789173,0.0018));
#5164=CARTESIAN_POINT('',(-0.0194750005969525,0.0140000086789173,0.0018));
#5165=CARTESIAN_POINT('',(-0.0194750005969525,0.0169000086789173,0.0018));
#5166=CARTESIAN_POINT('',(-0.0194750005969525,0.0140000086789173,0.005));
#5167=CARTESIAN_POINT('',(-0.00357532221134334,0.0395000028312207,0.));
#5168=CARTESIAN_POINT('',(-0.00357532221134334,0.0395000028312207,-0.00475));
#5169=CARTESIAN_POINT('',(0.00870000004023314,0.0407842129035576,0.));
#5170=CARTESIAN_POINT('',(0.00870000004023314,0.0407842129035576,-0.00475));
#5171=CARTESIAN_POINT('',(0.010450000025332,0.0396373703564448,0.));
#5172=CARTESIAN_POINT('',(0.010450000025332,0.0396373703564448,-0.00475));
#5173=CARTESIAN_POINT('',(0.00770000004023314,0.0548000029176474,0.));
#5174=CARTESIAN_POINT('',(0.00770000004023314,0.0548000029176474,-0.00475));
#5175=CARTESIAN_POINT('',(-0.00770000004023313,0.0405000028312206,0.));
#5176=CARTESIAN_POINT('',(-0.00770000004023313,0.0405000028312206,-0.00475));
#5177=CARTESIAN_POINT('',(-0.00770000004023313,0.0548000029176474,0.));
#5178=CARTESIAN_POINT('',(-0.00770000004023313,0.0548000029176474,-0.00475));
#5179=CARTESIAN_POINT('',(-0.00168585805160704,0.00968907057803409,0.));
#5180=CARTESIAN_POINT('',(-0.00168585805160704,0.00968907057803409,-0.00475));
#5181=CARTESIAN_POINT('',(-0.0106,0.0065,0.0016));
#5182=CARTESIAN_POINT('',(-0.0106,0.0095,0.0016));
#5183=CARTESIAN_POINT('',(-0.0106,0.0095,0.0016));
#5184=CARTESIAN_POINT('',(-0.0106,0.0065,0.0016));
#5185=CARTESIAN_POINT('',(-0.0106,0.0035,0.0016));
#5186=CARTESIAN_POINT('',(-0.0106,0.0035,0.0016));
#5187=CARTESIAN_POINT('',(-0.0135,0.0095,0.0016));
#5188=CARTESIAN_POINT('',(-0.0164,0.0095,0.0016));
#5189=CARTESIAN_POINT('',(-0.0164,0.0095,0.0016));
#5190=CARTESIAN_POINT('',(-0.0135,0.0095,0.0016));
#5191=CARTESIAN_POINT('',(-0.0164,0.0065,0.0016));
#5192=CARTESIAN_POINT('',(-0.0164,0.0035,0.0016));
#5193=CARTESIAN_POINT('',(-0.0164,0.0035,0.0016));
#5194=CARTESIAN_POINT('',(-0.0164,0.0065,0.0016));
#5195=CARTESIAN_POINT('',(-0.0135,0.0035,0.0016));
#5196=CARTESIAN_POINT('',(-0.0135,0.0035,0.0016));
#5197=CARTESIAN_POINT('',(3.46944695195361E-18,0.0355000011622906,0.0016));
#5198=CARTESIAN_POINT('',(0.0135,0.0095,0.0016));
#5199=CARTESIAN_POINT('',(0.0106,0.0095,0.0016));
#5200=CARTESIAN_POINT('',(0.0106,0.0095,0.0016));
#5201=CARTESIAN_POINT('',(0.0135,0.0095,0.0016));
#5202=CARTESIAN_POINT('',(0.0164,0.0095,0.0016));
#5203=CARTESIAN_POINT('',(0.0164,0.0095,0.0016));
#5204=CARTESIAN_POINT('',(0.0106,0.0065,0.0016));
#5205=CARTESIAN_POINT('',(0.0106,0.0035,0.0016));
#5206=CARTESIAN_POINT('',(0.0106,0.0035,0.0016));
#5207=CARTESIAN_POINT('',(0.0106,0.0065,0.0016));
#5208=CARTESIAN_POINT('',(0.0135,0.0035,0.0016));
#5209=CARTESIAN_POINT('',(0.0164,0.0035,0.0016));
#5210=CARTESIAN_POINT('',(0.0164,0.0035,0.0016));
#5211=CARTESIAN_POINT('',(0.0135,0.0035,0.0016));
#5212=CARTESIAN_POINT('',(0.0164,0.0065,0.0016));
#5213=CARTESIAN_POINT('',(0.0164,0.0065,0.0016));
#5214=CARTESIAN_POINT('',(3.46944695195361E-18,0.0355000011622906,0.0016));
#5215=CARTESIAN_POINT('',(-0.010948000025332,0.03754630240798,0.0011));
#5216=CARTESIAN_POINT('',(-0.010948000025332,0.03754630240798,-0.002));
#5217=CARTESIAN_POINT('',(-0.010948000025332,0.03754630240798,0.0042));
#5218=CARTESIAN_POINT('',(-0.010948000025332,0.03093580240798,0.0042));
#5219=CARTESIAN_POINT('',(-0.010948000025332,0.0225463024079799,0.0042));
#5220=CARTESIAN_POINT('',(-0.010948000025332,0.03093580240798,-0.002));
#5221=CARTESIAN_POINT('',(-0.0199749996215105,0.03434630240798,-0.002));
#5222=CARTESIAN_POINT('',(-0.0210749996215105,0.03434630240798,-0.002));
#5223=CARTESIAN_POINT('',(-0.0199749996215105,0.02784630240798,-0.002));
#5224=CARTESIAN_POINT('',(-0.0210749996215105,0.02784630240798,-0.002));
#5225=CARTESIAN_POINT('',(-0.010948000025332,0.0225463024079799,-0.002));
#5226=CARTESIAN_POINT('',(-0.010948000025332,0.0225463024079799,0.0011));
#5227=CARTESIAN_POINT('',(-0.0199749996215105,0.02784630240798,-0.005));
#5228=CARTESIAN_POINT('',(-0.0179749996215105,0.02784630240798,-0.0034));
#5229=CARTESIAN_POINT('',(-0.0199749996215105,0.02784630240798,-0.0034));
#5230=CARTESIAN_POINT('',(-0.0199749996215105,0.02784630240798,-0.005));
#5231=CARTESIAN_POINT('',(-0.0199749996215105,0.02784630240798,-0.00475));
#5232=CARTESIAN_POINT('',(-0.0219749996215105,0.02784630240798,-0.00475));
#5233=CARTESIAN_POINT('',(-0.0199749996215105,0.03434630240798,-0.005));
#5234=CARTESIAN_POINT('',(-0.0179749996215105,0.03434630240798,-0.0034));
#5235=CARTESIAN_POINT('',(-0.0199749996215105,0.03434630240798,-0.0034));
#5236=CARTESIAN_POINT('',(-0.0199749996215105,0.03434630240798,-0.005));
#5237=CARTESIAN_POINT('',(-0.0199749996215105,0.03434630240798,-0.00475));
#5238=CARTESIAN_POINT('',(-0.0219749996215105,0.03434630240798,-0.00475));
#5239=CARTESIAN_POINT('',(-0.0199749996215105,0.02784630240798,-0.005));
#5240=CARTESIAN_POINT('',(-0.0199749996215105,0.03434630240798,-0.005));
#5241=CARTESIAN_POINT('',(0.0156,0.0355000011622906,-0.005));
#5242=CARTESIAN_POINT('',(0.0156,0.0095,-0.005));
#5243=CARTESIAN_POINT('',(0.01535,0.0035,-0.00475));
#5244=CARTESIAN_POINT('',(0.0135,0.0035,-0.00475));
#5245=CARTESIAN_POINT('',(0.01165,0.0035,-0.00475));
#5246=CARTESIAN_POINT('',(0.0135,0.0095,-0.00475));
#5247=CARTESIAN_POINT('',(0.0114,0.0095,-0.005));
#5248=CARTESIAN_POINT('',(0.01165,0.0065,-0.00475));
#5249=CARTESIAN_POINT('',(-0.0114,0.0355000011622906,-0.005));
#5250=CARTESIAN_POINT('',(-0.0114,0.0095,-0.005));
#5251=CARTESIAN_POINT('',(-0.01165,0.0035,-0.00475));
#5252=CARTESIAN_POINT('',(-0.0135,0.0035,-0.005));
#5253=CARTESIAN_POINT('',(-0.01535,0.0035,-0.00475));
#5254=CARTESIAN_POINT('',(-0.0135,0.0095,-0.005));
#5255=CARTESIAN_POINT('',(-0.0156,0.0095,-0.005));
#5256=CARTESIAN_POINT('',(-0.01535,0.0065,-0.00475));
#5257=CARTESIAN_POINT('',(0.0194749959517416,0.0140000111841353,-0.005));
#5258=CARTESIAN_POINT('',(-0.0194750005969525,0.0140000086789173,-0.005));
#5259=CARTESIAN_POINT('',(0.0120499996356666,0.0710000023245812,-0.00475));
#5260=CARTESIAN_POINT('',(0.0156999995708465,0.0707500023245812,-0.005));
#5261=CARTESIAN_POINT('',(0.00961666634554665,0.0697833356795212,-0.00596666664505998));
#5262=CARTESIAN_POINT('',(0.00839999970048666,0.0693000023020431,-0.00475));
#5263=CARTESIAN_POINT('',(0.00576666646699111,0.0702333355130007,-0.00211666676650445));
#5264=CARTESIAN_POINT('',(0.0156999995708465,0.0700000023245812,-0.005));
#5265=CARTESIAN_POINT('',(0.0164499995708465,0.0700000023245812,-0.005));
#5266=CARTESIAN_POINT('',(3.46944695195361E-18,0.0673500022795051,-0.005));
#5267=CARTESIAN_POINT('',(-0.00783333302630732,0.0681666689536845,-0.00418333332582066));
#5268=CARTESIAN_POINT('',(0.0166999995708465,0.0572731523662806,-0.00475));
#5269=CARTESIAN_POINT('',(0.0164499995708465,0.04454630240798,-0.005));
#5270=CARTESIAN_POINT('',(-0.00839999970048666,0.0693000023020431,-0.00475));
#5271=CARTESIAN_POINT('',(-0.00896666637466599,0.0704333356504018,-0.00531666667417934));
#5272=CARTESIAN_POINT('',(0.0226999297653635,0.0445462696852572,-0.00475));
#5273=CARTESIAN_POINT('',(0.0177021575343771,0.0407934174146993,-0.005));
#5274=CARTESIAN_POINT('',(-0.0120499996356666,0.0710000023245812,-0.00475));
#5275=CARTESIAN_POINT('',(-0.0156999995708465,0.0710000023245812,-0.00475));
#5276=CARTESIAN_POINT('',(0.0229895921180391,0.0446981989745305,-0.00475));
#5277=CARTESIAN_POINT('',(0.020262052595344,0.038717821027243,-0.005));
#5278=CARTESIAN_POINT('',(0.0203034991747528,0.0387905089227941,-0.00491666699070069));
#5279=CARTESIAN_POINT('',(0.0203448113615995,0.0388632727495042,-0.00483333365675264));
#5280=CARTESIAN_POINT('',(0.0203859899193049,0.0389361120760441,-0.00475));
#5281=CARTESIAN_POINT('',(-0.0156999995708465,0.0700000023245812,-0.005));
#5282=CARTESIAN_POINT('',(-0.0166999995708465,0.0700000023245812,-0.00475));
#5283=CARTESIAN_POINT('',(0.0169749041156907,0.0339999557047902,-0.005));
#5284=CARTESIAN_POINT('',(0.0227249996215179,0.0339999999251515,-0.005));
#5285=CARTESIAN_POINT('',(-0.0166999995708465,0.0572731523662806,-0.00475));
#5286=CARTESIAN_POINT('',(-0.0166999995708465,0.0489363024079798,-0.00475));
#5287=CARTESIAN_POINT('',(-0.0166166662375132,0.0489357976600508,-0.00483333333333333));
#5288=CARTESIAN_POINT('',(-0.0165333329041799,0.0489352929121218,-0.00491666666666667));
#5289=CARTESIAN_POINT('',(-0.0164499995708465,0.0489347881641927,-0.005));
#5290=CARTESIAN_POINT('',(0.0229749996215105,0.020000000923872,-0.00475));
#5291=CARTESIAN_POINT('',(0.0227249996215105,0.006,-0.005));
#5292=CARTESIAN_POINT('',(-0.0229284193031836,0.0490125056719532,-0.00475));
#5293=CARTESIAN_POINT('',(-0.0202622889769122,0.0431076169073207,-0.005));
#5294=CARTESIAN_POINT('',(-0.0203036615800542,0.0431803702819739,-0.00491666694759939));
#5295=CARTESIAN_POINT('',(-0.0203448950118053,0.0432532021265085,-0.00483333361382994));
#5296=CARTESIAN_POINT('',(-0.0203859899193048,0.0433261120760441,-0.00475));
#5297=CARTESIAN_POINT('',(0.0169749996215105,0.006,-0.005));
#5298=CARTESIAN_POINT('',(0.0169749996215105,0.000250000000000004,-0.005));
#5299=CARTESIAN_POINT('',(-0.0169591312694019,0.0383816827833634,-0.005));
#5300=CARTESIAN_POINT('',(-0.0198420654454562,0.0383816827833634,-0.00788293417605431));
#5301=CARTESIAN_POINT('',(0.,0.,-0.00475));
#5302=CARTESIAN_POINT('',(-0.0169749996215105,0.00025,-0.005));
#5303=CARTESIAN_POINT('',(-0.0229749996215105,0.020000000923872,-0.00475));
#5304=CARTESIAN_POINT('',(-0.0229749996215105,0.006,-0.00475));
#5305=CARTESIAN_POINT('',(-0.0169749996215105,0.006,-0.005));
#5306=CARTESIAN_POINT('',(0.00845000004023314,0.0355000011622906,-0.005));
#5307=CARTESIAN_POINT('',(0.00820000004023314,0.0407842129035576,-0.00475));
#5308=CARTESIAN_POINT('',(0.00845000004023314,0.0548000029176474,-0.005));
#5309=CARTESIAN_POINT('',(0.00770000004023314,0.0548000029176474,-0.005));
#5310=CARTESIAN_POINT('',(0.00770000004023314,0.0555500029176474,-0.005));
#5311=CARTESIAN_POINT('',(0.00870000004023314,0.0407842129035576,-0.005));
#5312=CARTESIAN_POINT('',(0.00845142842212513,0.0403503786602444,-0.00475));
#5313=CARTESIAN_POINT('',(3.46944695195361E-18,0.0555500029176474,-0.005));
#5314=CARTESIAN_POINT('',(-0.00770000004023313,0.0555500029176474,-0.005));
#5315=CARTESIAN_POINT('',(-8.44342073601928E-9,0.0256000111589938,-0.00475));
#5316=CARTESIAN_POINT('',(0.0101514284182812,0.0392363030360819,-0.00475));
#5317=CARTESIAN_POINT('',(-0.00770000004023313,0.0548000029176474,-0.005));
#5318=CARTESIAN_POINT('',(-0.00845000004023313,0.0548000029176474,-0.005));
#5319=CARTESIAN_POINT('',(0.010450000025332,0.0396373703564448,-0.005));
#5320=CARTESIAN_POINT('',(0.010950000025332,0.0396373703564448,-0.00475));
#5321=CARTESIAN_POINT('',(-0.00845000004023313,0.0355000011622906,-0.005));
#5322=CARTESIAN_POINT('',(-0.00845000004023313,0.0405000028312206,-0.005));
#5323=CARTESIAN_POINT('',(0.010700000025332,0.0355000011622906,-0.005));
#5324=CARTESIAN_POINT('',(0.010950000025332,0.0610000075825385,-0.00475));
#5325=CARTESIAN_POINT('',(-0.00770000004023313,0.0405000028312206,-0.005));
#5326=CARTESIAN_POINT('',(-0.00770000004023313,0.0397500028312207,-0.005));
#5327=CARTESIAN_POINT('',(0.0124999979623384,0.0610000075825385,-0.00475));
#5328=CARTESIAN_POINT('',(0.0142910310652705,0.0608205835109686,-0.005));
#5329=CARTESIAN_POINT('',(0.0142076922094955,0.0608247328879882,-0.0049166626002797));
#5330=CARTESIAN_POINT('',(0.014124357053561,0.0608290264562247,-0.0048333289508206));
#5331=CARTESIAN_POINT('',(0.0140410265330938,0.0608335006791821,-0.00475));
#5332=CARTESIAN_POINT('',(3.46944695195361E-18,0.0397500028312207,-0.005));
#5333=CARTESIAN_POINT('',(-0.00357532221134334,0.0397500028312207,-0.005));
#5334=CARTESIAN_POINT('',(0.0142998834505935,0.0355050015639659,-0.005));
#5335=CARTESIAN_POINT('',(0.0142999735103184,0.0352474535401379,-0.005));
#5336=CARTESIAN_POINT('',(0.0142166341870873,0.0352219538756625,-0.00491665176510915));
#5337=CARTESIAN_POINT('',(0.0141333096850235,0.0351963578220543,-0.0048333183176792));
#5338=CARTESIAN_POINT('',(0.0140500003471971,0.0351706631481647,-0.00475));
#5339=CARTESIAN_POINT('',(-0.00357532221134334,0.0395000028312207,-0.005));
#5340=CARTESIAN_POINT('',(-0.00332934047823605,0.0394553599485008,-0.005));
#5341=CARTESIAN_POINT('',(-8.44342077288215E-9,0.0256000111589937,-0.00475));
#5342=CARTESIAN_POINT('',(-0.00179122362761456,0.00869463702299252,-0.00475));
#5343=CARTESIAN_POINT('',(-0.00391813699613448,0.0362110983978001,-0.005));
#5344=CARTESIAN_POINT('',(-0.00564573725760569,0.0266920422673789,-0.005));
#5345=CARTESIAN_POINT('',(-0.00556382397878129,0.0266767169472729,-0.00491666665296855));
#5346=CARTESIAN_POINT('',(-0.00548191158597729,0.0266613868201973,-0.00483333331932852));
#5347=CARTESIAN_POINT('',(-0.0054000001400709,0.026646051555872,-0.00475));
#5348=CARTESIAN_POINT('',(-0.00168585805160704,0.00968907057803409,-0.005));
#5349=CARTESIAN_POINT('',(-0.00266978498402961,0.00951049904711853,-0.00475));
#5350=CARTESIAN_POINT('',(2.11158072411437E-5,0.0256000012159347,-0.00475));
#5351=CARTESIAN_POINT('',(-0.00540000014007091,0.0245539508759976,-0.00475));
#5352=CARTESIAN_POINT('',(-0.00548191158597702,0.0245386156116708,-0.00483333331932852));
#5353=CARTESIAN_POINT('',(-0.00556382397878068,0.0245232854845934,-0.00491666665296855));
#5354=CARTESIAN_POINT('',(-0.00564573725760479,0.0245079601644859,-0.005));
#5355=CARTESIAN_POINT('',(-0.00396957504563033,0.0166723262518645,-0.00475));
#5356=CARTESIAN_POINT('',(-0.014050000347197,0.015514667487759,-0.00475));
#5357=CARTESIAN_POINT('',(-0.014300000347197,0.0150000024897336,-0.005));
#5358=CARTESIAN_POINT('',(-0.014050000347197,0.0610000025480986,-0.00475));
#5359=CARTESIAN_POINT('',(-0.0125000001862645,0.061000012761572,-0.00475));
#5360=CARTESIAN_POINT('',(-0.010950000025332,0.061000012761572,-0.00475));
#5361=CARTESIAN_POINT('',(-0.0108666666919986,0.061000012761572,-0.00483333333333333));
#5362=CARTESIAN_POINT('',(-0.0107833333586653,0.061000012761572,-0.00491666666666667));
#5363=CARTESIAN_POINT('',(-0.010700000025332,0.061000012761572,-0.005));
#5364=CARTESIAN_POINT('',(-0.0125000001862645,0.0150000024897336,-0.00475));
#5365=CARTESIAN_POINT('',(-0.0107000000253318,0.0150000005960464,-0.005));
#5366=CARTESIAN_POINT('',(-0.010950000025332,0.0498018875597406,-0.00475));
#5367=CARTESIAN_POINT('',(1.98734516744601E-9,0.0632500056087682,0.0018));
#5368=CARTESIAN_POINT('',(1.98734516744601E-9,0.0632500056087682,0.00475));
#5369=CARTESIAN_POINT('',(-0.00304999801265483,0.0632500056087682,0.00475));
#5370=CARTESIAN_POINT('',(1.98734516744601E-9,0.0632500056087682,0.0018));
#5371=CARTESIAN_POINT('',(0.00305000198734517,0.0632500056087682,0.0018));
#5372=CARTESIAN_POINT('',(3.46944695195361E-18,0.0355000011622906,0.0018));
#5373=CARTESIAN_POINT('',(1.98734516744601E-9,0.0632500056087682,0.00475));
#5374=MECHANICAL_DESIGN_GEOMETRIC_PRESENTATION_REPRESENTATION('',(#3157),
#5375);
#5375=(
GEOMETRIC_REPRESENTATION_CONTEXT(3)
GLOBAL_UNCERTAINTY_ASSIGNED_CONTEXT((#5376))
GLOBAL_UNIT_ASSIGNED_CONTEXT((#5379,#5378,#5377))
REPRESENTATION_CONTEXT('Slide_Base','TOP_LEVEL_ASSEMBLY_PART')
);
#5376=UNCERTAINTY_MEASURE_WITH_UNIT(LENGTH_MEASURE(2.E-5),#5379,
'DISTANCE_ACCURACY_VALUE','Maximum Tolerance applied to model');
#5377=(
NAMED_UNIT(*)
SI_UNIT($,.STERADIAN.)
SOLID_ANGLE_UNIT()
);
#5378=(
NAMED_UNIT(*)
PLANE_ANGLE_UNIT()
SI_UNIT($,.RADIAN.)
);
#5379=(
LENGTH_UNIT()
NAMED_UNIT(*)
SI_UNIT($,.METRE.)
);
#5380=PRODUCT_DEFINITION_SHAPE('','',#5381);
#5381=PRODUCT_DEFINITION('','',#5383,#5382);
#5382=PRODUCT_DEFINITION_CONTEXT('',#5389,'design');
#5383=PRODUCT_DEFINITION_FORMATION_WITH_SPECIFIED_SOURCE('','',#5385,
 .NOT_KNOWN.);
#5384=PRODUCT_RELATED_PRODUCT_CATEGORY('','',(#5385));
#5385=PRODUCT('Slide_Base','Slide_Base','Slide_Base',(#5387));
#5386=PRODUCT_CATEGORY('','');
#5387=PRODUCT_CONTEXT('',#5389,'mechanical');
#5388=APPLICATION_PROTOCOL_DEFINITION('international standard',
'ap242_managed_model_based_3d_engineering',2011,#5389);
#5389=APPLICATION_CONTEXT('managed model based 3d engineering');
ENDSEC;
END-ISO-10303-21;
