ISO-10303-21;
HEADER;
/* Generated by software containing ST-Developer
 * from STEP Tools, Inc. (www.steptools.com) 
 */
/* OPTION: using custom renumber hook */

FILE_DESCRIPTION(
/* description */ ('STEP AP242',
'CAx-IF Rec.Pracs.---Representation and Presentation of Product Manufa
cturing Information (PMI)---4.0---2014-10-13',
'CAx-IF Rec.Pracs.---3D Tessellated Geometry---0.4---2014-09-14','2;1',
'CAx-IF Rec.Pracs.---User Defined Attributes---1.5---2016-08-15'),
/* implementation_level */ '2;1');

FILE_NAME(
/* name */ 'Slide_Base_Side_Switch - Servo_Mount',
/* time_stamp */ '2025-11-20T06:11:15Z',
/* author */ (''),
/* organization */ (''),
/* preprocessor_version */ 'ST-DEVELOPER v20',
/* originating_system */ 'ONSHAPE BY PTC INC, 1.206',
/* authorisation */ '  ');

FILE_SCHEMA (('AP242_MANAGED_MODEL_BASED_3D_ENGINEERING_MIM_LF { 1 0 10303 442 1 1 4 }'));
ENDSEC;

DATA;
#10=SHAPE_REPRESENTATION_RELATIONSHIP('','',#1931,#11);
#11=ADVANCED_BREP_SHAPE_REPRESENTATION('',(#1929),#3293);
#12=CONICAL_SURFACE('',#2102,0.00635000031883979,0.785398163397448);
#13=CONICAL_SURFACE('',#2103,0.00210000018269915,0.785398163397442);
#14=CONICAL_SURFACE('',#2104,0.0021000008365444,0.785398163397442);
#15=CONICAL_SURFACE('',#2109,0.0022499999441398,0.785398163397448);
#16=CONICAL_SURFACE('',#2110,0.00174999660253871,0.785398163397438);
#17=CONICAL_SURFACE('',#2113,0.00224999994413977,0.78539816339745);
#18=CONICAL_SURFACE('',#2114,0.00175000032782902,0.785398163397448);
#19=CONICAL_SURFACE('',#2118,0.00575000753136921,0.785398163397448);
#20=CONICAL_SURFACE('',#2123,0.00175000032782904,0.785398163397452);
#21=CONICAL_SURFACE('',#2127,0.00175000032782902,0.785398163397448);
#22=CONICAL_SURFACE('',#2131,0.00520037795195857,0.785398163397443);
#23=TOROIDAL_SURFACE('',#2048,0.00450000753136922,0.0015);
#24=TOROIDAL_SURFACE('',#2079,0.00395037795195857,0.0015);
#25=ELLIPSE('',#2047,0.00154122970172668,0.0015);
#26=ELLIPSE('',#2050,0.00176335498824912,0.0015);
#27=ELLIPSE('',#2054,0.00212132034355965,0.0015);
#28=ELLIPSE('',#2056,0.00150214220534012,0.0015);
#29=ELLIPSE('',#2060,0.00158489440325296,0.0015);
#30=ELLIPSE('',#2064,0.00158489440325296,0.0015);
#31=ELLIPSE('',#2068,0.00150214220534012,0.0015);
#32=ELLIPSE('',#2074,0.00212132034355965,0.0015);
#33=ELLIPSE('',#2078,0.00176335498824912,0.0015);
#34=ELLIPSE('',#2081,0.00154122970172668,0.0015);
#35=DEGENERATE_TOROIDAL_SURFACE('',#2040,0.000500000327829016,0.0015,.T.);
#36=DEGENERATE_TOROIDAL_SURFACE('',#2042,0.000499996602538709,0.0015,.T.);
#37=DEGENERATE_TOROIDAL_SURFACE('',#2061,0.000999999944139803,0.0015,.T.);
#38=DEGENERATE_TOROIDAL_SURFACE('',#2069,0.00099999994413977,0.0015,.T.);
#39=DEGENERATE_TOROIDAL_SURFACE('',#2086,0.000500000327829016,0.0015,.T.);
#40=DEGENERATE_TOROIDAL_SURFACE('',#2088,0.000500000327829049,0.0015,.T.);
#41=B_SPLINE_CURVE_WITH_KNOTS('',3,(#3117,#3118,#3119,#3120,#3121),
 .UNSPECIFIED.,.F.,.F.,(4,1,4),(0.,0.00198796050200457,0.00397592100400913),
 .UNSPECIFIED.);
#42=B_SPLINE_CURVE_WITH_KNOTS('',3,(#3122,#3123,#3124,#3125,#3126),
 .UNSPECIFIED.,.F.,.F.,(4,1,4),(0.,0.0016064696305228,0.0032129392610456),
 .UNSPECIFIED.);
#43=B_SPLINE_CURVE_WITH_KNOTS('',3,(#3131,#3132,#3133,#3134,#3135),
 .UNSPECIFIED.,.F.,.F.,(4,1,4),(0.,0.00198797165745791,0.00397594331491583),
 .UNSPECIFIED.);
#44=B_SPLINE_CURVE_WITH_KNOTS('',3,(#3136,#3137,#3138,#3139,#3140),
 .UNSPECIFIED.,.F.,.F.,(4,1,4),(0.,0.00160646588260338,0.00321293176520675),
 .UNSPECIFIED.);
#45=B_SPLINE_CURVE_WITH_KNOTS('',3,(#3154,#3155,#3156,#3157,#3158),
 .UNSPECIFIED.,.F.,.F.,(4,1,4),(0.,0.00117191525740162,0.00234383051480325),
 .UNSPECIFIED.);
#46=B_SPLINE_CURVE_WITH_KNOTS('',3,(#3190,#3191,#3192,#3193,#3194),
 .UNSPECIFIED.,.F.,.F.,(4,1,4),(0.,0.0011719193729474,0.0023438387458948),
 .UNSPECIFIED.);
#47=B_SPLINE_CURVE_WITH_KNOTS('',3,(#3218,#3219,#3220,#3221),
 .UNSPECIFIED.,.F.,.F.,(4,4),(0.,0.000353731210437435),.UNSPECIFIED.);
#48=B_SPLINE_CURVE_WITH_KNOTS('',3,(#3223,#3224,#3225,#3226),
 .UNSPECIFIED.,.F.,.F.,(4,4),(0.,0.000353731210437481),.UNSPECIFIED.);
#49=B_SPLINE_CURVE_WITH_KNOTS('',3,(#3258,#3259,#3260,#3261),
 .UNSPECIFIED.,.F.,.F.,(4,4),(0.,0.000353618436600305),.UNSPECIFIED.);
#50=B_SPLINE_CURVE_WITH_KNOTS('',3,(#3283,#3284,#3285,#3286),
 .UNSPECIFIED.,.F.,.F.,(4,4),(0.,0.000353618578156417),.UNSPECIFIED.);
#51=CYLINDRICAL_SURFACE('',#1946,0.0018500008365444);
#52=CYLINDRICAL_SURFACE('',#1949,0.00185000018269915);
#53=CYLINDRICAL_SURFACE('',#1953,0.00610000031883979);
#54=CYLINDRICAL_SURFACE('',#1958,0.00200000032782901);
#55=CYLINDRICAL_SURFACE('',#1962,0.00545037795195857);
#56=CYLINDRICAL_SURFACE('',#1972,0.00600000753136921);
#57=CYLINDRICAL_SURFACE('',#1976,0.00200000032782901);
#58=CYLINDRICAL_SURFACE('',#1980,0.00199999660253871);
#59=CYLINDRICAL_SURFACE('',#1987,0.0024999999441398);
#60=CYLINDRICAL_SURFACE('',#1991,0.00249999994413977);
#61=CYLINDRICAL_SURFACE('',#1998,0.00200000032782905);
#62=CYLINDRICAL_SURFACE('',#2024,0.001);
#63=CYLINDRICAL_SURFACE('',#2025,0.000999998919751198);
#64=CYLINDRICAL_SURFACE('',#2028,0.000999996064480266);
#65=CYLINDRICAL_SURFACE('',#2031,0.00249999885081967);
#66=CYLINDRICAL_SURFACE('',#2034,0.00250000145652279);
#67=CYLINDRICAL_SURFACE('',#2037,0.0015);
#68=CYLINDRICAL_SURFACE('',#2044,0.0015);
#69=CYLINDRICAL_SURFACE('',#2046,0.0015);
#70=CYLINDRICAL_SURFACE('',#2049,0.0015);
#71=CYLINDRICAL_SURFACE('',#2051,0.0015);
#72=CYLINDRICAL_SURFACE('',#2053,0.0015);
#73=CYLINDRICAL_SURFACE('',#2055,0.0015);
#74=CYLINDRICAL_SURFACE('',#2057,0.0015);
#75=CYLINDRICAL_SURFACE('',#2059,0.0015);
#76=CYLINDRICAL_SURFACE('',#2063,0.0015);
#77=CYLINDRICAL_SURFACE('',#2065,0.0015);
#78=CYLINDRICAL_SURFACE('',#2067,0.0015);
#79=CYLINDRICAL_SURFACE('',#2071,0.0015);
#80=CYLINDRICAL_SURFACE('',#2073,0.0015);
#81=CYLINDRICAL_SURFACE('',#2075,0.0015);
#82=CYLINDRICAL_SURFACE('',#2077,0.0015);
#83=CYLINDRICAL_SURFACE('',#2080,0.0015);
#84=CYLINDRICAL_SURFACE('',#2082,0.0015);
#85=CYLINDRICAL_SURFACE('',#2084,0.0015);
#86=CYLINDRICAL_SURFACE('',#2090,0.0015);
#87=CYLINDRICAL_SURFACE('',#2091,0.00228655477985739);
#88=CYLINDRICAL_SURFACE('',#2094,0.0034910854883492);
#89=CIRCLE('',#1934,0.00249999885081967);
#90=CIRCLE('',#1935,0.00395037795195857);
#91=CIRCLE('',#1936,0.00450000753136922);
#92=CIRCLE('',#1937,0.00250000145652279);
#93=CIRCLE('',#1938,0.000999999944139803);
#94=CIRCLE('',#1939,0.00099999994413977);
#95=CIRCLE('',#1940,0.000999998919751198);
#96=CIRCLE('',#1941,0.000999996064480266);
#97=CIRCLE('',#1943,0.00250000145652279);
#98=CIRCLE('',#1944,0.000500000327829016);
#99=CIRCLE('',#1945,0.000499996602538709);
#100=CIRCLE('',#1947,0.0018500008365444);
#101=CIRCLE('',#1948,0.0018500008365444);
#102=CIRCLE('',#1950,0.00185000018269915);
#103=CIRCLE('',#1951,0.00185000018269915);
#104=CIRCLE('',#1954,0.00610000031883979);
#105=CIRCLE('',#1955,0.00610000031883979);
#106=CIRCLE('',#1957,0.001);
#107=CIRCLE('',#1959,0.00200000032782901);
#108=CIRCLE('',#1960,0.00200000032782901);
#109=CIRCLE('',#1963,0.00545037795195857);
#110=CIRCLE('',#1964,0.00545037795195857);
#111=CIRCLE('',#1973,0.00600000753136921);
#112=CIRCLE('',#1974,0.00600000753136921);
#113=CIRCLE('',#1977,0.00200000032782901);
#114=CIRCLE('',#1978,0.00200000032782901);
#115=CIRCLE('',#1981,0.00199999660253871);
#116=CIRCLE('',#1982,0.00199999660253871);
#117=CIRCLE('',#1988,0.0024999999441398);
#118=CIRCLE('',#1989,0.0024999999441398);
#119=CIRCLE('',#1992,0.00249999994413977);
#120=CIRCLE('',#1993,0.00249999994413977);
#121=CIRCLE('',#1999,0.00200000032782905);
#122=CIRCLE('',#2000,0.00200000032782905);
#123=CIRCLE('',#2002,0.001);
#124=CIRCLE('',#2005,0.00249999885081967);
#125=CIRCLE('',#2006,0.000500000327829049);
#126=CIRCLE('',#2007,0.000500000327829016);
#127=CIRCLE('',#2009,0.00635000031883979);
#128=CIRCLE('',#2010,0.00210000018269915);
#129=CIRCLE('',#2011,0.0021000008365444);
#130=CIRCLE('',#2012,0.00520037795195857);
#131=CIRCLE('',#2013,0.00175000032782902);
#132=CIRCLE('',#2014,0.00175000032782904);
#133=CIRCLE('',#2015,0.00224999994413977);
#134=CIRCLE('',#2016,0.0022499999441398);
#135=CIRCLE('',#2017,0.00174999660253871);
#136=CIRCLE('',#2018,0.00175000032782902);
#137=CIRCLE('',#2019,0.00575000753136922);
#138=CIRCLE('',#2026,0.000999998919751198);
#139=CIRCLE('',#2029,0.000999996064480266);
#140=CIRCLE('',#2032,0.00249999885081967);
#141=CIRCLE('',#2035,0.00250000145652279);
#142=CIRCLE('',#2038,0.0015);
#143=CIRCLE('',#2039,0.0015);
#144=CIRCLE('',#2041,0.0015);
#145=CIRCLE('',#2043,0.0015);
#146=CIRCLE('',#2045,0.0015);
#147=CIRCLE('',#2052,0.0015);
#148=CIRCLE('',#2058,0.0015);
#149=CIRCLE('',#2062,0.0015);
#150=CIRCLE('',#2066,0.0015);
#151=CIRCLE('',#2070,0.0015);
#152=CIRCLE('',#2072,0.0015);
#153=CIRCLE('',#2076,0.0015);
#154=CIRCLE('',#2083,0.0015);
#155=CIRCLE('',#2085,0.0015);
#156=CIRCLE('',#2087,0.0015);
#157=CIRCLE('',#2089,0.0015);
#158=CIRCLE('',#2092,0.00228655477985739);
#159=CIRCLE('',#2093,0.00228655477985739);
#160=CIRCLE('',#2095,0.0034910854883492);
#161=CIRCLE('',#2096,0.0034910854883492);
#162=ORIENTED_EDGE('',*,*,#696,.F.);
#163=ORIENTED_EDGE('',*,*,#697,.T.);
#164=ORIENTED_EDGE('',*,*,#698,.T.);
#165=ORIENTED_EDGE('',*,*,#699,.F.);
#166=ORIENTED_EDGE('',*,*,#700,.T.);
#167=ORIENTED_EDGE('',*,*,#701,.T.);
#168=ORIENTED_EDGE('',*,*,#702,.F.);
#169=ORIENTED_EDGE('',*,*,#703,.F.);
#170=ORIENTED_EDGE('',*,*,#704,.T.);
#171=ORIENTED_EDGE('',*,*,#705,.T.);
#172=ORIENTED_EDGE('',*,*,#706,.F.);
#173=ORIENTED_EDGE('',*,*,#707,.T.);
#174=ORIENTED_EDGE('',*,*,#708,.T.);
#175=ORIENTED_EDGE('',*,*,#709,.T.);
#176=ORIENTED_EDGE('',*,*,#710,.T.);
#177=ORIENTED_EDGE('',*,*,#711,.T.);
#178=ORIENTED_EDGE('',*,*,#712,.T.);
#179=ORIENTED_EDGE('',*,*,#713,.T.);
#180=ORIENTED_EDGE('',*,*,#714,.T.);
#181=ORIENTED_EDGE('',*,*,#715,.T.);
#182=ORIENTED_EDGE('',*,*,#716,.T.);
#183=ORIENTED_EDGE('',*,*,#717,.T.);
#184=ORIENTED_EDGE('',*,*,#718,.F.);
#185=ORIENTED_EDGE('',*,*,#719,.T.);
#186=ORIENTED_EDGE('',*,*,#720,.T.);
#187=ORIENTED_EDGE('',*,*,#721,.T.);
#188=ORIENTED_EDGE('',*,*,#722,.T.);
#189=ORIENTED_EDGE('',*,*,#723,.T.);
#190=ORIENTED_EDGE('',*,*,#724,.T.);
#191=ORIENTED_EDGE('',*,*,#725,.T.);
#192=ORIENTED_EDGE('',*,*,#726,.F.);
#193=ORIENTED_EDGE('',*,*,#727,.T.);
#194=ORIENTED_EDGE('',*,*,#728,.T.);
#195=ORIENTED_EDGE('',*,*,#729,.T.);
#196=ORIENTED_EDGE('',*,*,#730,.F.);
#197=ORIENTED_EDGE('',*,*,#731,.F.);
#198=ORIENTED_EDGE('',*,*,#732,.T.);
#199=ORIENTED_EDGE('',*,*,#733,.T.);
#200=ORIENTED_EDGE('',*,*,#734,.F.);
#201=ORIENTED_EDGE('',*,*,#735,.T.);
#202=ORIENTED_EDGE('',*,*,#736,.T.);
#203=ORIENTED_EDGE('',*,*,#737,.T.);
#204=ORIENTED_EDGE('',*,*,#738,.T.);
#205=ORIENTED_EDGE('',*,*,#739,.T.);
#206=ORIENTED_EDGE('',*,*,#740,.T.);
#207=ORIENTED_EDGE('',*,*,#741,.T.);
#208=ORIENTED_EDGE('',*,*,#742,.T.);
#209=ORIENTED_EDGE('',*,*,#743,.T.);
#210=ORIENTED_EDGE('',*,*,#744,.T.);
#211=ORIENTED_EDGE('',*,*,#745,.F.);
#212=ORIENTED_EDGE('',*,*,#746,.T.);
#213=ORIENTED_EDGE('',*,*,#747,.T.);
#214=ORIENTED_EDGE('',*,*,#748,.T.);
#215=ORIENTED_EDGE('',*,*,#749,.F.);
#216=ORIENTED_EDGE('',*,*,#750,.T.);
#217=ORIENTED_EDGE('',*,*,#749,.T.);
#218=ORIENTED_EDGE('',*,*,#751,.T.);
#219=ORIENTED_EDGE('',*,*,#743,.F.);
#220=ORIENTED_EDGE('',*,*,#752,.T.);
#221=ORIENTED_EDGE('',*,*,#753,.F.);
#222=ORIENTED_EDGE('',*,*,#754,.T.);
#223=ORIENTED_EDGE('',*,*,#727,.F.);
#224=ORIENTED_EDGE('',*,*,#755,.F.);
#225=ORIENTED_EDGE('',*,*,#756,.F.);
#226=ORIENTED_EDGE('',*,*,#757,.T.);
#227=ORIENTED_EDGE('',*,*,#758,.T.);
#228=ORIENTED_EDGE('',*,*,#759,.F.);
#229=ORIENTED_EDGE('',*,*,#760,.T.);
#230=ORIENTED_EDGE('',*,*,#759,.T.);
#231=ORIENTED_EDGE('',*,*,#761,.T.);
#232=ORIENTED_EDGE('',*,*,#762,.F.);
#233=ORIENTED_EDGE('',*,*,#763,.T.);
#234=ORIENTED_EDGE('',*,*,#762,.T.);
#235=ORIENTED_EDGE('',*,*,#764,.T.);
#236=ORIENTED_EDGE('',*,*,#765,.F.);
#237=ORIENTED_EDGE('',*,*,#766,.T.);
#238=ORIENTED_EDGE('',*,*,#765,.T.);
#239=ORIENTED_EDGE('',*,*,#767,.T.);
#240=ORIENTED_EDGE('',*,*,#768,.F.);
#241=ORIENTED_EDGE('',*,*,#769,.T.);
#242=ORIENTED_EDGE('',*,*,#768,.T.);
#243=ORIENTED_EDGE('',*,*,#770,.T.);
#244=ORIENTED_EDGE('',*,*,#771,.F.);
#245=ORIENTED_EDGE('',*,*,#772,.T.);
#246=ORIENTED_EDGE('',*,*,#771,.T.);
#247=ORIENTED_EDGE('',*,*,#773,.T.);
#248=ORIENTED_EDGE('',*,*,#774,.F.);
#249=ORIENTED_EDGE('',*,*,#775,.T.);
#250=ORIENTED_EDGE('',*,*,#774,.T.);
#251=ORIENTED_EDGE('',*,*,#776,.T.);
#252=ORIENTED_EDGE('',*,*,#777,.F.);
#253=ORIENTED_EDGE('',*,*,#778,.T.);
#254=ORIENTED_EDGE('',*,*,#777,.T.);
#255=ORIENTED_EDGE('',*,*,#779,.T.);
#256=ORIENTED_EDGE('',*,*,#780,.F.);
#257=ORIENTED_EDGE('',*,*,#781,.T.);
#258=ORIENTED_EDGE('',*,*,#780,.T.);
#259=ORIENTED_EDGE('',*,*,#782,.T.);
#260=ORIENTED_EDGE('',*,*,#783,.F.);
#261=ORIENTED_EDGE('',*,*,#784,.T.);
#262=ORIENTED_EDGE('',*,*,#783,.T.);
#263=ORIENTED_EDGE('',*,*,#785,.T.);
#264=ORIENTED_EDGE('',*,*,#786,.F.);
#265=ORIENTED_EDGE('',*,*,#787,.T.);
#266=ORIENTED_EDGE('',*,*,#786,.T.);
#267=ORIENTED_EDGE('',*,*,#788,.T.);
#268=ORIENTED_EDGE('',*,*,#789,.F.);
#269=ORIENTED_EDGE('',*,*,#790,.T.);
#270=ORIENTED_EDGE('',*,*,#789,.T.);
#271=ORIENTED_EDGE('',*,*,#791,.T.);
#272=ORIENTED_EDGE('',*,*,#792,.F.);
#273=ORIENTED_EDGE('',*,*,#793,.T.);
#274=ORIENTED_EDGE('',*,*,#792,.T.);
#275=ORIENTED_EDGE('',*,*,#794,.T.);
#276=ORIENTED_EDGE('',*,*,#795,.F.);
#277=ORIENTED_EDGE('',*,*,#796,.T.);
#278=ORIENTED_EDGE('',*,*,#795,.T.);
#279=ORIENTED_EDGE('',*,*,#797,.T.);
#280=ORIENTED_EDGE('',*,*,#798,.F.);
#281=ORIENTED_EDGE('',*,*,#799,.T.);
#282=ORIENTED_EDGE('',*,*,#798,.T.);
#283=ORIENTED_EDGE('',*,*,#800,.T.);
#284=ORIENTED_EDGE('',*,*,#801,.F.);
#285=ORIENTED_EDGE('',*,*,#802,.T.);
#286=ORIENTED_EDGE('',*,*,#801,.T.);
#287=ORIENTED_EDGE('',*,*,#803,.T.);
#288=ORIENTED_EDGE('',*,*,#804,.F.);
#289=ORIENTED_EDGE('',*,*,#805,.T.);
#290=ORIENTED_EDGE('',*,*,#804,.T.);
#291=ORIENTED_EDGE('',*,*,#806,.T.);
#292=ORIENTED_EDGE('',*,*,#807,.F.);
#293=ORIENTED_EDGE('',*,*,#808,.T.);
#294=ORIENTED_EDGE('',*,*,#807,.T.);
#295=ORIENTED_EDGE('',*,*,#809,.T.);
#296=ORIENTED_EDGE('',*,*,#810,.F.);
#297=ORIENTED_EDGE('',*,*,#811,.T.);
#298=ORIENTED_EDGE('',*,*,#810,.T.);
#299=ORIENTED_EDGE('',*,*,#812,.T.);
#300=ORIENTED_EDGE('',*,*,#813,.F.);
#301=ORIENTED_EDGE('',*,*,#814,.T.);
#302=ORIENTED_EDGE('',*,*,#813,.T.);
#303=ORIENTED_EDGE('',*,*,#815,.T.);
#304=ORIENTED_EDGE('',*,*,#816,.F.);
#305=ORIENTED_EDGE('',*,*,#817,.T.);
#306=ORIENTED_EDGE('',*,*,#816,.T.);
#307=ORIENTED_EDGE('',*,*,#818,.T.);
#308=ORIENTED_EDGE('',*,*,#819,.F.);
#309=ORIENTED_EDGE('',*,*,#820,.T.);
#310=ORIENTED_EDGE('',*,*,#819,.T.);
#311=ORIENTED_EDGE('',*,*,#821,.T.);
#312=ORIENTED_EDGE('',*,*,#822,.F.);
#313=ORIENTED_EDGE('',*,*,#823,.T.);
#314=ORIENTED_EDGE('',*,*,#822,.T.);
#315=ORIENTED_EDGE('',*,*,#824,.T.);
#316=ORIENTED_EDGE('',*,*,#825,.F.);
#317=ORIENTED_EDGE('',*,*,#826,.T.);
#318=ORIENTED_EDGE('',*,*,#825,.T.);
#319=ORIENTED_EDGE('',*,*,#827,.T.);
#320=ORIENTED_EDGE('',*,*,#828,.F.);
#321=ORIENTED_EDGE('',*,*,#829,.T.);
#322=ORIENTED_EDGE('',*,*,#828,.T.);
#323=ORIENTED_EDGE('',*,*,#830,.T.);
#324=ORIENTED_EDGE('',*,*,#831,.F.);
#325=ORIENTED_EDGE('',*,*,#832,.T.);
#326=ORIENTED_EDGE('',*,*,#831,.T.);
#327=ORIENTED_EDGE('',*,*,#833,.T.);
#328=ORIENTED_EDGE('',*,*,#834,.F.);
#329=ORIENTED_EDGE('',*,*,#835,.T.);
#330=ORIENTED_EDGE('',*,*,#834,.T.);
#331=ORIENTED_EDGE('',*,*,#836,.T.);
#332=ORIENTED_EDGE('',*,*,#837,.F.);
#333=ORIENTED_EDGE('',*,*,#838,.T.);
#334=ORIENTED_EDGE('',*,*,#839,.T.);
#335=ORIENTED_EDGE('',*,*,#840,.T.);
#336=ORIENTED_EDGE('',*,*,#729,.F.);
#337=ORIENTED_EDGE('',*,*,#841,.F.);
#338=ORIENTED_EDGE('',*,*,#842,.T.);
#339=ORIENTED_EDGE('',*,*,#843,.T.);
#340=ORIENTED_EDGE('',*,*,#745,.T.);
#341=ORIENTED_EDGE('',*,*,#844,.T.);
#342=ORIENTED_EDGE('',*,*,#747,.F.);
#343=ORIENTED_EDGE('',*,*,#837,.T.);
#344=ORIENTED_EDGE('',*,*,#845,.T.);
#345=ORIENTED_EDGE('',*,*,#757,.F.);
#346=ORIENTED_EDGE('',*,*,#846,.T.);
#347=ORIENTED_EDGE('',*,*,#847,.F.);
#348=ORIENTED_EDGE('',*,*,#848,.T.);
#349=ORIENTED_EDGE('',*,*,#849,.T.);
#350=ORIENTED_EDGE('',*,*,#850,.T.);
#351=ORIENTED_EDGE('',*,*,#851,.T.);
#352=ORIENTED_EDGE('',*,*,#852,.T.);
#353=ORIENTED_EDGE('',*,*,#853,.T.);
#354=ORIENTED_EDGE('',*,*,#854,.T.);
#355=ORIENTED_EDGE('',*,*,#855,.T.);
#356=ORIENTED_EDGE('',*,*,#856,.T.);
#357=ORIENTED_EDGE('',*,*,#857,.T.);
#358=ORIENTED_EDGE('',*,*,#858,.T.);
#359=ORIENTED_EDGE('',*,*,#859,.T.);
#360=ORIENTED_EDGE('',*,*,#860,.T.);
#361=ORIENTED_EDGE('',*,*,#861,.T.);
#362=ORIENTED_EDGE('',*,*,#862,.T.);
#363=ORIENTED_EDGE('',*,*,#863,.T.);
#364=ORIENTED_EDGE('',*,*,#864,.T.);
#365=ORIENTED_EDGE('',*,*,#865,.T.);
#366=ORIENTED_EDGE('',*,*,#866,.T.);
#367=ORIENTED_EDGE('',*,*,#867,.T.);
#368=ORIENTED_EDGE('',*,*,#868,.T.);
#369=ORIENTED_EDGE('',*,*,#869,.T.);
#370=ORIENTED_EDGE('',*,*,#870,.T.);
#371=ORIENTED_EDGE('',*,*,#871,.T.);
#372=ORIENTED_EDGE('',*,*,#872,.T.);
#373=ORIENTED_EDGE('',*,*,#873,.T.);
#374=ORIENTED_EDGE('',*,*,#874,.T.);
#375=ORIENTED_EDGE('',*,*,#875,.T.);
#376=ORIENTED_EDGE('',*,*,#876,.T.);
#377=ORIENTED_EDGE('',*,*,#877,.T.);
#378=ORIENTED_EDGE('',*,*,#878,.T.);
#379=ORIENTED_EDGE('',*,*,#879,.T.);
#380=ORIENTED_EDGE('',*,*,#880,.T.);
#381=ORIENTED_EDGE('',*,*,#881,.T.);
#382=ORIENTED_EDGE('',*,*,#882,.T.);
#383=ORIENTED_EDGE('',*,*,#883,.T.);
#384=ORIENTED_EDGE('',*,*,#884,.T.);
#385=ORIENTED_EDGE('',*,*,#885,.T.);
#386=ORIENTED_EDGE('',*,*,#886,.T.);
#387=ORIENTED_EDGE('',*,*,#887,.T.);
#388=ORIENTED_EDGE('',*,*,#726,.T.);
#389=ORIENTED_EDGE('',*,*,#840,.F.);
#390=ORIENTED_EDGE('',*,*,#888,.F.);
#391=ORIENTED_EDGE('',*,*,#755,.T.);
#392=ORIENTED_EDGE('',*,*,#750,.F.);
#393=ORIENTED_EDGE('',*,*,#756,.T.);
#394=ORIENTED_EDGE('',*,*,#888,.T.);
#395=ORIENTED_EDGE('',*,*,#839,.F.);
#396=ORIENTED_EDGE('',*,*,#728,.F.);
#397=ORIENTED_EDGE('',*,*,#754,.F.);
#398=ORIENTED_EDGE('',*,*,#889,.T.);
#399=ORIENTED_EDGE('',*,*,#841,.T.);
#400=ORIENTED_EDGE('',*,*,#753,.T.);
#401=ORIENTED_EDGE('',*,*,#890,.T.);
#402=ORIENTED_EDGE('',*,*,#842,.F.);
#403=ORIENTED_EDGE('',*,*,#889,.F.);
#404=ORIENTED_EDGE('',*,*,#752,.F.);
#405=ORIENTED_EDGE('',*,*,#746,.F.);
#406=ORIENTED_EDGE('',*,*,#843,.F.);
#407=ORIENTED_EDGE('',*,*,#890,.F.);
#408=ORIENTED_EDGE('',*,*,#891,.F.);
#409=ORIENTED_EDGE('',*,*,#730,.T.);
#410=ORIENTED_EDGE('',*,*,#891,.T.);
#411=ORIENTED_EDGE('',*,*,#892,.F.);
#412=ORIENTED_EDGE('',*,*,#731,.T.);
#413=ORIENTED_EDGE('',*,*,#892,.T.);
#414=ORIENTED_EDGE('',*,*,#893,.F.);
#415=ORIENTED_EDGE('',*,*,#706,.T.);
#416=ORIENTED_EDGE('',*,*,#894,.T.);
#417=ORIENTED_EDGE('',*,*,#847,.T.);
#418=ORIENTED_EDGE('',*,*,#895,.T.);
#419=ORIENTED_EDGE('',*,*,#740,.F.);
#420=ORIENTED_EDGE('',*,*,#893,.T.);
#421=ORIENTED_EDGE('',*,*,#896,.F.);
#422=ORIENTED_EDGE('',*,*,#734,.T.);
#423=ORIENTED_EDGE('',*,*,#897,.T.);
#424=ORIENTED_EDGE('',*,*,#718,.T.);
#425=ORIENTED_EDGE('',*,*,#898,.T.);
#426=ORIENTED_EDGE('',*,*,#742,.F.);
#427=ORIENTED_EDGE('',*,*,#896,.T.);
#428=ORIENTED_EDGE('',*,*,#899,.F.);
#429=ORIENTED_EDGE('',*,*,#737,.F.);
#430=ORIENTED_EDGE('',*,*,#900,.F.);
#431=ORIENTED_EDGE('',*,*,#799,.F.);
#432=ORIENTED_EDGE('',*,*,#900,.T.);
#433=ORIENTED_EDGE('',*,*,#736,.F.);
#434=ORIENTED_EDGE('',*,*,#901,.F.);
#435=ORIENTED_EDGE('',*,*,#796,.F.);
#436=ORIENTED_EDGE('',*,*,#899,.T.);
#437=ORIENTED_EDGE('',*,*,#802,.F.);
#438=ORIENTED_EDGE('',*,*,#902,.F.);
#439=ORIENTED_EDGE('',*,*,#738,.F.);
#440=ORIENTED_EDGE('',*,*,#903,.F.);
#441=ORIENTED_EDGE('',*,*,#793,.F.);
#442=ORIENTED_EDGE('',*,*,#901,.T.);
#443=ORIENTED_EDGE('',*,*,#735,.F.);
#444=ORIENTED_EDGE('',*,*,#898,.F.);
#445=ORIENTED_EDGE('',*,*,#717,.F.);
#446=ORIENTED_EDGE('',*,*,#902,.T.);
#447=ORIENTED_EDGE('',*,*,#805,.F.);
#448=ORIENTED_EDGE('',*,*,#904,.F.);
#449=ORIENTED_EDGE('',*,*,#732,.F.);
#450=ORIENTED_EDGE('',*,*,#790,.F.);
#451=ORIENTED_EDGE('',*,*,#903,.T.);
#452=ORIENTED_EDGE('',*,*,#716,.F.);
#453=ORIENTED_EDGE('',*,*,#905,.F.);
#454=ORIENTED_EDGE('',*,*,#904,.T.);
#455=ORIENTED_EDGE('',*,*,#808,.F.);
#456=ORIENTED_EDGE('',*,*,#906,.F.);
#457=ORIENTED_EDGE('',*,*,#719,.F.);
#458=ORIENTED_EDGE('',*,*,#897,.F.);
#459=ORIENTED_EDGE('',*,*,#733,.F.);
#460=ORIENTED_EDGE('',*,*,#905,.T.);
#461=ORIENTED_EDGE('',*,*,#715,.F.);
#462=ORIENTED_EDGE('',*,*,#907,.F.);
#463=ORIENTED_EDGE('',*,*,#787,.F.);
#464=ORIENTED_EDGE('',*,*,#906,.T.);
#465=ORIENTED_EDGE('',*,*,#811,.F.);
#466=ORIENTED_EDGE('',*,*,#908,.F.);
#467=ORIENTED_EDGE('',*,*,#720,.F.);
#468=ORIENTED_EDGE('',*,*,#907,.T.);
#469=ORIENTED_EDGE('',*,*,#714,.F.);
#470=ORIENTED_EDGE('',*,*,#909,.F.);
#471=ORIENTED_EDGE('',*,*,#784,.F.);
#472=ORIENTED_EDGE('',*,*,#908,.T.);
#473=ORIENTED_EDGE('',*,*,#814,.F.);
#474=ORIENTED_EDGE('',*,*,#910,.F.);
#475=ORIENTED_EDGE('',*,*,#721,.F.);
#476=ORIENTED_EDGE('',*,*,#909,.T.);
#477=ORIENTED_EDGE('',*,*,#713,.F.);
#478=ORIENTED_EDGE('',*,*,#911,.F.);
#479=ORIENTED_EDGE('',*,*,#781,.F.);
#480=ORIENTED_EDGE('',*,*,#910,.T.);
#481=ORIENTED_EDGE('',*,*,#817,.F.);
#482=ORIENTED_EDGE('',*,*,#912,.F.);
#483=ORIENTED_EDGE('',*,*,#722,.F.);
#484=ORIENTED_EDGE('',*,*,#911,.T.);
#485=ORIENTED_EDGE('',*,*,#712,.F.);
#486=ORIENTED_EDGE('',*,*,#913,.F.);
#487=ORIENTED_EDGE('',*,*,#778,.F.);
#488=ORIENTED_EDGE('',*,*,#912,.T.);
#489=ORIENTED_EDGE('',*,*,#820,.F.);
#490=ORIENTED_EDGE('',*,*,#914,.F.);
#491=ORIENTED_EDGE('',*,*,#723,.F.);
#492=ORIENTED_EDGE('',*,*,#913,.T.);
#493=ORIENTED_EDGE('',*,*,#711,.F.);
#494=ORIENTED_EDGE('',*,*,#915,.F.);
#495=ORIENTED_EDGE('',*,*,#775,.F.);
#496=ORIENTED_EDGE('',*,*,#914,.T.);
#497=ORIENTED_EDGE('',*,*,#823,.F.);
#498=ORIENTED_EDGE('',*,*,#916,.F.);
#499=ORIENTED_EDGE('',*,*,#724,.F.);
#500=ORIENTED_EDGE('',*,*,#915,.T.);
#501=ORIENTED_EDGE('',*,*,#710,.F.);
#502=ORIENTED_EDGE('',*,*,#917,.F.);
#503=ORIENTED_EDGE('',*,*,#772,.F.);
#504=ORIENTED_EDGE('',*,*,#916,.T.);
#505=ORIENTED_EDGE('',*,*,#826,.F.);
#506=ORIENTED_EDGE('',*,*,#918,.F.);
#507=ORIENTED_EDGE('',*,*,#725,.F.);
#508=ORIENTED_EDGE('',*,*,#917,.T.);
#509=ORIENTED_EDGE('',*,*,#709,.F.);
#510=ORIENTED_EDGE('',*,*,#919,.F.);
#511=ORIENTED_EDGE('',*,*,#769,.F.);
#512=ORIENTED_EDGE('',*,*,#918,.T.);
#513=ORIENTED_EDGE('',*,*,#829,.F.);
#514=ORIENTED_EDGE('',*,*,#920,.F.);
#515=ORIENTED_EDGE('',*,*,#704,.F.);
#516=ORIENTED_EDGE('',*,*,#919,.T.);
#517=ORIENTED_EDGE('',*,*,#708,.F.);
#518=ORIENTED_EDGE('',*,*,#921,.F.);
#519=ORIENTED_EDGE('',*,*,#766,.F.);
#520=ORIENTED_EDGE('',*,*,#920,.T.);
#521=ORIENTED_EDGE('',*,*,#832,.F.);
#522=ORIENTED_EDGE('',*,*,#922,.F.);
#523=ORIENTED_EDGE('',*,*,#848,.F.);
#524=ORIENTED_EDGE('',*,*,#894,.F.);
#525=ORIENTED_EDGE('',*,*,#705,.F.);
#526=ORIENTED_EDGE('',*,*,#895,.F.);
#527=ORIENTED_EDGE('',*,*,#853,.F.);
#528=ORIENTED_EDGE('',*,*,#923,.F.);
#529=ORIENTED_EDGE('',*,*,#763,.F.);
#530=ORIENTED_EDGE('',*,*,#921,.T.);
#531=ORIENTED_EDGE('',*,*,#707,.F.);
#532=ORIENTED_EDGE('',*,*,#922,.T.);
#533=ORIENTED_EDGE('',*,*,#835,.F.);
#534=ORIENTED_EDGE('',*,*,#924,.F.);
#535=ORIENTED_EDGE('',*,*,#849,.F.);
#536=ORIENTED_EDGE('',*,*,#923,.T.);
#537=ORIENTED_EDGE('',*,*,#852,.F.);
#538=ORIENTED_EDGE('',*,*,#925,.F.);
#539=ORIENTED_EDGE('',*,*,#760,.F.);
#540=ORIENTED_EDGE('',*,*,#924,.T.);
#541=ORIENTED_EDGE('',*,*,#838,.F.);
#542=ORIENTED_EDGE('',*,*,#926,.F.);
#543=ORIENTED_EDGE('',*,*,#850,.F.);
#544=ORIENTED_EDGE('',*,*,#925,.T.);
#545=ORIENTED_EDGE('',*,*,#851,.F.);
#546=ORIENTED_EDGE('',*,*,#926,.T.);
#547=ORIENTED_EDGE('',*,*,#846,.F.);
#548=ORIENTED_EDGE('',*,*,#927,.T.);
#549=ORIENTED_EDGE('',*,*,#700,.F.);
#550=ORIENTED_EDGE('',*,*,#928,.F.);
#551=ORIENTED_EDGE('',*,*,#698,.F.);
#552=ORIENTED_EDGE('',*,*,#696,.T.);
#553=ORIENTED_EDGE('',*,*,#929,.T.);
#554=ORIENTED_EDGE('',*,*,#702,.T.);
#555=ORIENTED_EDGE('',*,*,#930,.F.);
#556=ORIENTED_EDGE('',*,*,#930,.T.);
#557=ORIENTED_EDGE('',*,*,#701,.F.);
#558=ORIENTED_EDGE('',*,*,#927,.F.);
#559=ORIENTED_EDGE('',*,*,#697,.F.);
#560=ORIENTED_EDGE('',*,*,#699,.T.);
#561=ORIENTED_EDGE('',*,*,#928,.T.);
#562=ORIENTED_EDGE('',*,*,#703,.T.);
#563=ORIENTED_EDGE('',*,*,#929,.F.);
#564=ORIENTED_EDGE('',*,*,#931,.F.);
#565=ORIENTED_EDGE('',*,*,#744,.F.);
#566=ORIENTED_EDGE('',*,*,#932,.F.);
#567=ORIENTED_EDGE('',*,*,#857,.F.);
#568=ORIENTED_EDGE('',*,*,#932,.T.);
#569=ORIENTED_EDGE('',*,*,#751,.F.);
#570=ORIENTED_EDGE('',*,*,#933,.F.);
#571=ORIENTED_EDGE('',*,*,#854,.F.);
#572=ORIENTED_EDGE('',*,*,#931,.T.);
#573=ORIENTED_EDGE('',*,*,#856,.F.);
#574=ORIENTED_EDGE('',*,*,#934,.F.);
#575=ORIENTED_EDGE('',*,*,#844,.F.);
#576=ORIENTED_EDGE('',*,*,#933,.T.);
#577=ORIENTED_EDGE('',*,*,#748,.F.);
#578=ORIENTED_EDGE('',*,*,#934,.T.);
#579=ORIENTED_EDGE('',*,*,#855,.F.);
#580=ORIENTED_EDGE('',*,*,#741,.F.);
#581=ORIENTED_EDGE('',*,*,#858,.F.);
#582=ORIENTED_EDGE('',*,*,#739,.F.);
#583=ORIENTED_EDGE('',*,*,#859,.F.);
#584=ORIENTED_EDGE('',*,*,#935,.F.);
#585=ORIENTED_EDGE('',*,*,#809,.F.);
#586=ORIENTED_EDGE('',*,*,#936,.F.);
#587=ORIENTED_EDGE('',*,*,#875,.F.);
#588=ORIENTED_EDGE('',*,*,#936,.T.);
#589=ORIENTED_EDGE('',*,*,#806,.F.);
#590=ORIENTED_EDGE('',*,*,#937,.F.);
#591=ORIENTED_EDGE('',*,*,#876,.F.);
#592=ORIENTED_EDGE('',*,*,#935,.T.);
#593=ORIENTED_EDGE('',*,*,#874,.F.);
#594=ORIENTED_EDGE('',*,*,#938,.F.);
#595=ORIENTED_EDGE('',*,*,#812,.F.);
#596=ORIENTED_EDGE('',*,*,#937,.T.);
#597=ORIENTED_EDGE('',*,*,#803,.F.);
#598=ORIENTED_EDGE('',*,*,#939,.F.);
#599=ORIENTED_EDGE('',*,*,#877,.F.);
#600=ORIENTED_EDGE('',*,*,#938,.T.);
#601=ORIENTED_EDGE('',*,*,#873,.F.);
#602=ORIENTED_EDGE('',*,*,#940,.F.);
#603=ORIENTED_EDGE('',*,*,#815,.F.);
#604=ORIENTED_EDGE('',*,*,#939,.T.);
#605=ORIENTED_EDGE('',*,*,#800,.F.);
#606=ORIENTED_EDGE('',*,*,#941,.F.);
#607=ORIENTED_EDGE('',*,*,#878,.F.);
#608=ORIENTED_EDGE('',*,*,#940,.T.);
#609=ORIENTED_EDGE('',*,*,#872,.F.);
#610=ORIENTED_EDGE('',*,*,#942,.F.);
#611=ORIENTED_EDGE('',*,*,#818,.F.);
#612=ORIENTED_EDGE('',*,*,#941,.T.);
#613=ORIENTED_EDGE('',*,*,#797,.F.);
#614=ORIENTED_EDGE('',*,*,#943,.F.);
#615=ORIENTED_EDGE('',*,*,#879,.F.);
#616=ORIENTED_EDGE('',*,*,#942,.T.);
#617=ORIENTED_EDGE('',*,*,#871,.F.);
#618=ORIENTED_EDGE('',*,*,#944,.F.);
#619=ORIENTED_EDGE('',*,*,#821,.F.);
#620=ORIENTED_EDGE('',*,*,#943,.T.);
#621=ORIENTED_EDGE('',*,*,#794,.F.);
#622=ORIENTED_EDGE('',*,*,#945,.F.);
#623=ORIENTED_EDGE('',*,*,#880,.F.);
#624=ORIENTED_EDGE('',*,*,#944,.T.);
#625=ORIENTED_EDGE('',*,*,#870,.F.);
#626=ORIENTED_EDGE('',*,*,#946,.F.);
#627=ORIENTED_EDGE('',*,*,#824,.F.);
#628=ORIENTED_EDGE('',*,*,#945,.T.);
#629=ORIENTED_EDGE('',*,*,#791,.F.);
#630=ORIENTED_EDGE('',*,*,#947,.F.);
#631=ORIENTED_EDGE('',*,*,#881,.F.);
#632=ORIENTED_EDGE('',*,*,#946,.T.);
#633=ORIENTED_EDGE('',*,*,#869,.F.);
#634=ORIENTED_EDGE('',*,*,#948,.F.);
#635=ORIENTED_EDGE('',*,*,#827,.F.);
#636=ORIENTED_EDGE('',*,*,#947,.T.);
#637=ORIENTED_EDGE('',*,*,#788,.F.);
#638=ORIENTED_EDGE('',*,*,#949,.F.);
#639=ORIENTED_EDGE('',*,*,#882,.F.);
#640=ORIENTED_EDGE('',*,*,#948,.T.);
#641=ORIENTED_EDGE('',*,*,#868,.F.);
#642=ORIENTED_EDGE('',*,*,#950,.F.);
#643=ORIENTED_EDGE('',*,*,#830,.F.);
#644=ORIENTED_EDGE('',*,*,#949,.T.);
#645=ORIENTED_EDGE('',*,*,#785,.F.);
#646=ORIENTED_EDGE('',*,*,#951,.F.);
#647=ORIENTED_EDGE('',*,*,#883,.F.);
#648=ORIENTED_EDGE('',*,*,#950,.T.);
#649=ORIENTED_EDGE('',*,*,#867,.F.);
#650=ORIENTED_EDGE('',*,*,#952,.F.);
#651=ORIENTED_EDGE('',*,*,#833,.F.);
#652=ORIENTED_EDGE('',*,*,#951,.T.);
#653=ORIENTED_EDGE('',*,*,#782,.F.);
#654=ORIENTED_EDGE('',*,*,#953,.F.);
#655=ORIENTED_EDGE('',*,*,#884,.F.);
#656=ORIENTED_EDGE('',*,*,#952,.T.);
#657=ORIENTED_EDGE('',*,*,#866,.F.);
#658=ORIENTED_EDGE('',*,*,#954,.F.);
#659=ORIENTED_EDGE('',*,*,#836,.F.);
#660=ORIENTED_EDGE('',*,*,#953,.T.);
#661=ORIENTED_EDGE('',*,*,#779,.F.);
#662=ORIENTED_EDGE('',*,*,#955,.F.);
#663=ORIENTED_EDGE('',*,*,#885,.F.);
#664=ORIENTED_EDGE('',*,*,#954,.T.);
#665=ORIENTED_EDGE('',*,*,#865,.F.);
#666=ORIENTED_EDGE('',*,*,#956,.F.);
#667=ORIENTED_EDGE('',*,*,#845,.F.);
#668=ORIENTED_EDGE('',*,*,#955,.T.);
#669=ORIENTED_EDGE('',*,*,#776,.F.);
#670=ORIENTED_EDGE('',*,*,#957,.F.);
#671=ORIENTED_EDGE('',*,*,#886,.F.);
#672=ORIENTED_EDGE('',*,*,#956,.T.);
#673=ORIENTED_EDGE('',*,*,#864,.F.);
#674=ORIENTED_EDGE('',*,*,#958,.F.);
#675=ORIENTED_EDGE('',*,*,#758,.F.);
#676=ORIENTED_EDGE('',*,*,#957,.T.);
#677=ORIENTED_EDGE('',*,*,#773,.F.);
#678=ORIENTED_EDGE('',*,*,#959,.F.);
#679=ORIENTED_EDGE('',*,*,#887,.F.);
#680=ORIENTED_EDGE('',*,*,#958,.T.);
#681=ORIENTED_EDGE('',*,*,#863,.F.);
#682=ORIENTED_EDGE('',*,*,#960,.F.);
#683=ORIENTED_EDGE('',*,*,#761,.F.);
#684=ORIENTED_EDGE('',*,*,#959,.T.);
#685=ORIENTED_EDGE('',*,*,#770,.F.);
#686=ORIENTED_EDGE('',*,*,#961,.F.);
#687=ORIENTED_EDGE('',*,*,#860,.F.);
#688=ORIENTED_EDGE('',*,*,#960,.T.);
#689=ORIENTED_EDGE('',*,*,#862,.F.);
#690=ORIENTED_EDGE('',*,*,#962,.F.);
#691=ORIENTED_EDGE('',*,*,#764,.F.);
#692=ORIENTED_EDGE('',*,*,#961,.T.);
#693=ORIENTED_EDGE('',*,*,#767,.F.);
#694=ORIENTED_EDGE('',*,*,#962,.T.);
#695=ORIENTED_EDGE('',*,*,#861,.F.);
#696=EDGE_CURVE('',#963,#964,#1125,.T.);
#697=EDGE_CURVE('',#963,#965,#1126,.T.);
#698=EDGE_CURVE('',#965,#966,#1127,.T.);
#699=EDGE_CURVE('',#964,#966,#1128,.T.);
#700=EDGE_CURVE('',#967,#968,#1129,.F.);
#701=EDGE_CURVE('',#968,#969,#1130,.T.);
#702=EDGE_CURVE('',#970,#969,#1131,.F.);
#703=EDGE_CURVE('',#967,#970,#1132,.T.);
#704=EDGE_CURVE('',#971,#972,#1133,.F.);
#705=EDGE_CURVE('',#972,#973,#1134,.F.);
#706=EDGE_CURVE('',#974,#973,#89,.T.);
#707=EDGE_CURVE('',#974,#975,#1135,.F.);
#708=EDGE_CURVE('',#975,#976,#90,.T.);
#709=EDGE_CURVE('',#976,#977,#1136,.F.);
#710=EDGE_CURVE('',#977,#978,#1137,.F.);
#711=EDGE_CURVE('',#978,#979,#1138,.F.);
#712=EDGE_CURVE('',#979,#980,#1139,.F.);
#713=EDGE_CURVE('',#980,#981,#1140,.F.);
#714=EDGE_CURVE('',#981,#982,#1141,.T.);
#715=EDGE_CURVE('',#982,#983,#1142,.F.);
#716=EDGE_CURVE('',#983,#984,#91,.T.);
#717=EDGE_CURVE('',#984,#985,#1143,.F.);
#718=EDGE_CURVE('',#986,#985,#92,.T.);
#719=EDGE_CURVE('',#986,#987,#1144,.F.);
#720=EDGE_CURVE('',#987,#988,#1145,.F.);
#721=EDGE_CURVE('',#988,#989,#1146,.F.);
#722=EDGE_CURVE('',#989,#990,#93,.T.);
#723=EDGE_CURVE('',#990,#991,#1147,.F.);
#724=EDGE_CURVE('',#991,#992,#94,.T.);
#725=EDGE_CURVE('',#992,#971,#1148,.F.);
#726=EDGE_CURVE('',#993,#994,#1149,.T.);
#727=EDGE_CURVE('',#993,#995,#1150,.T.);
#728=EDGE_CURVE('',#995,#996,#1151,.T.);
#729=EDGE_CURVE('',#996,#994,#1152,.T.);
#730=EDGE_CURVE('',#997,#997,#95,.T.);
#731=EDGE_CURVE('',#998,#998,#96,.T.);
#732=EDGE_CURVE('',#999,#1000,#1153,.F.);
#733=EDGE_CURVE('',#1000,#1001,#1154,.F.);
#734=EDGE_CURVE('',#1002,#1001,#97,.T.);
#735=EDGE_CURVE('',#1002,#1003,#1155,.F.);
#736=EDGE_CURVE('',#1003,#1004,#98,.T.);
#737=EDGE_CURVE('',#1004,#1005,#1156,.F.);
#738=EDGE_CURVE('',#1005,#999,#99,.T.);
#739=EDGE_CURVE('',#1006,#1006,#100,.F.);
#740=EDGE_CURVE('',#1007,#1007,#101,.T.);
#741=EDGE_CURVE('',#1008,#1008,#102,.F.);
#742=EDGE_CURVE('',#1009,#1009,#103,.T.);
#743=EDGE_CURVE('',#1010,#1011,#1157,.T.);
#744=EDGE_CURVE('',#1011,#1012,#1158,.T.);
#745=EDGE_CURVE('',#1013,#1012,#1159,.T.);
#746=EDGE_CURVE('',#1013,#1010,#1160,.F.);
#747=EDGE_CURVE('',#1014,#1015,#1161,.T.);
#748=EDGE_CURVE('',#1015,#1016,#104,.F.);
#749=EDGE_CURVE('',#1017,#1016,#1162,.T.);
#750=EDGE_CURVE('',#1017,#1014,#105,.T.);
#751=EDGE_CURVE('',#1016,#1011,#1163,.T.);
#752=EDGE_CURVE('',#1010,#1018,#106,.T.);
#753=EDGE_CURVE('',#1019,#1018,#1164,.T.);
#754=EDGE_CURVE('',#1019,#995,#1165,.T.);
#755=EDGE_CURVE('',#1020,#993,#1166,.T.);
#756=EDGE_CURVE('',#1017,#1020,#1167,.T.);
#757=EDGE_CURVE('',#1021,#1022,#1168,.T.);
#758=EDGE_CURVE('',#1022,#1023,#107,.T.);
#759=EDGE_CURVE('',#1024,#1023,#1169,.T.);
#760=EDGE_CURVE('',#1024,#1021,#108,.F.);
#761=EDGE_CURVE('',#1023,#1025,#1170,.T.);
#762=EDGE_CURVE('',#1026,#1025,#1171,.T.);
#763=EDGE_CURVE('',#1026,#1024,#1172,.T.);
#764=EDGE_CURVE('',#1025,#1027,#109,.T.);
#765=EDGE_CURVE('',#1028,#1027,#1173,.T.);
#766=EDGE_CURVE('',#1028,#1026,#110,.F.);
#767=EDGE_CURVE('',#1027,#1029,#1174,.T.);
#768=EDGE_CURVE('',#1030,#1029,#1175,.T.);
#769=EDGE_CURVE('',#1030,#1028,#1176,.T.);
#770=EDGE_CURVE('',#1029,#1031,#1177,.T.);
#771=EDGE_CURVE('',#1032,#1031,#1178,.T.);
#772=EDGE_CURVE('',#1032,#1030,#1179,.T.);
#773=EDGE_CURVE('',#1031,#1033,#1180,.T.);
#774=EDGE_CURVE('',#1034,#1033,#1181,.T.);
#775=EDGE_CURVE('',#1034,#1032,#1182,.T.);
#776=EDGE_CURVE('',#1033,#1035,#1183,.T.);
#777=EDGE_CURVE('',#1036,#1035,#1184,.T.);
#778=EDGE_CURVE('',#1036,#1034,#1185,.T.);
#779=EDGE_CURVE('',#1035,#1037,#1186,.T.);
#780=EDGE_CURVE('',#1038,#1037,#1187,.T.);
#781=EDGE_CURVE('',#1038,#1036,#1188,.T.);
#782=EDGE_CURVE('',#1037,#1039,#1189,.T.);
#783=EDGE_CURVE('',#1040,#1039,#1190,.T.);
#784=EDGE_CURVE('',#1040,#1038,#1191,.F.);
#785=EDGE_CURVE('',#1039,#1041,#1192,.T.);
#786=EDGE_CURVE('',#1042,#1041,#1193,.T.);
#787=EDGE_CURVE('',#1042,#1040,#1194,.T.);
#788=EDGE_CURVE('',#1041,#1043,#111,.T.);
#789=EDGE_CURVE('',#1044,#1043,#1195,.T.);
#790=EDGE_CURVE('',#1044,#1042,#112,.F.);
#791=EDGE_CURVE('',#1043,#1045,#1196,.T.);
#792=EDGE_CURVE('',#1046,#1045,#1197,.T.);
#793=EDGE_CURVE('',#1046,#1044,#1198,.T.);
#794=EDGE_CURVE('',#1045,#1047,#113,.T.);
#795=EDGE_CURVE('',#1048,#1047,#1199,.T.);
#796=EDGE_CURVE('',#1048,#1046,#114,.F.);
#797=EDGE_CURVE('',#1047,#1049,#1200,.T.);
#798=EDGE_CURVE('',#1050,#1049,#1201,.T.);
#799=EDGE_CURVE('',#1050,#1048,#1202,.T.);
#800=EDGE_CURVE('',#1049,#1051,#115,.T.);
#801=EDGE_CURVE('',#1052,#1051,#1203,.T.);
#802=EDGE_CURVE('',#1052,#1050,#116,.F.);
#803=EDGE_CURVE('',#1051,#1053,#1204,.T.);
#804=EDGE_CURVE('',#1054,#1053,#1205,.T.);
#805=EDGE_CURVE('',#1054,#1052,#1206,.T.);
#806=EDGE_CURVE('',#1053,#1055,#1207,.T.);
#807=EDGE_CURVE('',#1056,#1055,#1208,.T.);
#808=EDGE_CURVE('',#1056,#1054,#1209,.T.);
#809=EDGE_CURVE('',#1055,#1057,#1210,.T.);
#810=EDGE_CURVE('',#1058,#1057,#1211,.T.);
#811=EDGE_CURVE('',#1058,#1056,#1212,.T.);
#812=EDGE_CURVE('',#1057,#1059,#1213,.T.);
#813=EDGE_CURVE('',#1060,#1059,#1214,.T.);
#814=EDGE_CURVE('',#1060,#1058,#1215,.T.);
#815=EDGE_CURVE('',#1059,#1061,#117,.T.);
#816=EDGE_CURVE('',#1062,#1061,#1216,.T.);
#817=EDGE_CURVE('',#1062,#1060,#118,.F.);
#818=EDGE_CURVE('',#1061,#1063,#1217,.T.);
#819=EDGE_CURVE('',#1064,#1063,#1218,.T.);
#820=EDGE_CURVE('',#1064,#1062,#1219,.T.);
#821=EDGE_CURVE('',#1063,#1065,#119,.T.);
#822=EDGE_CURVE('',#1066,#1065,#1220,.T.);
#823=EDGE_CURVE('',#1066,#1064,#120,.F.);
#824=EDGE_CURVE('',#1065,#1067,#1221,.T.);
#825=EDGE_CURVE('',#1068,#1067,#1222,.T.);
#826=EDGE_CURVE('',#1068,#1066,#1223,.T.);
#827=EDGE_CURVE('',#1067,#1069,#1224,.T.);
#828=EDGE_CURVE('',#1070,#1069,#1225,.T.);
#829=EDGE_CURVE('',#1070,#1068,#1226,.T.);
#830=EDGE_CURVE('',#1069,#1071,#1227,.T.);
#831=EDGE_CURVE('',#1072,#1071,#1228,.T.);
#832=EDGE_CURVE('',#1072,#1070,#1229,.T.);
#833=EDGE_CURVE('',#1071,#1073,#1230,.T.);
#834=EDGE_CURVE('',#1074,#1073,#1231,.T.);
#835=EDGE_CURVE('',#1074,#1072,#1232,.T.);
#836=EDGE_CURVE('',#1073,#1075,#121,.T.);
#837=EDGE_CURVE('',#1076,#1075,#1233,.T.);
#838=EDGE_CURVE('',#1076,#1074,#122,.F.);
#839=EDGE_CURVE('',#1014,#1077,#1234,.T.);
#840=EDGE_CURVE('',#1077,#994,#1235,.T.);
#841=EDGE_CURVE('',#1078,#996,#1236,.T.);
#842=EDGE_CURVE('',#1078,#1079,#1237,.T.);
#843=EDGE_CURVE('',#1079,#1013,#123,.T.);
#844=EDGE_CURVE('',#1012,#1015,#1238,.T.);
#845=EDGE_CURVE('',#1075,#1022,#1239,.T.);
#846=EDGE_CURVE('',#1021,#1076,#1240,.T.);
#847=EDGE_CURVE('',#1080,#1081,#124,.T.);
#848=EDGE_CURVE('',#1080,#1082,#1241,.F.);
#849=EDGE_CURVE('',#1082,#1083,#1242,.F.);
#850=EDGE_CURVE('',#1083,#1084,#125,.T.);
#851=EDGE_CURVE('',#1084,#1085,#1243,.F.);
#852=EDGE_CURVE('',#1085,#1086,#126,.T.);
#853=EDGE_CURVE('',#1086,#1081,#1244,.F.);
#854=EDGE_CURVE('',#1087,#1088,#1245,.T.);
#855=EDGE_CURVE('',#1088,#1089,#127,.T.);
#856=EDGE_CURVE('',#1089,#1090,#1246,.T.);
#857=EDGE_CURVE('',#1090,#1087,#1247,.T.);
#858=EDGE_CURVE('',#1091,#1091,#128,.T.);
#859=EDGE_CURVE('',#1092,#1092,#129,.T.);
#860=EDGE_CURVE('',#1093,#1094,#1248,.T.);
#861=EDGE_CURVE('',#1094,#1095,#1249,.T.);
#862=EDGE_CURVE('',#1095,#1096,#130,.F.);
#863=EDGE_CURVE('',#1096,#1097,#1250,.T.);
#864=EDGE_CURVE('',#1097,#1098,#131,.F.);
#865=EDGE_CURVE('',#1098,#1099,#1251,.T.);
#866=EDGE_CURVE('',#1099,#1100,#132,.F.);
#867=EDGE_CURVE('',#1100,#1101,#1252,.T.);
#868=EDGE_CURVE('',#1101,#1102,#1253,.T.);
#869=EDGE_CURVE('',#1102,#1103,#1254,.T.);
#870=EDGE_CURVE('',#1103,#1104,#1255,.T.);
#871=EDGE_CURVE('',#1104,#1105,#133,.F.);
#872=EDGE_CURVE('',#1105,#1106,#1256,.T.);
#873=EDGE_CURVE('',#1106,#1107,#134,.F.);
#874=EDGE_CURVE('',#1107,#1108,#1257,.T.);
#875=EDGE_CURVE('',#1108,#1109,#1258,.T.);
#876=EDGE_CURVE('',#1109,#1110,#1259,.T.);
#877=EDGE_CURVE('',#1110,#1111,#1260,.T.);
#878=EDGE_CURVE('',#1111,#1112,#135,.F.);
#879=EDGE_CURVE('',#1112,#1113,#1261,.T.);
#880=EDGE_CURVE('',#1113,#1114,#136,.F.);
#881=EDGE_CURVE('',#1114,#1115,#1262,.T.);
#882=EDGE_CURVE('',#1115,#1116,#137,.F.);
#883=EDGE_CURVE('',#1116,#1117,#1263,.T.);
#884=EDGE_CURVE('',#1117,#1118,#1264,.T.);
#885=EDGE_CURVE('',#1118,#1119,#1265,.T.);
#886=EDGE_CURVE('',#1119,#1120,#1266,.T.);
#887=EDGE_CURVE('',#1120,#1093,#1267,.T.);
#888=EDGE_CURVE('',#1020,#1077,#1268,.T.);
#889=EDGE_CURVE('',#1019,#1078,#1269,.T.);
#890=EDGE_CURVE('',#1018,#1079,#1270,.T.);
#891=EDGE_CURVE('',#1121,#1121,#138,.T.);
#892=EDGE_CURVE('',#1122,#1122,#139,.T.);
#893=EDGE_CURVE('',#1123,#1123,#140,.T.);
#894=EDGE_CURVE('',#973,#1080,#41,.T.);
#895=EDGE_CURVE('',#1081,#974,#42,.T.);
#896=EDGE_CURVE('',#1124,#1124,#141,.T.);
#897=EDGE_CURVE('',#1001,#986,#43,.T.);
#898=EDGE_CURVE('',#985,#1002,#44,.T.);
#899=EDGE_CURVE('',#1005,#1050,#142,.T.);
#900=EDGE_CURVE('',#1048,#1004,#143,.T.);
#901=EDGE_CURVE('',#1046,#1003,#144,.T.);
#902=EDGE_CURVE('',#999,#1052,#145,.T.);
#903=EDGE_CURVE('',#1044,#984,#146,.T.);
#904=EDGE_CURVE('',#1000,#1054,#25,.F.);
#905=EDGE_CURVE('',#1042,#983,#45,.T.);
#906=EDGE_CURVE('',#987,#1056,#26,.F.);
#907=EDGE_CURVE('',#1040,#982,#147,.T.);
#908=EDGE_CURVE('',#988,#1058,#27,.F.);
#909=EDGE_CURVE('',#1038,#981,#28,.T.);
#910=EDGE_CURVE('',#989,#1060,#148,.T.);
#911=EDGE_CURVE('',#1036,#980,#29,.T.);
#912=EDGE_CURVE('',#990,#1062,#149,.T.);
#913=EDGE_CURVE('',#1034,#979,#30,.T.);
#914=EDGE_CURVE('',#991,#1064,#150,.T.);
#915=EDGE_CURVE('',#1032,#978,#31,.T.);
#916=EDGE_CURVE('',#992,#1066,#151,.T.);
#917=EDGE_CURVE('',#1030,#977,#152,.T.);
#918=EDGE_CURVE('',#971,#1068,#32,.F.);
#919=EDGE_CURVE('',#1028,#976,#153,.T.);
#920=EDGE_CURVE('',#972,#1070,#33,.F.);
#921=EDGE_CURVE('',#1026,#975,#46,.T.);
#922=EDGE_CURVE('',#1082,#1072,#34,.F.);
#923=EDGE_CURVE('',#1024,#1086,#154,.T.);
#924=EDGE_CURVE('',#1083,#1074,#155,.T.);
#925=EDGE_CURVE('',#1021,#1085,#156,.T.);
#926=EDGE_CURVE('',#1084,#1076,#157,.T.);
#927=EDGE_CURVE('',#965,#968,#158,.T.);
#928=EDGE_CURVE('',#966,#967,#159,.T.);
#929=EDGE_CURVE('',#964,#970,#160,.T.);
#930=EDGE_CURVE('',#963,#969,#161,.T.);
#931=EDGE_CURVE('',#1012,#1090,#1271,.F.);
#932=EDGE_CURVE('',#1087,#1011,#1272,.T.);
#933=EDGE_CURVE('',#1088,#1016,#47,.F.);
#934=EDGE_CURVE('',#1015,#1089,#48,.F.);
#935=EDGE_CURVE('',#1057,#1108,#1273,.T.);
#936=EDGE_CURVE('',#1109,#1055,#1274,.F.);
#937=EDGE_CURVE('',#1110,#1053,#1275,.F.);
#938=EDGE_CURVE('',#1059,#1107,#1276,.T.);
#939=EDGE_CURVE('',#1111,#1051,#1277,.T.);
#940=EDGE_CURVE('',#1061,#1106,#1278,.T.);
#941=EDGE_CURVE('',#1112,#1049,#1279,.T.);
#942=EDGE_CURVE('',#1063,#1105,#1280,.T.);
#943=EDGE_CURVE('',#1113,#1047,#1281,.T.);
#944=EDGE_CURVE('',#1065,#1104,#1282,.T.);
#945=EDGE_CURVE('',#1114,#1045,#1283,.T.);
#946=EDGE_CURVE('',#1067,#1103,#1284,.T.);
#947=EDGE_CURVE('',#1115,#1043,#1285,.T.);
#948=EDGE_CURVE('',#1069,#1102,#1286,.T.);
#949=EDGE_CURVE('',#1116,#1041,#49,.F.);
#950=EDGE_CURVE('',#1071,#1101,#1287,.T.);
#951=EDGE_CURVE('',#1117,#1039,#1288,.T.);
#952=EDGE_CURVE('',#1073,#1100,#1289,.T.);
#953=EDGE_CURVE('',#1118,#1037,#1290,.T.);
#954=EDGE_CURVE('',#1075,#1099,#1291,.T.);
#955=EDGE_CURVE('',#1119,#1035,#1292,.F.);
#956=EDGE_CURVE('',#1022,#1098,#1293,.T.);
#957=EDGE_CURVE('',#1120,#1033,#1294,.F.);
#958=EDGE_CURVE('',#1023,#1097,#1295,.T.);
#959=EDGE_CURVE('',#1093,#1031,#1296,.F.);
#960=EDGE_CURVE('',#1025,#1096,#50,.T.);
#961=EDGE_CURVE('',#1094,#1029,#1297,.T.);
#962=EDGE_CURVE('',#1027,#1095,#1298,.T.);
#963=VERTEX_POINT('',#2712);
#964=VERTEX_POINT('',#2713);
#965=VERTEX_POINT('',#2715);
#966=VERTEX_POINT('',#2717);
#967=VERTEX_POINT('',#2720);
#968=VERTEX_POINT('',#2721);
#969=VERTEX_POINT('',#2723);
#970=VERTEX_POINT('',#2725);
#971=VERTEX_POINT('',#2728);
#972=VERTEX_POINT('',#2729);
#973=VERTEX_POINT('',#2731);
#974=VERTEX_POINT('',#2733);
#975=VERTEX_POINT('',#2735);
#976=VERTEX_POINT('',#2737);
#977=VERTEX_POINT('',#2739);
#978=VERTEX_POINT('',#2741);
#979=VERTEX_POINT('',#2743);
#980=VERTEX_POINT('',#2745);
#981=VERTEX_POINT('',#2747);
#982=VERTEX_POINT('',#2749);
#983=VERTEX_POINT('',#2751);
#984=VERTEX_POINT('',#2753);
#985=VERTEX_POINT('',#2755);
#986=VERTEX_POINT('',#2757);
#987=VERTEX_POINT('',#2759);
#988=VERTEX_POINT('',#2761);
#989=VERTEX_POINT('',#2763);
#990=VERTEX_POINT('',#2765);
#991=VERTEX_POINT('',#2767);
#992=VERTEX_POINT('',#2769);
#993=VERTEX_POINT('',#2772);
#994=VERTEX_POINT('',#2773);
#995=VERTEX_POINT('',#2775);
#996=VERTEX_POINT('',#2777);
#997=VERTEX_POINT('',#2780);
#998=VERTEX_POINT('',#2782);
#999=VERTEX_POINT('',#2785);
#1000=VERTEX_POINT('',#2786);
#1001=VERTEX_POINT('',#2788);
#1002=VERTEX_POINT('',#2790);
#1003=VERTEX_POINT('',#2792);
#1004=VERTEX_POINT('',#2794);
#1005=VERTEX_POINT('',#2796);
#1006=VERTEX_POINT('',#2800);
#1007=VERTEX_POINT('',#2802);
#1008=VERTEX_POINT('',#2805);
#1009=VERTEX_POINT('',#2807);
#1010=VERTEX_POINT('',#2810);
#1011=VERTEX_POINT('',#2811);
#1012=VERTEX_POINT('',#2813);
#1013=VERTEX_POINT('',#2815);
#1014=VERTEX_POINT('',#2819);
#1015=VERTEX_POINT('',#2820);
#1016=VERTEX_POINT('',#2822);
#1017=VERTEX_POINT('',#2824);
#1018=VERTEX_POINT('',#2829);
#1019=VERTEX_POINT('',#2831);
#1020=VERTEX_POINT('',#2834);
#1021=VERTEX_POINT('',#2838);
#1022=VERTEX_POINT('',#2839);
#1023=VERTEX_POINT('',#2841);
#1024=VERTEX_POINT('',#2843);
#1025=VERTEX_POINT('',#2847);
#1026=VERTEX_POINT('',#2849);
#1027=VERTEX_POINT('',#2853);
#1028=VERTEX_POINT('',#2855);
#1029=VERTEX_POINT('',#2859);
#1030=VERTEX_POINT('',#2861);
#1031=VERTEX_POINT('',#2865);
#1032=VERTEX_POINT('',#2867);
#1033=VERTEX_POINT('',#2871);
#1034=VERTEX_POINT('',#2873);
#1035=VERTEX_POINT('',#2877);
#1036=VERTEX_POINT('',#2879);
#1037=VERTEX_POINT('',#2883);
#1038=VERTEX_POINT('',#2885);
#1039=VERTEX_POINT('',#2889);
#1040=VERTEX_POINT('',#2891);
#1041=VERTEX_POINT('',#2895);
#1042=VERTEX_POINT('',#2897);
#1043=VERTEX_POINT('',#2901);
#1044=VERTEX_POINT('',#2903);
#1045=VERTEX_POINT('',#2907);
#1046=VERTEX_POINT('',#2909);
#1047=VERTEX_POINT('',#2913);
#1048=VERTEX_POINT('',#2915);
#1049=VERTEX_POINT('',#2919);
#1050=VERTEX_POINT('',#2921);
#1051=VERTEX_POINT('',#2925);
#1052=VERTEX_POINT('',#2927);
#1053=VERTEX_POINT('',#2931);
#1054=VERTEX_POINT('',#2933);
#1055=VERTEX_POINT('',#2937);
#1056=VERTEX_POINT('',#2939);
#1057=VERTEX_POINT('',#2943);
#1058=VERTEX_POINT('',#2945);
#1059=VERTEX_POINT('',#2949);
#1060=VERTEX_POINT('',#2951);
#1061=VERTEX_POINT('',#2955);
#1062=VERTEX_POINT('',#2957);
#1063=VERTEX_POINT('',#2961);
#1064=VERTEX_POINT('',#2963);
#1065=VERTEX_POINT('',#2967);
#1066=VERTEX_POINT('',#2969);
#1067=VERTEX_POINT('',#2973);
#1068=VERTEX_POINT('',#2975);
#1069=VERTEX_POINT('',#2979);
#1070=VERTEX_POINT('',#2981);
#1071=VERTEX_POINT('',#2985);
#1072=VERTEX_POINT('',#2987);
#1073=VERTEX_POINT('',#2991);
#1074=VERTEX_POINT('',#2993);
#1075=VERTEX_POINT('',#2997);
#1076=VERTEX_POINT('',#2999);
#1077=VERTEX_POINT('',#3003);
#1078=VERTEX_POINT('',#3006);
#1079=VERTEX_POINT('',#3008);
#1080=VERTEX_POINT('',#3016);
#1081=VERTEX_POINT('',#3017);
#1082=VERTEX_POINT('',#3019);
#1083=VERTEX_POINT('',#3021);
#1084=VERTEX_POINT('',#3023);
#1085=VERTEX_POINT('',#3025);
#1086=VERTEX_POINT('',#3027);
#1087=VERTEX_POINT('',#3031);
#1088=VERTEX_POINT('',#3032);
#1089=VERTEX_POINT('',#3034);
#1090=VERTEX_POINT('',#3036);
#1091=VERTEX_POINT('',#3039);
#1092=VERTEX_POINT('',#3041);
#1093=VERTEX_POINT('',#3043);
#1094=VERTEX_POINT('',#3044);
#1095=VERTEX_POINT('',#3046);
#1096=VERTEX_POINT('',#3048);
#1097=VERTEX_POINT('',#3050);
#1098=VERTEX_POINT('',#3052);
#1099=VERTEX_POINT('',#3054);
#1100=VERTEX_POINT('',#3056);
#1101=VERTEX_POINT('',#3058);
#1102=VERTEX_POINT('',#3060);
#1103=VERTEX_POINT('',#3062);
#1104=VERTEX_POINT('',#3064);
#1105=VERTEX_POINT('',#3066);
#1106=VERTEX_POINT('',#3068);
#1107=VERTEX_POINT('',#3070);
#1108=VERTEX_POINT('',#3072);
#1109=VERTEX_POINT('',#3074);
#1110=VERTEX_POINT('',#3076);
#1111=VERTEX_POINT('',#3078);
#1112=VERTEX_POINT('',#3080);
#1113=VERTEX_POINT('',#3082);
#1114=VERTEX_POINT('',#3084);
#1115=VERTEX_POINT('',#3086);
#1116=VERTEX_POINT('',#3088);
#1117=VERTEX_POINT('',#3090);
#1118=VERTEX_POINT('',#3092);
#1119=VERTEX_POINT('',#3094);
#1120=VERTEX_POINT('',#3096);
#1121=VERTEX_POINT('',#3108);
#1122=VERTEX_POINT('',#3112);
#1123=VERTEX_POINT('',#3116);
#1124=VERTEX_POINT('',#3130);
#1125=LINE('',#2711,#1299);
#1126=LINE('',#2714,#1300);
#1127=LINE('',#2716,#1301);
#1128=LINE('',#2718,#1302);
#1129=LINE('',#2719,#1303);
#1130=LINE('',#2722,#1304);
#1131=LINE('',#2724,#1305);
#1132=LINE('',#2726,#1306);
#1133=LINE('',#2727,#1307);
#1134=LINE('',#2730,#1308);
#1135=LINE('',#2734,#1309);
#1136=LINE('',#2738,#1310);
#1137=LINE('',#2740,#1311);
#1138=LINE('',#2742,#1312);
#1139=LINE('',#2744,#1313);
#1140=LINE('',#2746,#1314);
#1141=LINE('',#2748,#1315);
#1142=LINE('',#2750,#1316);
#1143=LINE('',#2754,#1317);
#1144=LINE('',#2758,#1318);
#1145=LINE('',#2760,#1319);
#1146=LINE('',#2762,#1320);
#1147=LINE('',#2766,#1321);
#1148=LINE('',#2770,#1322);
#1149=LINE('',#2771,#1323);
#1150=LINE('',#2774,#1324);
#1151=LINE('',#2776,#1325);
#1152=LINE('',#2778,#1326);
#1153=LINE('',#2784,#1327);
#1154=LINE('',#2787,#1328);
#1155=LINE('',#2791,#1329);
#1156=LINE('',#2795,#1330);
#1157=LINE('',#2809,#1331);
#1158=LINE('',#2812,#1332);
#1159=LINE('',#2814,#1333);
#1160=LINE('',#2816,#1334);
#1161=LINE('',#2818,#1335);
#1162=LINE('',#2823,#1336);
#1163=LINE('',#2827,#1337);
#1164=LINE('',#2830,#1338);
#1165=LINE('',#2832,#1339);
#1166=LINE('',#2833,#1340);
#1167=LINE('',#2835,#1341);
#1168=LINE('',#2837,#1342);
#1169=LINE('',#2842,#1343);
#1170=LINE('',#2846,#1344);
#1171=LINE('',#2848,#1345);
#1172=LINE('',#2850,#1346);
#1173=LINE('',#2854,#1347);
#1174=LINE('',#2858,#1348);
#1175=LINE('',#2860,#1349);
#1176=LINE('',#2862,#1350);
#1177=LINE('',#2864,#1351);
#1178=LINE('',#2866,#1352);
#1179=LINE('',#2868,#1353);
#1180=LINE('',#2870,#1354);
#1181=LINE('',#2872,#1355);
#1182=LINE('',#2874,#1356);
#1183=LINE('',#2876,#1357);
#1184=LINE('',#2878,#1358);
#1185=LINE('',#2880,#1359);
#1186=LINE('',#2882,#1360);
#1187=LINE('',#2884,#1361);
#1188=LINE('',#2886,#1362);
#1189=LINE('',#2888,#1363);
#1190=LINE('',#2890,#1364);
#1191=LINE('',#2892,#1365);
#1192=LINE('',#2894,#1366);
#1193=LINE('',#2896,#1367);
#1194=LINE('',#2898,#1368);
#1195=LINE('',#2902,#1369);
#1196=LINE('',#2906,#1370);
#1197=LINE('',#2908,#1371);
#1198=LINE('',#2910,#1372);
#1199=LINE('',#2914,#1373);
#1200=LINE('',#2918,#1374);
#1201=LINE('',#2920,#1375);
#1202=LINE('',#2922,#1376);
#1203=LINE('',#2926,#1377);
#1204=LINE('',#2930,#1378);
#1205=LINE('',#2932,#1379);
#1206=LINE('',#2934,#1380);
#1207=LINE('',#2936,#1381);
#1208=LINE('',#2938,#1382);
#1209=LINE('',#2940,#1383);
#1210=LINE('',#2942,#1384);
#1211=LINE('',#2944,#1385);
#1212=LINE('',#2946,#1386);
#1213=LINE('',#2948,#1387);
#1214=LINE('',#2950,#1388);
#1215=LINE('',#2952,#1389);
#1216=LINE('',#2956,#1390);
#1217=LINE('',#2960,#1391);
#1218=LINE('',#2962,#1392);
#1219=LINE('',#2964,#1393);
#1220=LINE('',#2968,#1394);
#1221=LINE('',#2972,#1395);
#1222=LINE('',#2974,#1396);
#1223=LINE('',#2976,#1397);
#1224=LINE('',#2978,#1398);
#1225=LINE('',#2980,#1399);
#1226=LINE('',#2982,#1400);
#1227=LINE('',#2984,#1401);
#1228=LINE('',#2986,#1402);
#1229=LINE('',#2988,#1403);
#1230=LINE('',#2990,#1404);
#1231=LINE('',#2992,#1405);
#1232=LINE('',#2994,#1406);
#1233=LINE('',#2998,#1407);
#1234=LINE('',#3002,#1408);
#1235=LINE('',#3004,#1409);
#1236=LINE('',#3005,#1410);
#1237=LINE('',#3007,#1411);
#1238=LINE('',#3010,#1412);
#1239=LINE('',#3012,#1413);
#1240=LINE('',#3013,#1414);
#1241=LINE('',#3018,#1415);
#1242=LINE('',#3020,#1416);
#1243=LINE('',#3024,#1417);
#1244=LINE('',#3028,#1418);
#1245=LINE('',#3030,#1419);
#1246=LINE('',#3035,#1420);
#1247=LINE('',#3037,#1421);
#1248=LINE('',#3042,#1422);
#1249=LINE('',#3045,#1423);
#1250=LINE('',#3049,#1424);
#1251=LINE('',#3053,#1425);
#1252=LINE('',#3057,#1426);
#1253=LINE('',#3059,#1427);
#1254=LINE('',#3061,#1428);
#1255=LINE('',#3063,#1429);
#1256=LINE('',#3067,#1430);
#1257=LINE('',#3071,#1431);
#1258=LINE('',#3073,#1432);
#1259=LINE('',#3075,#1433);
#1260=LINE('',#3077,#1434);
#1261=LINE('',#3081,#1435);
#1262=LINE('',#3085,#1436);
#1263=LINE('',#3089,#1437);
#1264=LINE('',#3091,#1438);
#1265=LINE('',#3093,#1439);
#1266=LINE('',#3095,#1440);
#1267=LINE('',#3097,#1441);
#1268=LINE('',#3099,#1442);
#1269=LINE('',#3102,#1443);
#1270=LINE('',#3104,#1444);
#1271=LINE('',#3215,#1445);
#1272=LINE('',#3216,#1446);
#1273=LINE('',#3231,#1447);
#1274=LINE('',#3232,#1448);
#1275=LINE('',#3234,#1449);
#1276=LINE('',#3236,#1450);
#1277=LINE('',#3238,#1451);
#1278=LINE('',#3240,#1452);
#1279=LINE('',#3242,#1453);
#1280=LINE('',#3244,#1454);
#1281=LINE('',#3246,#1455);
#1282=LINE('',#3248,#1456);
#1283=LINE('',#3250,#1457);
#1284=LINE('',#3252,#1458);
#1285=LINE('',#3254,#1459);
#1286=LINE('',#3256,#1460);
#1287=LINE('',#3263,#1461);
#1288=LINE('',#3265,#1462);
#1289=LINE('',#3267,#1463);
#1290=LINE('',#3269,#1464);
#1291=LINE('',#3271,#1465);
#1292=LINE('',#3273,#1466);
#1293=LINE('',#3275,#1467);
#1294=LINE('',#3277,#1468);
#1295=LINE('',#3279,#1469);
#1296=LINE('',#3281,#1470);
#1297=LINE('',#3288,#1471);
#1298=LINE('',#3290,#1472);
#1299=VECTOR('',#2137,1.);
#1300=VECTOR('',#2138,1.);
#1301=VECTOR('',#2139,1.);
#1302=VECTOR('',#2140,1.);
#1303=VECTOR('',#2141,1.);
#1304=VECTOR('',#2142,1.);
#1305=VECTOR('',#2143,1.);
#1306=VECTOR('',#2144,1.);
#1307=VECTOR('',#2145,1.);
#1308=VECTOR('',#2146,1.);
#1309=VECTOR('',#2149,1.);
#1310=VECTOR('',#2152,1.);
#1311=VECTOR('',#2153,1.);
#1312=VECTOR('',#2154,1.);
#1313=VECTOR('',#2155,1.);
#1314=VECTOR('',#2156,1.);
#1315=VECTOR('',#2157,1.);
#1316=VECTOR('',#2158,1.);
#1317=VECTOR('',#2161,1.);
#1318=VECTOR('',#2164,1.);
#1319=VECTOR('',#2165,1.);
#1320=VECTOR('',#2166,1.);
#1321=VECTOR('',#2169,1.);
#1322=VECTOR('',#2172,1.);
#1323=VECTOR('',#2173,1.);
#1324=VECTOR('',#2174,1.);
#1325=VECTOR('',#2175,1.);
#1326=VECTOR('',#2176,1.);
#1327=VECTOR('',#2183,1.);
#1328=VECTOR('',#2184,1.);
#1329=VECTOR('',#2187,1.);
#1330=VECTOR('',#2190,1.);
#1331=VECTOR('',#2207,1.);
#1332=VECTOR('',#2208,1.);
#1333=VECTOR('',#2209,1.);
#1334=VECTOR('',#2210,1.);
#1335=VECTOR('',#2213,1.);
#1336=VECTOR('',#2216,1.);
#1337=VECTOR('',#2221,1.);
#1338=VECTOR('',#2224,1.);
#1339=VECTOR('',#2225,1.);
#1340=VECTOR('',#2226,1.);
#1341=VECTOR('',#2227,1.);
#1342=VECTOR('',#2230,1.);
#1343=VECTOR('',#2233,1.);
#1344=VECTOR('',#2238,1.);
#1345=VECTOR('',#2239,1.);
#1346=VECTOR('',#2240,1.);
#1347=VECTOR('',#2245,1.);
#1348=VECTOR('',#2250,1.);
#1349=VECTOR('',#2251,1.);
#1350=VECTOR('',#2252,1.);
#1351=VECTOR('',#2255,1.);
#1352=VECTOR('',#2256,1.);
#1353=VECTOR('',#2257,1.);
#1354=VECTOR('',#2260,1.);
#1355=VECTOR('',#2261,1.);
#1356=VECTOR('',#2262,1.);
#1357=VECTOR('',#2265,1.);
#1358=VECTOR('',#2266,1.);
#1359=VECTOR('',#2267,1.);
#1360=VECTOR('',#2270,1.);
#1361=VECTOR('',#2271,1.);
#1362=VECTOR('',#2272,1.);
#1363=VECTOR('',#2275,1.);
#1364=VECTOR('',#2276,1.);
#1365=VECTOR('',#2277,1.);
#1366=VECTOR('',#2280,1.);
#1367=VECTOR('',#2281,1.);
#1368=VECTOR('',#2282,1.);
#1369=VECTOR('',#2287,1.);
#1370=VECTOR('',#2292,1.);
#1371=VECTOR('',#2293,1.);
#1372=VECTOR('',#2294,1.);
#1373=VECTOR('',#2299,1.);
#1374=VECTOR('',#2304,1.);
#1375=VECTOR('',#2305,1.);
#1376=VECTOR('',#2306,1.);
#1377=VECTOR('',#2311,1.);
#1378=VECTOR('',#2316,1.);
#1379=VECTOR('',#2317,1.);
#1380=VECTOR('',#2318,1.);
#1381=VECTOR('',#2321,1.);
#1382=VECTOR('',#2322,1.);
#1383=VECTOR('',#2323,1.);
#1384=VECTOR('',#2326,1.);
#1385=VECTOR('',#2327,1.);
#1386=VECTOR('',#2328,1.);
#1387=VECTOR('',#2331,1.);
#1388=VECTOR('',#2332,1.);
#1389=VECTOR('',#2333,1.);
#1390=VECTOR('',#2338,1.);
#1391=VECTOR('',#2343,1.);
#1392=VECTOR('',#2344,1.);
#1393=VECTOR('',#2345,1.);
#1394=VECTOR('',#2350,1.);
#1395=VECTOR('',#2355,1.);
#1396=VECTOR('',#2356,1.);
#1397=VECTOR('',#2357,1.);
#1398=VECTOR('',#2360,1.);
#1399=VECTOR('',#2361,1.);
#1400=VECTOR('',#2362,1.);
#1401=VECTOR('',#2365,1.);
#1402=VECTOR('',#2366,1.);
#1403=VECTOR('',#2367,1.);
#1404=VECTOR('',#2370,1.);
#1405=VECTOR('',#2371,1.);
#1406=VECTOR('',#2372,1.);
#1407=VECTOR('',#2377,1.);
#1408=VECTOR('',#2382,1.);
#1409=VECTOR('',#2383,1.);
#1410=VECTOR('',#2384,1.);
#1411=VECTOR('',#2385,1.);
#1412=VECTOR('',#2388,1.);
#1413=VECTOR('',#2391,1.);
#1414=VECTOR('',#2392,1.);
#1415=VECTOR('',#2397,1.);
#1416=VECTOR('',#2398,1.);
#1417=VECTOR('',#2401,1.);
#1418=VECTOR('',#2404,1.);
#1419=VECTOR('',#2407,1.);
#1420=VECTOR('',#2410,1.);
#1421=VECTOR('',#2411,1.);
#1422=VECTOR('',#2416,1.);
#1423=VECTOR('',#2417,1.);
#1424=VECTOR('',#2420,1.);
#1425=VECTOR('',#2423,1.);
#1426=VECTOR('',#2426,1.);
#1427=VECTOR('',#2427,1.);
#1428=VECTOR('',#2428,1.);
#1429=VECTOR('',#2429,1.);
#1430=VECTOR('',#2432,1.);
#1431=VECTOR('',#2435,1.);
#1432=VECTOR('',#2436,1.);
#1433=VECTOR('',#2437,1.);
#1434=VECTOR('',#2438,1.);
#1435=VECTOR('',#2441,1.);
#1436=VECTOR('',#2444,1.);
#1437=VECTOR('',#2447,1.);
#1438=VECTOR('',#2448,1.);
#1439=VECTOR('',#2449,1.);
#1440=VECTOR('',#2450,1.);
#1441=VECTOR('',#2451,1.);
#1442=VECTOR('',#2454,1.);
#1443=VECTOR('',#2459,1.);
#1444=VECTOR('',#2462,1.);
#1445=VECTOR('',#2615,1.);
#1446=VECTOR('',#2616,1.);
#1447=VECTOR('',#2629,1.);
#1448=VECTOR('',#2630,1.);
#1449=VECTOR('',#2633,1.);
#1450=VECTOR('',#2636,1.);
#1451=VECTOR('',#2639,1.);
#1452=VECTOR('',#2642,1.);
#1453=VECTOR('',#2645,1.);
#1454=VECTOR('',#2648,1.);
#1455=VECTOR('',#2651,1.);
#1456=VECTOR('',#2654,1.);
#1457=VECTOR('',#2657,1.);
#1458=VECTOR('',#2660,1.);
#1459=VECTOR('',#2663,1.);
#1460=VECTOR('',#2666,1.);
#1461=VECTOR('',#2671,1.);
#1462=VECTOR('',#2674,1.);
#1463=VECTOR('',#2677,1.);
#1464=VECTOR('',#2680,1.);
#1465=VECTOR('',#2683,1.);
#1466=VECTOR('',#2686,1.);
#1467=VECTOR('',#2689,1.);
#1468=VECTOR('',#2692,1.);
#1469=VECTOR('',#2695,1.);
#1470=VECTOR('',#2698,1.);
#1471=VECTOR('',#2703,1.);
#1472=VECTOR('',#2706,1.);
#1473=EDGE_LOOP('',(#162,#163,#164,#165));
#1474=EDGE_LOOP('',(#166,#167,#168,#169));
#1475=EDGE_LOOP('',(#170,#171,#172,#173,#174,#175,#176,#177,#178,#179,#180,
#181,#182,#183,#184,#185,#186,#187,#188,#189,#190,#191));
#1476=EDGE_LOOP('',(#192,#193,#194,#195));
#1477=EDGE_LOOP('',(#196));
#1478=EDGE_LOOP('',(#197));
#1479=EDGE_LOOP('',(#198,#199,#200,#201,#202,#203,#204));
#1480=EDGE_LOOP('',(#205));
#1481=EDGE_LOOP('',(#206));
#1482=EDGE_LOOP('',(#207));
#1483=EDGE_LOOP('',(#208));
#1484=EDGE_LOOP('',(#209,#210,#211,#212));
#1485=EDGE_LOOP('',(#213,#214,#215,#216));
#1486=EDGE_LOOP('',(#217,#218,#219,#220,#221,#222,#223,#224,#225));
#1487=EDGE_LOOP('',(#226,#227,#228,#229));
#1488=EDGE_LOOP('',(#230,#231,#232,#233));
#1489=EDGE_LOOP('',(#234,#235,#236,#237));
#1490=EDGE_LOOP('',(#238,#239,#240,#241));
#1491=EDGE_LOOP('',(#242,#243,#244,#245));
#1492=EDGE_LOOP('',(#246,#247,#248,#249));
#1493=EDGE_LOOP('',(#250,#251,#252,#253));
#1494=EDGE_LOOP('',(#254,#255,#256,#257));
#1495=EDGE_LOOP('',(#258,#259,#260,#261));
#1496=EDGE_LOOP('',(#262,#263,#264,#265));
#1497=EDGE_LOOP('',(#266,#267,#268,#269));
#1498=EDGE_LOOP('',(#270,#271,#272,#273));
#1499=EDGE_LOOP('',(#274,#275,#276,#277));
#1500=EDGE_LOOP('',(#278,#279,#280,#281));
#1501=EDGE_LOOP('',(#282,#283,#284,#285));
#1502=EDGE_LOOP('',(#286,#287,#288,#289));
#1503=EDGE_LOOP('',(#290,#291,#292,#293));
#1504=EDGE_LOOP('',(#294,#295,#296,#297));
#1505=EDGE_LOOP('',(#298,#299,#300,#301));
#1506=EDGE_LOOP('',(#302,#303,#304,#305));
#1507=EDGE_LOOP('',(#306,#307,#308,#309));
#1508=EDGE_LOOP('',(#310,#311,#312,#313));
#1509=EDGE_LOOP('',(#314,#315,#316,#317));
#1510=EDGE_LOOP('',(#318,#319,#320,#321));
#1511=EDGE_LOOP('',(#322,#323,#324,#325));
#1512=EDGE_LOOP('',(#326,#327,#328,#329));
#1513=EDGE_LOOP('',(#330,#331,#332,#333));
#1514=EDGE_LOOP('',(#334,#335,#336,#337,#338,#339,#340,#341,#342));
#1515=EDGE_LOOP('',(#343,#344,#345,#346));
#1516=EDGE_LOOP('',(#347,#348,#349,#350,#351,#352,#353));
#1517=EDGE_LOOP('',(#354,#355,#356,#357));
#1518=EDGE_LOOP('',(#358));
#1519=EDGE_LOOP('',(#359));
#1520=EDGE_LOOP('',(#360,#361,#362,#363,#364,#365,#366,#367,#368,#369,#370,
#371,#372,#373,#374,#375,#376,#377,#378,#379,#380,#381,#382,#383,#384,#385,
#386,#387));
#1521=EDGE_LOOP('',(#388,#389,#390,#391));
#1522=EDGE_LOOP('',(#392,#393,#394,#395));
#1523=EDGE_LOOP('',(#396,#397,#398,#399));
#1524=EDGE_LOOP('',(#400,#401,#402,#403));
#1525=EDGE_LOOP('',(#404,#405,#406,#407));
#1526=EDGE_LOOP('',(#408));
#1527=EDGE_LOOP('',(#409));
#1528=EDGE_LOOP('',(#410));
#1529=EDGE_LOOP('',(#411));
#1530=EDGE_LOOP('',(#412));
#1531=EDGE_LOOP('',(#413));
#1532=EDGE_LOOP('',(#414));
#1533=EDGE_LOOP('',(#415,#416,#417,#418));
#1534=EDGE_LOOP('',(#419));
#1535=EDGE_LOOP('',(#420));
#1536=EDGE_LOOP('',(#421));
#1537=EDGE_LOOP('',(#422,#423,#424,#425));
#1538=EDGE_LOOP('',(#426));
#1539=EDGE_LOOP('',(#427));
#1540=EDGE_LOOP('',(#428,#429,#430,#431));
#1541=EDGE_LOOP('',(#432,#433,#434,#435));
#1542=EDGE_LOOP('',(#436,#437,#438,#439));
#1543=EDGE_LOOP('',(#440,#441,#442,#443,#444,#445));
#1544=EDGE_LOOP('',(#446,#447,#448,#449));
#1545=EDGE_LOOP('',(#450,#451,#452,#453));
#1546=EDGE_LOOP('',(#454,#455,#456,#457,#458,#459));
#1547=EDGE_LOOP('',(#460,#461,#462,#463));
#1548=EDGE_LOOP('',(#464,#465,#466,#467));
#1549=EDGE_LOOP('',(#468,#469,#470,#471));
#1550=EDGE_LOOP('',(#472,#473,#474,#475));
#1551=EDGE_LOOP('',(#476,#477,#478,#479));
#1552=EDGE_LOOP('',(#480,#481,#482,#483));
#1553=EDGE_LOOP('',(#484,#485,#486,#487));
#1554=EDGE_LOOP('',(#488,#489,#490,#491));
#1555=EDGE_LOOP('',(#492,#493,#494,#495));
#1556=EDGE_LOOP('',(#496,#497,#498,#499));
#1557=EDGE_LOOP('',(#500,#501,#502,#503));
#1558=EDGE_LOOP('',(#504,#505,#506,#507));
#1559=EDGE_LOOP('',(#508,#509,#510,#511));
#1560=EDGE_LOOP('',(#512,#513,#514,#515));
#1561=EDGE_LOOP('',(#516,#517,#518,#519));
#1562=EDGE_LOOP('',(#520,#521,#522,#523,#524,#525));
#1563=EDGE_LOOP('',(#526,#527,#528,#529,#530,#531));
#1564=EDGE_LOOP('',(#532,#533,#534,#535));
#1565=EDGE_LOOP('',(#536,#537,#538,#539));
#1566=EDGE_LOOP('',(#540,#541,#542,#543));
#1567=EDGE_LOOP('',(#544,#545,#546,#547));
#1568=EDGE_LOOP('',(#548,#549,#550,#551));
#1569=EDGE_LOOP('',(#552,#553,#554,#555));
#1570=EDGE_LOOP('',(#556,#557,#558,#559));
#1571=EDGE_LOOP('',(#560,#561,#562,#563));
#1572=EDGE_LOOP('',(#564,#565,#566,#567));
#1573=EDGE_LOOP('',(#568,#569,#570,#571));
#1574=EDGE_LOOP('',(#572,#573,#574,#575));
#1575=EDGE_LOOP('',(#576,#577,#578,#579));
#1576=EDGE_LOOP('',(#580));
#1577=EDGE_LOOP('',(#581));
#1578=EDGE_LOOP('',(#582));
#1579=EDGE_LOOP('',(#583));
#1580=EDGE_LOOP('',(#584,#585,#586,#587));
#1581=EDGE_LOOP('',(#588,#589,#590,#591));
#1582=EDGE_LOOP('',(#592,#593,#594,#595));
#1583=EDGE_LOOP('',(#596,#597,#598,#599));
#1584=EDGE_LOOP('',(#600,#601,#602,#603));
#1585=EDGE_LOOP('',(#604,#605,#606,#607));
#1586=EDGE_LOOP('',(#608,#609,#610,#611));
#1587=EDGE_LOOP('',(#612,#613,#614,#615));
#1588=EDGE_LOOP('',(#616,#617,#618,#619));
#1589=EDGE_LOOP('',(#620,#621,#622,#623));
#1590=EDGE_LOOP('',(#624,#625,#626,#627));
#1591=EDGE_LOOP('',(#628,#629,#630,#631));
#1592=EDGE_LOOP('',(#632,#633,#634,#635));
#1593=EDGE_LOOP('',(#636,#637,#638,#639));
#1594=EDGE_LOOP('',(#640,#641,#642,#643));
#1595=EDGE_LOOP('',(#644,#645,#646,#647));
#1596=EDGE_LOOP('',(#648,#649,#650,#651));
#1597=EDGE_LOOP('',(#652,#653,#654,#655));
#1598=EDGE_LOOP('',(#656,#657,#658,#659));
#1599=EDGE_LOOP('',(#660,#661,#662,#663));
#1600=EDGE_LOOP('',(#664,#665,#666,#667));
#1601=EDGE_LOOP('',(#668,#669,#670,#671));
#1602=EDGE_LOOP('',(#672,#673,#674,#675));
#1603=EDGE_LOOP('',(#676,#677,#678,#679));
#1604=EDGE_LOOP('',(#680,#681,#682,#683));
#1605=EDGE_LOOP('',(#684,#685,#686,#687));
#1606=EDGE_LOOP('',(#688,#689,#690,#691));
#1607=EDGE_LOOP('',(#692,#693,#694,#695));
#1608=FACE_BOUND('',#1473,.T.);
#1609=FACE_BOUND('',#1474,.T.);
#1610=FACE_BOUND('',#1475,.T.);
#1611=FACE_BOUND('',#1476,.T.);
#1612=FACE_BOUND('',#1477,.T.);
#1613=FACE_BOUND('',#1478,.T.);
#1614=FACE_BOUND('',#1479,.T.);
#1615=FACE_BOUND('',#1480,.T.);
#1616=FACE_BOUND('',#1481,.T.);
#1617=FACE_BOUND('',#1482,.T.);
#1618=FACE_BOUND('',#1483,.T.);
#1619=FACE_BOUND('',#1484,.T.);
#1620=FACE_BOUND('',#1485,.T.);
#1621=FACE_BOUND('',#1486,.T.);
#1622=FACE_BOUND('',#1487,.T.);
#1623=FACE_BOUND('',#1488,.T.);
#1624=FACE_BOUND('',#1489,.T.);
#1625=FACE_BOUND('',#1490,.T.);
#1626=FACE_BOUND('',#1491,.T.);
#1627=FACE_BOUND('',#1492,.T.);
#1628=FACE_BOUND('',#1493,.T.);
#1629=FACE_BOUND('',#1494,.T.);
#1630=FACE_BOUND('',#1495,.T.);
#1631=FACE_BOUND('',#1496,.T.);
#1632=FACE_BOUND('',#1497,.T.);
#1633=FACE_BOUND('',#1498,.T.);
#1634=FACE_BOUND('',#1499,.T.);
#1635=FACE_BOUND('',#1500,.T.);
#1636=FACE_BOUND('',#1501,.T.);
#1637=FACE_BOUND('',#1502,.T.);
#1638=FACE_BOUND('',#1503,.T.);
#1639=FACE_BOUND('',#1504,.T.);
#1640=FACE_BOUND('',#1505,.T.);
#1641=FACE_BOUND('',#1506,.T.);
#1642=FACE_BOUND('',#1507,.T.);
#1643=FACE_BOUND('',#1508,.T.);
#1644=FACE_BOUND('',#1509,.T.);
#1645=FACE_BOUND('',#1510,.T.);
#1646=FACE_BOUND('',#1511,.T.);
#1647=FACE_BOUND('',#1512,.T.);
#1648=FACE_BOUND('',#1513,.T.);
#1649=FACE_BOUND('',#1514,.T.);
#1650=FACE_BOUND('',#1515,.T.);
#1651=FACE_BOUND('',#1516,.T.);
#1652=FACE_BOUND('',#1517,.T.);
#1653=FACE_BOUND('',#1518,.T.);
#1654=FACE_BOUND('',#1519,.T.);
#1655=FACE_BOUND('',#1520,.T.);
#1656=FACE_BOUND('',#1521,.T.);
#1657=FACE_BOUND('',#1522,.T.);
#1658=FACE_BOUND('',#1523,.T.);
#1659=FACE_BOUND('',#1524,.T.);
#1660=FACE_BOUND('',#1525,.T.);
#1661=FACE_BOUND('',#1526,.T.);
#1662=FACE_BOUND('',#1527,.T.);
#1663=FACE_BOUND('',#1528,.T.);
#1664=FACE_BOUND('',#1529,.T.);
#1665=FACE_BOUND('',#1530,.T.);
#1666=FACE_BOUND('',#1531,.T.);
#1667=FACE_BOUND('',#1532,.T.);
#1668=FACE_BOUND('',#1533,.T.);
#1669=FACE_BOUND('',#1534,.T.);
#1670=FACE_BOUND('',#1535,.T.);
#1671=FACE_BOUND('',#1536,.T.);
#1672=FACE_BOUND('',#1537,.T.);
#1673=FACE_BOUND('',#1538,.T.);
#1674=FACE_BOUND('',#1539,.T.);
#1675=FACE_BOUND('',#1540,.T.);
#1676=FACE_BOUND('',#1541,.T.);
#1677=FACE_BOUND('',#1542,.T.);
#1678=FACE_BOUND('',#1543,.T.);
#1679=FACE_BOUND('',#1544,.T.);
#1680=FACE_BOUND('',#1545,.T.);
#1681=FACE_BOUND('',#1546,.T.);
#1682=FACE_BOUND('',#1547,.T.);
#1683=FACE_BOUND('',#1548,.T.);
#1684=FACE_BOUND('',#1549,.T.);
#1685=FACE_BOUND('',#1550,.T.);
#1686=FACE_BOUND('',#1551,.T.);
#1687=FACE_BOUND('',#1552,.T.);
#1688=FACE_BOUND('',#1553,.T.);
#1689=FACE_BOUND('',#1554,.T.);
#1690=FACE_BOUND('',#1555,.T.);
#1691=FACE_BOUND('',#1556,.T.);
#1692=FACE_BOUND('',#1557,.T.);
#1693=FACE_BOUND('',#1558,.T.);
#1694=FACE_BOUND('',#1559,.T.);
#1695=FACE_BOUND('',#1560,.T.);
#1696=FACE_BOUND('',#1561,.T.);
#1697=FACE_BOUND('',#1562,.T.);
#1698=FACE_BOUND('',#1563,.T.);
#1699=FACE_BOUND('',#1564,.T.);
#1700=FACE_BOUND('',#1565,.T.);
#1701=FACE_BOUND('',#1566,.T.);
#1702=FACE_BOUND('',#1567,.T.);
#1703=FACE_BOUND('',#1568,.T.);
#1704=FACE_BOUND('',#1569,.T.);
#1705=FACE_BOUND('',#1570,.T.);
#1706=FACE_BOUND('',#1571,.T.);
#1707=FACE_BOUND('',#1572,.T.);
#1708=FACE_BOUND('',#1573,.T.);
#1709=FACE_BOUND('',#1574,.T.);
#1710=FACE_BOUND('',#1575,.T.);
#1711=FACE_BOUND('',#1576,.T.);
#1712=FACE_BOUND('',#1577,.T.);
#1713=FACE_BOUND('',#1578,.T.);
#1714=FACE_BOUND('',#1579,.T.);
#1715=FACE_BOUND('',#1580,.T.);
#1716=FACE_BOUND('',#1581,.T.);
#1717=FACE_BOUND('',#1582,.T.);
#1718=FACE_BOUND('',#1583,.T.);
#1719=FACE_BOUND('',#1584,.T.);
#1720=FACE_BOUND('',#1585,.T.);
#1721=FACE_BOUND('',#1586,.T.);
#1722=FACE_BOUND('',#1587,.T.);
#1723=FACE_BOUND('',#1588,.T.);
#1724=FACE_BOUND('',#1589,.T.);
#1725=FACE_BOUND('',#1590,.T.);
#1726=FACE_BOUND('',#1591,.T.);
#1727=FACE_BOUND('',#1592,.T.);
#1728=FACE_BOUND('',#1593,.T.);
#1729=FACE_BOUND('',#1594,.T.);
#1730=FACE_BOUND('',#1595,.T.);
#1731=FACE_BOUND('',#1596,.T.);
#1732=FACE_BOUND('',#1597,.T.);
#1733=FACE_BOUND('',#1598,.T.);
#1734=FACE_BOUND('',#1599,.T.);
#1735=FACE_BOUND('',#1600,.T.);
#1736=FACE_BOUND('',#1601,.T.);
#1737=FACE_BOUND('',#1602,.T.);
#1738=FACE_BOUND('',#1603,.T.);
#1739=FACE_BOUND('',#1604,.T.);
#1740=FACE_BOUND('',#1605,.T.);
#1741=FACE_BOUND('',#1606,.T.);
#1742=FACE_BOUND('',#1607,.T.);
#1743=PLANE('',#1933);
#1744=PLANE('',#1942);
#1745=PLANE('',#1952);
#1746=PLANE('',#1956);
#1747=PLANE('',#1961);
#1748=PLANE('',#1965);
#1749=PLANE('',#1966);
#1750=PLANE('',#1967);
#1751=PLANE('',#1968);
#1752=PLANE('',#1969);
#1753=PLANE('',#1970);
#1754=PLANE('',#1971);
#1755=PLANE('',#1975);
#1756=PLANE('',#1979);
#1757=PLANE('',#1983);
#1758=PLANE('',#1984);
#1759=PLANE('',#1985);
#1760=PLANE('',#1986);
#1761=PLANE('',#1990);
#1762=PLANE('',#1994);
#1763=PLANE('',#1995);
#1764=PLANE('',#1996);
#1765=PLANE('',#1997);
#1766=PLANE('',#2001);
#1767=PLANE('',#2003);
#1768=PLANE('',#2004);
#1769=PLANE('',#2008);
#1770=PLANE('',#2020);
#1771=PLANE('',#2021);
#1772=PLANE('',#2022);
#1773=PLANE('',#2023);
#1774=PLANE('',#2027);
#1775=PLANE('',#2030);
#1776=PLANE('',#2033);
#1777=PLANE('',#2036);
#1778=PLANE('',#2097);
#1779=PLANE('',#2098);
#1780=PLANE('',#2099);
#1781=PLANE('',#2100);
#1782=PLANE('',#2101);
#1783=PLANE('',#2105);
#1784=PLANE('',#2106);
#1785=PLANE('',#2107);
#1786=PLANE('',#2108);
#1787=PLANE('',#2111);
#1788=PLANE('',#2112);
#1789=PLANE('',#2115);
#1790=PLANE('',#2116);
#1791=PLANE('',#2117);
#1792=PLANE('',#2119);
#1793=PLANE('',#2120);
#1794=PLANE('',#2121);
#1795=PLANE('',#2122);
#1796=PLANE('',#2124);
#1797=PLANE('',#2125);
#1798=PLANE('',#2126);
#1799=PLANE('',#2128);
#1800=PLANE('',#2129);
#1801=PLANE('',#2130);
#1802=PLANE('',#2132);
#1803=ADVANCED_FACE('',(#1608,#1609,#1610,#1611,#1612,#1613),#1743,.T.);
#1804=ADVANCED_FACE('',(#1614),#1744,.T.);
#1805=ADVANCED_FACE('',(#1615,#1616),#51,.F.);
#1806=ADVANCED_FACE('',(#1617,#1618),#52,.F.);
#1807=ADVANCED_FACE('',(#1619),#1745,.F.);
#1808=ADVANCED_FACE('',(#1620),#53,.F.);
#1809=ADVANCED_FACE('',(#1621),#1746,.F.);
#1810=ADVANCED_FACE('',(#1622),#54,.T.);
#1811=ADVANCED_FACE('',(#1623),#1747,.T.);
#1812=ADVANCED_FACE('',(#1624),#55,.T.);
#1813=ADVANCED_FACE('',(#1625),#1748,.T.);
#1814=ADVANCED_FACE('',(#1626),#1749,.T.);
#1815=ADVANCED_FACE('',(#1627),#1750,.T.);
#1816=ADVANCED_FACE('',(#1628),#1751,.T.);
#1817=ADVANCED_FACE('',(#1629),#1752,.T.);
#1818=ADVANCED_FACE('',(#1630),#1753,.F.);
#1819=ADVANCED_FACE('',(#1631),#1754,.T.);
#1820=ADVANCED_FACE('',(#1632),#56,.T.);
#1821=ADVANCED_FACE('',(#1633),#1755,.T.);
#1822=ADVANCED_FACE('',(#1634),#57,.T.);
#1823=ADVANCED_FACE('',(#1635),#1756,.T.);
#1824=ADVANCED_FACE('',(#1636),#58,.T.);
#1825=ADVANCED_FACE('',(#1637),#1757,.T.);
#1826=ADVANCED_FACE('',(#1638),#1758,.T.);
#1827=ADVANCED_FACE('',(#1639),#1759,.T.);
#1828=ADVANCED_FACE('',(#1640),#1760,.T.);
#1829=ADVANCED_FACE('',(#1641),#59,.T.);
#1830=ADVANCED_FACE('',(#1642),#1761,.T.);
#1831=ADVANCED_FACE('',(#1643),#60,.T.);
#1832=ADVANCED_FACE('',(#1644),#1762,.T.);
#1833=ADVANCED_FACE('',(#1645),#1763,.T.);
#1834=ADVANCED_FACE('',(#1646),#1764,.T.);
#1835=ADVANCED_FACE('',(#1647),#1765,.T.);
#1836=ADVANCED_FACE('',(#1648),#61,.T.);
#1837=ADVANCED_FACE('',(#1649),#1766,.F.);
#1838=ADVANCED_FACE('',(#1650),#1767,.T.);
#1839=ADVANCED_FACE('',(#1651),#1768,.T.);
#1840=ADVANCED_FACE('',(#1652,#1653,#1654,#1655),#1769,.F.);
#1841=ADVANCED_FACE('',(#1656),#1770,.F.);
#1842=ADVANCED_FACE('',(#1657),#1771,.T.);
#1843=ADVANCED_FACE('',(#1658),#1772,.T.);
#1844=ADVANCED_FACE('',(#1659),#1773,.T.);
#1845=ADVANCED_FACE('',(#1660),#62,.T.);
#1846=ADVANCED_FACE('',(#1661,#1662),#63,.F.);
#1847=ADVANCED_FACE('',(#1663),#1774,.T.);
#1848=ADVANCED_FACE('',(#1664,#1665),#64,.F.);
#1849=ADVANCED_FACE('',(#1666),#1775,.T.);
#1850=ADVANCED_FACE('',(#1667,#1668),#65,.F.);
#1851=ADVANCED_FACE('',(#1669,#1670),#1776,.T.);
#1852=ADVANCED_FACE('',(#1671,#1672),#66,.F.);
#1853=ADVANCED_FACE('',(#1673,#1674),#1777,.T.);
#1854=ADVANCED_FACE('',(#1675),#67,.T.);
#1855=ADVANCED_FACE('',(#1676),#35,.T.);
#1856=ADVANCED_FACE('',(#1677),#36,.T.);
#1857=ADVANCED_FACE('',(#1678),#68,.T.);
#1858=ADVANCED_FACE('',(#1679),#69,.T.);
#1859=ADVANCED_FACE('',(#1680),#23,.T.);
#1860=ADVANCED_FACE('',(#1681),#70,.T.);
#1861=ADVANCED_FACE('',(#1682),#71,.T.);
#1862=ADVANCED_FACE('',(#1683),#72,.T.);
#1863=ADVANCED_FACE('',(#1684),#73,.T.);
#1864=ADVANCED_FACE('',(#1685),#74,.T.);
#1865=ADVANCED_FACE('',(#1686),#75,.T.);
#1866=ADVANCED_FACE('',(#1687),#37,.T.);
#1867=ADVANCED_FACE('',(#1688),#76,.T.);
#1868=ADVANCED_FACE('',(#1689),#77,.T.);
#1869=ADVANCED_FACE('',(#1690),#78,.T.);
#1870=ADVANCED_FACE('',(#1691),#38,.T.);
#1871=ADVANCED_FACE('',(#1692),#79,.T.);
#1872=ADVANCED_FACE('',(#1693),#80,.T.);
#1873=ADVANCED_FACE('',(#1694),#81,.T.);
#1874=ADVANCED_FACE('',(#1695),#82,.T.);
#1875=ADVANCED_FACE('',(#1696),#24,.T.);
#1876=ADVANCED_FACE('',(#1697),#83,.T.);
#1877=ADVANCED_FACE('',(#1698),#84,.T.);
#1878=ADVANCED_FACE('',(#1699),#85,.T.);
#1879=ADVANCED_FACE('',(#1700),#39,.T.);
#1880=ADVANCED_FACE('',(#1701),#40,.T.);
#1881=ADVANCED_FACE('',(#1702),#86,.T.);
#1882=ADVANCED_FACE('',(#1703),#87,.T.);
#1883=ADVANCED_FACE('',(#1704),#88,.F.);
#1884=ADVANCED_FACE('',(#1705),#1778,.T.);
#1885=ADVANCED_FACE('',(#1706),#1779,.F.);
#1886=ADVANCED_FACE('',(#1707),#1780,.F.);
#1887=ADVANCED_FACE('',(#1708),#1781,.F.);
#1888=ADVANCED_FACE('',(#1709),#1782,.F.);
#1889=ADVANCED_FACE('',(#1710),#12,.F.);
#1890=ADVANCED_FACE('',(#1711,#1712),#13,.F.);
#1891=ADVANCED_FACE('',(#1713,#1714),#14,.F.);
#1892=ADVANCED_FACE('',(#1715),#1783,.T.);
#1893=ADVANCED_FACE('',(#1716),#1784,.T.);
#1894=ADVANCED_FACE('',(#1717),#1785,.T.);
#1895=ADVANCED_FACE('',(#1718),#1786,.T.);
#1896=ADVANCED_FACE('',(#1719),#15,.T.);
#1897=ADVANCED_FACE('',(#1720),#16,.T.);
#1898=ADVANCED_FACE('',(#1721),#1787,.T.);
#1899=ADVANCED_FACE('',(#1722),#1788,.T.);
#1900=ADVANCED_FACE('',(#1723),#17,.T.);
#1901=ADVANCED_FACE('',(#1724),#18,.T.);
#1902=ADVANCED_FACE('',(#1725),#1789,.T.);
#1903=ADVANCED_FACE('',(#1726),#1790,.T.);
#1904=ADVANCED_FACE('',(#1727),#1791,.T.);
#1905=ADVANCED_FACE('',(#1728),#19,.T.);
#1906=ADVANCED_FACE('',(#1729),#1792,.T.);
#1907=ADVANCED_FACE('',(#1730),#1793,.T.);
#1908=ADVANCED_FACE('',(#1731),#1794,.T.);
#1909=ADVANCED_FACE('',(#1732),#1795,.F.);
#1910=ADVANCED_FACE('',(#1733),#20,.T.);
#1911=ADVANCED_FACE('',(#1734),#1796,.T.);
#1912=ADVANCED_FACE('',(#1735),#1797,.T.);
#1913=ADVANCED_FACE('',(#1736),#1798,.T.);
#1914=ADVANCED_FACE('',(#1737),#21,.T.);
#1915=ADVANCED_FACE('',(#1738),#1799,.T.);
#1916=ADVANCED_FACE('',(#1739),#1800,.T.);
#1917=ADVANCED_FACE('',(#1740),#1801,.T.);
#1918=ADVANCED_FACE('',(#1741),#22,.T.);
#1919=ADVANCED_FACE('',(#1742),#1802,.T.);
#1920=CLOSED_SHELL('',(#1803,#1804,#1805,#1806,#1807,#1808,#1809,#1810,
#1811,#1812,#1813,#1814,#1815,#1816,#1817,#1818,#1819,#1820,#1821,#1822,
#1823,#1824,#1825,#1826,#1827,#1828,#1829,#1830,#1831,#1832,#1833,#1834,
#1835,#1836,#1837,#1838,#1839,#1840,#1841,#1842,#1843,#1844,#1845,#1846,
#1847,#1848,#1849,#1850,#1851,#1852,#1853,#1854,#1855,#1856,#1857,#1858,
#1859,#1860,#1861,#1862,#1863,#1864,#1865,#1866,#1867,#1868,#1869,#1870,
#1871,#1872,#1873,#1874,#1875,#1876,#1877,#1878,#1879,#1880,#1881,#1882,
#1883,#1884,#1885,#1886,#1887,#1888,#1889,#1890,#1891,#1892,#1893,#1894,
#1895,#1896,#1897,#1898,#1899,#1900,#1901,#1902,#1903,#1904,#1905,#1906,
#1907,#1908,#1909,#1910,#1911,#1912,#1913,#1914,#1915,#1916,#1917,#1918,
#1919));
#1921=STYLED_ITEM('',(#1922),#1929);
#1922=PRESENTATION_STYLE_ASSIGNMENT((#1923));
#1923=SURFACE_STYLE_USAGE(.BOTH.,#1924);
#1924=SURFACE_SIDE_STYLE('',(#1925));
#1925=SURFACE_STYLE_FILL_AREA(#1926);
#1926=FILL_AREA_STYLE('',(#1927));
#1927=FILL_AREA_STYLE_COLOUR('',#1928);
#1928=COLOUR_RGB('',0.615686274509804,0.811764705882353,0.929411764705882);
#1929=MANIFOLD_SOLID_BREP('Servo_Mount',#1920);
#1930=SHAPE_DEFINITION_REPRESENTATION(#3298,#1931);
#1931=SHAPE_REPRESENTATION('Servo_Mount',(#1932),#3293);
#1932=AXIS2_PLACEMENT_3D('',#2709,#2133,#2134);
#1933=AXIS2_PLACEMENT_3D('',#2710,#2135,#2136);
#1934=AXIS2_PLACEMENT_3D('',#2732,#2147,#2148);
#1935=AXIS2_PLACEMENT_3D('',#2736,#2150,#2151);
#1936=AXIS2_PLACEMENT_3D('',#2752,#2159,#2160);
#1937=AXIS2_PLACEMENT_3D('',#2756,#2162,#2163);
#1938=AXIS2_PLACEMENT_3D('',#2764,#2167,#2168);
#1939=AXIS2_PLACEMENT_3D('',#2768,#2170,#2171);
#1940=AXIS2_PLACEMENT_3D('',#2779,#2177,#2178);
#1941=AXIS2_PLACEMENT_3D('',#2781,#2179,#2180);
#1942=AXIS2_PLACEMENT_3D('',#2783,#2181,#2182);
#1943=AXIS2_PLACEMENT_3D('',#2789,#2185,#2186);
#1944=AXIS2_PLACEMENT_3D('',#2793,#2188,#2189);
#1945=AXIS2_PLACEMENT_3D('',#2797,#2191,#2192);
#1946=AXIS2_PLACEMENT_3D('',#2798,#2193,#2194);
#1947=AXIS2_PLACEMENT_3D('',#2799,#2195,#2196);
#1948=AXIS2_PLACEMENT_3D('',#2801,#2197,#2198);
#1949=AXIS2_PLACEMENT_3D('',#2803,#2199,#2200);
#1950=AXIS2_PLACEMENT_3D('',#2804,#2201,#2202);
#1951=AXIS2_PLACEMENT_3D('',#2806,#2203,#2204);
#1952=AXIS2_PLACEMENT_3D('',#2808,#2205,#2206);
#1953=AXIS2_PLACEMENT_3D('',#2817,#2211,#2212);
#1954=AXIS2_PLACEMENT_3D('',#2821,#2214,#2215);
#1955=AXIS2_PLACEMENT_3D('',#2825,#2217,#2218);
#1956=AXIS2_PLACEMENT_3D('',#2826,#2219,#2220);
#1957=AXIS2_PLACEMENT_3D('',#2828,#2222,#2223);
#1958=AXIS2_PLACEMENT_3D('',#2836,#2228,#2229);
#1959=AXIS2_PLACEMENT_3D('',#2840,#2231,#2232);
#1960=AXIS2_PLACEMENT_3D('',#2844,#2234,#2235);
#1961=AXIS2_PLACEMENT_3D('',#2845,#2236,#2237);
#1962=AXIS2_PLACEMENT_3D('',#2851,#2241,#2242);
#1963=AXIS2_PLACEMENT_3D('',#2852,#2243,#2244);
#1964=AXIS2_PLACEMENT_3D('',#2856,#2246,#2247);
#1965=AXIS2_PLACEMENT_3D('',#2857,#2248,#2249);
#1966=AXIS2_PLACEMENT_3D('',#2863,#2253,#2254);
#1967=AXIS2_PLACEMENT_3D('',#2869,#2258,#2259);
#1968=AXIS2_PLACEMENT_3D('',#2875,#2263,#2264);
#1969=AXIS2_PLACEMENT_3D('',#2881,#2268,#2269);
#1970=AXIS2_PLACEMENT_3D('',#2887,#2273,#2274);
#1971=AXIS2_PLACEMENT_3D('',#2893,#2278,#2279);
#1972=AXIS2_PLACEMENT_3D('',#2899,#2283,#2284);
#1973=AXIS2_PLACEMENT_3D('',#2900,#2285,#2286);
#1974=AXIS2_PLACEMENT_3D('',#2904,#2288,#2289);
#1975=AXIS2_PLACEMENT_3D('',#2905,#2290,#2291);
#1976=AXIS2_PLACEMENT_3D('',#2911,#2295,#2296);
#1977=AXIS2_PLACEMENT_3D('',#2912,#2297,#2298);
#1978=AXIS2_PLACEMENT_3D('',#2916,#2300,#2301);
#1979=AXIS2_PLACEMENT_3D('',#2917,#2302,#2303);
#1980=AXIS2_PLACEMENT_3D('',#2923,#2307,#2308);
#1981=AXIS2_PLACEMENT_3D('',#2924,#2309,#2310);
#1982=AXIS2_PLACEMENT_3D('',#2928,#2312,#2313);
#1983=AXIS2_PLACEMENT_3D('',#2929,#2314,#2315);
#1984=AXIS2_PLACEMENT_3D('',#2935,#2319,#2320);
#1985=AXIS2_PLACEMENT_3D('',#2941,#2324,#2325);
#1986=AXIS2_PLACEMENT_3D('',#2947,#2329,#2330);
#1987=AXIS2_PLACEMENT_3D('',#2953,#2334,#2335);
#1988=AXIS2_PLACEMENT_3D('',#2954,#2336,#2337);
#1989=AXIS2_PLACEMENT_3D('',#2958,#2339,#2340);
#1990=AXIS2_PLACEMENT_3D('',#2959,#2341,#2342);
#1991=AXIS2_PLACEMENT_3D('',#2965,#2346,#2347);
#1992=AXIS2_PLACEMENT_3D('',#2966,#2348,#2349);
#1993=AXIS2_PLACEMENT_3D('',#2970,#2351,#2352);
#1994=AXIS2_PLACEMENT_3D('',#2971,#2353,#2354);
#1995=AXIS2_PLACEMENT_3D('',#2977,#2358,#2359);
#1996=AXIS2_PLACEMENT_3D('',#2983,#2363,#2364);
#1997=AXIS2_PLACEMENT_3D('',#2989,#2368,#2369);
#1998=AXIS2_PLACEMENT_3D('',#2995,#2373,#2374);
#1999=AXIS2_PLACEMENT_3D('',#2996,#2375,#2376);
#2000=AXIS2_PLACEMENT_3D('',#3000,#2378,#2379);
#2001=AXIS2_PLACEMENT_3D('',#3001,#2380,#2381);
#2002=AXIS2_PLACEMENT_3D('',#3009,#2386,#2387);
#2003=AXIS2_PLACEMENT_3D('',#3011,#2389,#2390);
#2004=AXIS2_PLACEMENT_3D('',#3014,#2393,#2394);
#2005=AXIS2_PLACEMENT_3D('',#3015,#2395,#2396);
#2006=AXIS2_PLACEMENT_3D('',#3022,#2399,#2400);
#2007=AXIS2_PLACEMENT_3D('',#3026,#2402,#2403);
#2008=AXIS2_PLACEMENT_3D('',#3029,#2405,#2406);
#2009=AXIS2_PLACEMENT_3D('',#3033,#2408,#2409);
#2010=AXIS2_PLACEMENT_3D('',#3038,#2412,#2413);
#2011=AXIS2_PLACEMENT_3D('',#3040,#2414,#2415);
#2012=AXIS2_PLACEMENT_3D('',#3047,#2418,#2419);
#2013=AXIS2_PLACEMENT_3D('',#3051,#2421,#2422);
#2014=AXIS2_PLACEMENT_3D('',#3055,#2424,#2425);
#2015=AXIS2_PLACEMENT_3D('',#3065,#2430,#2431);
#2016=AXIS2_PLACEMENT_3D('',#3069,#2433,#2434);
#2017=AXIS2_PLACEMENT_3D('',#3079,#2439,#2440);
#2018=AXIS2_PLACEMENT_3D('',#3083,#2442,#2443);
#2019=AXIS2_PLACEMENT_3D('',#3087,#2445,#2446);
#2020=AXIS2_PLACEMENT_3D('',#3098,#2452,#2453);
#2021=AXIS2_PLACEMENT_3D('',#3100,#2455,#2456);
#2022=AXIS2_PLACEMENT_3D('',#3101,#2457,#2458);
#2023=AXIS2_PLACEMENT_3D('',#3103,#2460,#2461);
#2024=AXIS2_PLACEMENT_3D('',#3105,#2463,#2464);
#2025=AXIS2_PLACEMENT_3D('',#3106,#2465,#2466);
#2026=AXIS2_PLACEMENT_3D('',#3107,#2467,#2468);
#2027=AXIS2_PLACEMENT_3D('',#3109,#2469,#2470);
#2028=AXIS2_PLACEMENT_3D('',#3110,#2471,#2472);
#2029=AXIS2_PLACEMENT_3D('',#3111,#2473,#2474);
#2030=AXIS2_PLACEMENT_3D('',#3113,#2475,#2476);
#2031=AXIS2_PLACEMENT_3D('',#3114,#2477,#2478);
#2032=AXIS2_PLACEMENT_3D('',#3115,#2479,#2480);
#2033=AXIS2_PLACEMENT_3D('',#3127,#2481,#2482);
#2034=AXIS2_PLACEMENT_3D('',#3128,#2483,#2484);
#2035=AXIS2_PLACEMENT_3D('',#3129,#2485,#2486);
#2036=AXIS2_PLACEMENT_3D('',#3141,#2487,#2488);
#2037=AXIS2_PLACEMENT_3D('',#3142,#2489,#2490);
#2038=AXIS2_PLACEMENT_3D('',#3143,#2491,#2492);
#2039=AXIS2_PLACEMENT_3D('',#3144,#2493,#2494);
#2040=AXIS2_PLACEMENT_3D('',#3145,#2495,#2496);
#2041=AXIS2_PLACEMENT_3D('',#3146,#2497,#2498);
#2042=AXIS2_PLACEMENT_3D('',#3147,#2499,#2500);
#2043=AXIS2_PLACEMENT_3D('',#3148,#2501,#2502);
#2044=AXIS2_PLACEMENT_3D('',#3149,#2503,#2504);
#2045=AXIS2_PLACEMENT_3D('',#3150,#2505,#2506);
#2046=AXIS2_PLACEMENT_3D('',#3151,#2507,#2508);
#2047=AXIS2_PLACEMENT_3D('',#3152,#2509,#2510);
#2048=AXIS2_PLACEMENT_3D('',#3153,#2511,#2512);
#2049=AXIS2_PLACEMENT_3D('',#3159,#2513,#2514);
#2050=AXIS2_PLACEMENT_3D('',#3160,#2515,#2516);
#2051=AXIS2_PLACEMENT_3D('',#3161,#2517,#2518);
#2052=AXIS2_PLACEMENT_3D('',#3162,#2519,#2520);
#2053=AXIS2_PLACEMENT_3D('',#3163,#2521,#2522);
#2054=AXIS2_PLACEMENT_3D('',#3164,#2523,#2524);
#2055=AXIS2_PLACEMENT_3D('',#3165,#2525,#2526);
#2056=AXIS2_PLACEMENT_3D('',#3166,#2527,#2528);
#2057=AXIS2_PLACEMENT_3D('',#3167,#2529,#2530);
#2058=AXIS2_PLACEMENT_3D('',#3168,#2531,#2532);
#2059=AXIS2_PLACEMENT_3D('',#3169,#2533,#2534);
#2060=AXIS2_PLACEMENT_3D('',#3170,#2535,#2536);
#2061=AXIS2_PLACEMENT_3D('',#3171,#2537,#2538);
#2062=AXIS2_PLACEMENT_3D('',#3172,#2539,#2540);
#2063=AXIS2_PLACEMENT_3D('',#3173,#2541,#2542);
#2064=AXIS2_PLACEMENT_3D('',#3174,#2543,#2544);
#2065=AXIS2_PLACEMENT_3D('',#3175,#2545,#2546);
#2066=AXIS2_PLACEMENT_3D('',#3176,#2547,#2548);
#2067=AXIS2_PLACEMENT_3D('',#3177,#2549,#2550);
#2068=AXIS2_PLACEMENT_3D('',#3178,#2551,#2552);
#2069=AXIS2_PLACEMENT_3D('',#3179,#2553,#2554);
#2070=AXIS2_PLACEMENT_3D('',#3180,#2555,#2556);
#2071=AXIS2_PLACEMENT_3D('',#3181,#2557,#2558);
#2072=AXIS2_PLACEMENT_3D('',#3182,#2559,#2560);
#2073=AXIS2_PLACEMENT_3D('',#3183,#2561,#2562);
#2074=AXIS2_PLACEMENT_3D('',#3184,#2563,#2564);
#2075=AXIS2_PLACEMENT_3D('',#3185,#2565,#2566);
#2076=AXIS2_PLACEMENT_3D('',#3186,#2567,#2568);
#2077=AXIS2_PLACEMENT_3D('',#3187,#2569,#2570);
#2078=AXIS2_PLACEMENT_3D('',#3188,#2571,#2572);
#2079=AXIS2_PLACEMENT_3D('',#3189,#2573,#2574);
#2080=AXIS2_PLACEMENT_3D('',#3195,#2575,#2576);
#2081=AXIS2_PLACEMENT_3D('',#3196,#2577,#2578);
#2082=AXIS2_PLACEMENT_3D('',#3197,#2579,#2580);
#2083=AXIS2_PLACEMENT_3D('',#3198,#2581,#2582);
#2084=AXIS2_PLACEMENT_3D('',#3199,#2583,#2584);
#2085=AXIS2_PLACEMENT_3D('',#3200,#2585,#2586);
#2086=AXIS2_PLACEMENT_3D('',#3201,#2587,#2588);
#2087=AXIS2_PLACEMENT_3D('',#3202,#2589,#2590);
#2088=AXIS2_PLACEMENT_3D('',#3203,#2591,#2592);
#2089=AXIS2_PLACEMENT_3D('',#3204,#2593,#2594);
#2090=AXIS2_PLACEMENT_3D('',#3205,#2595,#2596);
#2091=AXIS2_PLACEMENT_3D('',#3206,#2597,#2598);
#2092=AXIS2_PLACEMENT_3D('',#3207,#2599,#2600);
#2093=AXIS2_PLACEMENT_3D('',#3208,#2601,#2602);
#2094=AXIS2_PLACEMENT_3D('',#3209,#2603,#2604);
#2095=AXIS2_PLACEMENT_3D('',#3210,#2605,#2606);
#2096=AXIS2_PLACEMENT_3D('',#3211,#2607,#2608);
#2097=AXIS2_PLACEMENT_3D('',#3212,#2609,#2610);
#2098=AXIS2_PLACEMENT_3D('',#3213,#2611,#2612);
#2099=AXIS2_PLACEMENT_3D('',#3214,#2613,#2614);
#2100=AXIS2_PLACEMENT_3D('',#3217,#2617,#2618);
#2101=AXIS2_PLACEMENT_3D('',#3222,#2619,#2620);
#2102=AXIS2_PLACEMENT_3D('',#3227,#2621,#2622);
#2103=AXIS2_PLACEMENT_3D('',#3228,#2623,#2624);
#2104=AXIS2_PLACEMENT_3D('',#3229,#2625,#2626);
#2105=AXIS2_PLACEMENT_3D('',#3230,#2627,#2628);
#2106=AXIS2_PLACEMENT_3D('',#3233,#2631,#2632);
#2107=AXIS2_PLACEMENT_3D('',#3235,#2634,#2635);
#2108=AXIS2_PLACEMENT_3D('',#3237,#2637,#2638);
#2109=AXIS2_PLACEMENT_3D('',#3239,#2640,#2641);
#2110=AXIS2_PLACEMENT_3D('',#3241,#2643,#2644);
#2111=AXIS2_PLACEMENT_3D('',#3243,#2646,#2647);
#2112=AXIS2_PLACEMENT_3D('',#3245,#2649,#2650);
#2113=AXIS2_PLACEMENT_3D('',#3247,#2652,#2653);
#2114=AXIS2_PLACEMENT_3D('',#3249,#2655,#2656);
#2115=AXIS2_PLACEMENT_3D('',#3251,#2658,#2659);
#2116=AXIS2_PLACEMENT_3D('',#3253,#2661,#2662);
#2117=AXIS2_PLACEMENT_3D('',#3255,#2664,#2665);
#2118=AXIS2_PLACEMENT_3D('',#3257,#2667,#2668);
#2119=AXIS2_PLACEMENT_3D('',#3262,#2669,#2670);
#2120=AXIS2_PLACEMENT_3D('',#3264,#2672,#2673);
#2121=AXIS2_PLACEMENT_3D('',#3266,#2675,#2676);
#2122=AXIS2_PLACEMENT_3D('',#3268,#2678,#2679);
#2123=AXIS2_PLACEMENT_3D('',#3270,#2681,#2682);
#2124=AXIS2_PLACEMENT_3D('',#3272,#2684,#2685);
#2125=AXIS2_PLACEMENT_3D('',#3274,#2687,#2688);
#2126=AXIS2_PLACEMENT_3D('',#3276,#2690,#2691);
#2127=AXIS2_PLACEMENT_3D('',#3278,#2693,#2694);
#2128=AXIS2_PLACEMENT_3D('',#3280,#2696,#2697);
#2129=AXIS2_PLACEMENT_3D('',#3282,#2699,#2700);
#2130=AXIS2_PLACEMENT_3D('',#3287,#2701,#2702);
#2131=AXIS2_PLACEMENT_3D('',#3289,#2704,#2705);
#2132=AXIS2_PLACEMENT_3D('',#3291,#2707,#2708);
#2133=DIRECTION('',(0.,0.,1.));
#2134=DIRECTION('',(1.,0.,0.));
#2135=DIRECTION('',(0.,0.,1.));
#2136=DIRECTION('',(1.,0.,0.));
#2137=DIRECTION('',(0.,1.,0.));
#2138=DIRECTION('',(-1.,0.,0.));
#2139=DIRECTION('',(0.,1.,0.));
#2140=DIRECTION('',(-1.,0.,0.));
#2141=DIRECTION('',(0.,1.,0.));
#2142=DIRECTION('',(-1.,0.,0.));
#2143=DIRECTION('',(0.,1.,0.));
#2144=DIRECTION('',(-1.,0.,0.));
#2145=DIRECTION('',(1.,0.,0.));
#2146=DIRECTION('',(0.447214857151264,-0.894426560173151,0.));
#2147=DIRECTION('',(0.,0.,1.));
#2148=DIRECTION('',(0.,-1.,0.));
#2149=DIRECTION('',(0.,1.,0.));
#2150=DIRECTION('',(0.,0.,1.));
#2151=DIRECTION('',(0.,-1.,0.));
#2152=DIRECTION('',(-0.851997888629181,0.523545220369185,0.));
#2153=DIRECTION('',(-0.852134515012765,0.523322814641173,0.));
#2154=DIRECTION('',(-0.791479530259415,0.611195675034057,0.));
#2155=DIRECTION('',(-1.,-1.84697431099191E-16,0.));
#2156=DIRECTION('',(-0.79147953025942,-0.61119567503405,0.));
#2157=DIRECTION('',(0.852134515012765,0.523322814641173,0.));
#2158=DIRECTION('',(-0.851997888629178,-0.52354522036919,0.));
#2159=DIRECTION('',(0.,0.,1.));
#2160=DIRECTION('',(0.,-1.,0.));
#2161=DIRECTION('',(0.,-1.,0.));
#2162=DIRECTION('',(0.,0.,1.));
#2163=DIRECTION('',(0.,-1.,0.));
#2164=DIRECTION('',(0.447214857151263,0.894426560173151,0.));
#2165=DIRECTION('',(1.,0.,0.));
#2166=DIRECTION('',(1.82602459125819E-16,-1.,0.));
#2167=DIRECTION('',(0.,0.,1.));
#2168=DIRECTION('',(0.,-1.,0.));
#2169=DIRECTION('',(1.,0.,0.));
#2170=DIRECTION('',(0.,0.,1.));
#2171=DIRECTION('',(0.,-1.,0.));
#2172=DIRECTION('',(-1.82602459125819E-16,1.,0.));
#2173=DIRECTION('',(1.,0.,0.));
#2174=DIRECTION('',(0.,1.,0.));
#2175=DIRECTION('',(1.,0.,0.));
#2176=DIRECTION('',(0.,-1.,0.));
#2177=DIRECTION('',(0.,0.,1.));
#2178=DIRECTION('',(0.,-1.,0.));
#2179=DIRECTION('',(0.,0.,1.));
#2180=DIRECTION('',(0.,-1.,0.));
#2181=DIRECTION('',(0.,0.,1.));
#2182=DIRECTION('',(1.,0.,0.));
#2183=DIRECTION('',(0.,1.,0.));
#2184=DIRECTION('',(0.447214857151263,0.894426560173151,0.));
#2185=DIRECTION('',(0.,0.,1.));
#2186=DIRECTION('',(0.,-1.,0.));
#2187=DIRECTION('',(0.,-1.,0.));
#2188=DIRECTION('',(0.,0.,1.));
#2189=DIRECTION('',(0.,-1.,0.));
#2190=DIRECTION('',(1.,0.,0.));
#2191=DIRECTION('',(0.,0.,1.));
#2192=DIRECTION('',(0.,-1.,0.));
#2193=DIRECTION('',(0.,0.,-1.));
#2194=DIRECTION('',(0.,1.,0.));
#2195=DIRECTION('',(0.,0.,1.));
#2196=DIRECTION('',(1.,0.,0.));
#2197=DIRECTION('',(0.,0.,1.));
#2198=DIRECTION('',(0.,-1.,0.));
#2199=DIRECTION('',(0.,0.,-1.));
#2200=DIRECTION('',(0.,1.,0.));
#2201=DIRECTION('',(0.,0.,1.));
#2202=DIRECTION('',(1.,0.,0.));
#2203=DIRECTION('',(0.,0.,1.));
#2204=DIRECTION('',(0.,-1.,0.));
#2205=DIRECTION('',(0.,1.,0.));
#2206=DIRECTION('',(1.,0.,0.));
#2207=DIRECTION('',(0.,0.,-1.));
#2208=DIRECTION('',(1.,0.,0.));
#2209=DIRECTION('',(0.,0.,-1.));
#2210=DIRECTION('',(1.,0.,0.));
#2211=DIRECTION('',(0.,0.,-1.));
#2212=DIRECTION('',(0.,1.,0.));
#2213=DIRECTION('',(0.,0.,-1.));
#2214=DIRECTION('',(0.,0.,1.));
#2215=DIRECTION('',(1.,0.,0.));
#2216=DIRECTION('',(0.,0.,-1.));
#2217=DIRECTION('',(0.,0.,1.));
#2218=DIRECTION('',(0.,-1.,0.));
#2219=DIRECTION('',(-1.,0.,0.));
#2220=DIRECTION('',(0.,1.,0.));
#2221=DIRECTION('',(0.,1.,0.));
#2222=DIRECTION('',(-1.,0.,0.));
#2223=DIRECTION('',(0.,1.,0.));
#2224=DIRECTION('',(0.,-1.,0.));
#2225=DIRECTION('',(0.,0.,1.));
#2226=DIRECTION('',(0.,0.,1.));
#2227=DIRECTION('',(0.,-1.,0.));
#2228=DIRECTION('',(0.,0.,-1.));
#2229=DIRECTION('',(0.,1.,0.));
#2230=DIRECTION('',(0.,0.,-1.));
#2231=DIRECTION('',(0.,0.,1.));
#2232=DIRECTION('',(1.,0.,0.));
#2233=DIRECTION('',(0.,0.,-1.));
#2234=DIRECTION('',(0.,0.,1.));
#2235=DIRECTION('',(0.,-1.,0.));
#2236=DIRECTION('',(-1.,0.,0.));
#2237=DIRECTION('',(0.,1.,0.));
#2238=DIRECTION('',(0.,-1.,0.));
#2239=DIRECTION('',(0.,0.,-1.));
#2240=DIRECTION('',(0.,1.,0.));
#2241=DIRECTION('',(0.,0.,-1.));
#2242=DIRECTION('',(0.,1.,0.));
#2243=DIRECTION('',(0.,0.,1.));
#2244=DIRECTION('',(1.,0.,0.));
#2245=DIRECTION('',(0.,0.,-1.));
#2246=DIRECTION('',(0.,0.,1.));
#2247=DIRECTION('',(0.,-1.,0.));
#2248=DIRECTION('',(-0.523545220369185,-0.851997888629181,0.));
#2249=DIRECTION('',(-0.851997888629181,0.523545220369185,0.));
#2250=DIRECTION('',(0.851997888629181,-0.523545220369185,0.));
#2251=DIRECTION('',(0.,0.,-1.));
#2252=DIRECTION('',(-0.851997888629181,0.523545220369185,0.));
#2253=DIRECTION('',(-0.523322814641173,-0.852134515012765,0.));
#2254=DIRECTION('',(-0.852134515012765,0.523322814641173,0.));
#2255=DIRECTION('',(0.852134515012765,-0.523322814641173,0.));
#2256=DIRECTION('',(0.,0.,-1.));
#2257=DIRECTION('',(-0.852134515012765,0.523322814641173,0.));
#2258=DIRECTION('',(-0.611195675034057,-0.791479530259415,0.));
#2259=DIRECTION('',(-0.791479530259415,0.611195675034057,0.));
#2260=DIRECTION('',(0.791479530259415,-0.611195675034057,0.));
#2261=DIRECTION('',(0.,0.,-1.));
#2262=DIRECTION('',(-0.791479530259415,0.611195675034057,0.));
#2263=DIRECTION('',(1.84697431099191E-16,-1.,0.));
#2264=DIRECTION('',(-1.,-1.84697431099191E-16,0.));
#2265=DIRECTION('',(1.,1.84697431099191E-16,0.));
#2266=DIRECTION('',(0.,0.,-1.));
#2267=DIRECTION('',(-1.,-1.84697431099191E-16,0.));
#2268=DIRECTION('',(0.61119567503405,-0.79147953025942,0.));
#2269=DIRECTION('',(-0.79147953025942,-0.61119567503405,0.));
#2270=DIRECTION('',(0.79147953025942,0.61119567503405,0.));
#2271=DIRECTION('',(0.,0.,-1.));
#2272=DIRECTION('',(-0.79147953025942,-0.61119567503405,0.));
#2273=DIRECTION('',(-0.523322814641173,0.852134515012765,0.));
#2274=DIRECTION('',(0.852134515012765,0.523322814641173,0.));
#2275=DIRECTION('',(0.852134515012765,0.523322814641173,0.));
#2276=DIRECTION('',(0.,0.,-1.));
#2277=DIRECTION('',(0.852134515012765,0.523322814641173,0.));
#2278=DIRECTION('',(0.52354522036919,-0.851997888629178,0.));
#2279=DIRECTION('',(-0.851997888629178,-0.52354522036919,0.));
#2280=DIRECTION('',(0.851997888629178,0.52354522036919,0.));
#2281=DIRECTION('',(0.,0.,-1.));
#2282=DIRECTION('',(-0.851997888629178,-0.52354522036919,0.));
#2283=DIRECTION('',(0.,0.,-1.));
#2284=DIRECTION('',(0.,1.,0.));
#2285=DIRECTION('',(0.,0.,1.));
#2286=DIRECTION('',(1.,0.,0.));
#2287=DIRECTION('',(0.,0.,-1.));
#2288=DIRECTION('',(0.,0.,1.));
#2289=DIRECTION('',(0.,-1.,0.));
#2290=DIRECTION('',(1.,0.,0.));
#2291=DIRECTION('',(0.,-1.,0.));
#2292=DIRECTION('',(0.,1.,0.));
#2293=DIRECTION('',(0.,0.,-1.));
#2294=DIRECTION('',(0.,-1.,0.));
#2295=DIRECTION('',(0.,0.,-1.));
#2296=DIRECTION('',(0.,1.,0.));
#2297=DIRECTION('',(0.,0.,1.));
#2298=DIRECTION('',(1.,0.,0.));
#2299=DIRECTION('',(0.,0.,-1.));
#2300=DIRECTION('',(0.,0.,1.));
#2301=DIRECTION('',(0.,-1.,0.));
#2302=DIRECTION('',(0.,1.,0.));
#2303=DIRECTION('',(1.,0.,0.));
#2304=DIRECTION('',(-1.,0.,0.));
#2305=DIRECTION('',(0.,0.,-1.));
#2306=DIRECTION('',(1.,0.,0.));
#2307=DIRECTION('',(0.,0.,-1.));
#2308=DIRECTION('',(0.,1.,0.));
#2309=DIRECTION('',(0.,0.,1.));
#2310=DIRECTION('',(1.,0.,0.));
#2311=DIRECTION('',(0.,0.,-1.));
#2312=DIRECTION('',(0.,0.,1.));
#2313=DIRECTION('',(0.,-1.,0.));
#2314=DIRECTION('',(-1.,0.,0.));
#2315=DIRECTION('',(0.,1.,0.));
#2316=DIRECTION('',(0.,-1.,0.));
#2317=DIRECTION('',(0.,0.,-1.));
#2318=DIRECTION('',(0.,1.,0.));
#2319=DIRECTION('',(-0.894426560173151,0.447214857151263,0.));
#2320=DIRECTION('',(0.447214857151263,0.894426560173151,0.));
#2321=DIRECTION('',(-0.447214857151263,-0.894426560173151,0.));
#2322=DIRECTION('',(0.,0.,-1.));
#2323=DIRECTION('',(0.447214857151263,0.894426560173151,0.));
#2324=DIRECTION('',(0.,1.,0.));
#2325=DIRECTION('',(1.,0.,0.));
#2326=DIRECTION('',(-1.,0.,0.));
#2327=DIRECTION('',(0.,0.,-1.));
#2328=DIRECTION('',(1.,0.,0.));
#2329=DIRECTION('',(1.,1.82602459125819E-16,0.));
#2330=DIRECTION('',(1.82602459125819E-16,-1.,0.));
#2331=DIRECTION('',(-1.82602459125819E-16,1.,0.));
#2332=DIRECTION('',(0.,0.,-1.));
#2333=DIRECTION('',(1.82602459125819E-16,-1.,0.));
#2334=DIRECTION('',(0.,0.,-1.));
#2335=DIRECTION('',(0.,1.,0.));
#2336=DIRECTION('',(0.,0.,1.));
#2337=DIRECTION('',(1.,0.,0.));
#2338=DIRECTION('',(0.,0.,-1.));
#2339=DIRECTION('',(0.,0.,1.));
#2340=DIRECTION('',(0.,-1.,0.));
#2341=DIRECTION('',(0.,1.,0.));
#2342=DIRECTION('',(1.,0.,0.));
#2343=DIRECTION('',(-1.,0.,0.));
#2344=DIRECTION('',(0.,0.,-1.));
#2345=DIRECTION('',(1.,0.,0.));
#2346=DIRECTION('',(0.,0.,-1.));
#2347=DIRECTION('',(0.,1.,0.));
#2348=DIRECTION('',(0.,0.,1.));
#2349=DIRECTION('',(1.,0.,0.));
#2350=DIRECTION('',(0.,0.,-1.));
#2351=DIRECTION('',(0.,0.,1.));
#2352=DIRECTION('',(0.,-1.,0.));
#2353=DIRECTION('',(-1.,-1.82602459125819E-16,0.));
#2354=DIRECTION('',(-1.82602459125819E-16,1.,0.));
#2355=DIRECTION('',(1.82602459125819E-16,-1.,0.));
#2356=DIRECTION('',(0.,0.,-1.));
#2357=DIRECTION('',(-1.82602459125819E-16,1.,0.));
#2358=DIRECTION('',(0.,1.,0.));
#2359=DIRECTION('',(1.,0.,0.));
#2360=DIRECTION('',(-1.,0.,0.));
#2361=DIRECTION('',(0.,0.,-1.));
#2362=DIRECTION('',(1.,0.,0.));
#2363=DIRECTION('',(0.894426560173151,0.447214857151263,0.));
#2364=DIRECTION('',(0.447214857151264,-0.894426560173151,0.));
#2365=DIRECTION('',(-0.447214857151264,0.894426560173151,0.));
#2366=DIRECTION('',(0.,0.,-1.));
#2367=DIRECTION('',(0.447214857151264,-0.894426560173151,0.));
#2368=DIRECTION('',(1.,0.,0.));
#2369=DIRECTION('',(0.,-1.,0.));
#2370=DIRECTION('',(0.,1.,0.));
#2371=DIRECTION('',(0.,0.,-1.));
#2372=DIRECTION('',(0.,-1.,0.));
#2373=DIRECTION('',(0.,0.,-1.));
#2374=DIRECTION('',(0.,1.,0.));
#2375=DIRECTION('',(0.,0.,1.));
#2376=DIRECTION('',(1.,0.,0.));
#2377=DIRECTION('',(0.,0.,-1.));
#2378=DIRECTION('',(0.,0.,1.));
#2379=DIRECTION('',(0.,-1.,0.));
#2380=DIRECTION('',(1.,0.,0.));
#2381=DIRECTION('',(0.,-1.,0.));
#2382=DIRECTION('',(0.,-1.,0.));
#2383=DIRECTION('',(0.,0.,1.));
#2384=DIRECTION('',(0.,0.,1.));
#2385=DIRECTION('',(0.,-1.,0.));
#2386=DIRECTION('',(1.,0.,0.));
#2387=DIRECTION('',(0.,-1.,0.));
#2388=DIRECTION('',(0.,-1.,0.));
#2389=DIRECTION('',(0.,1.,0.));
#2390=DIRECTION('',(1.,0.,0.));
#2391=DIRECTION('',(-1.,0.,0.));
#2392=DIRECTION('',(1.,0.,0.));
#2393=DIRECTION('',(0.,0.,1.));
#2394=DIRECTION('',(1.,0.,0.));
#2395=DIRECTION('',(0.,0.,1.));
#2396=DIRECTION('',(0.,-1.,0.));
#2397=DIRECTION('',(0.447214857151264,-0.894426560173151,0.));
#2398=DIRECTION('',(0.,-1.,0.));
#2399=DIRECTION('',(0.,0.,1.));
#2400=DIRECTION('',(0.,-1.,0.));
#2401=DIRECTION('',(1.,0.,0.));
#2402=DIRECTION('',(0.,0.,1.));
#2403=DIRECTION('',(0.,-1.,0.));
#2404=DIRECTION('',(0.,1.,0.));
#2405=DIRECTION('',(0.,0.,1.));
#2406=DIRECTION('',(1.,0.,0.));
#2407=DIRECTION('',(0.,-1.,0.));
#2408=DIRECTION('',(0.,0.,1.));
#2409=DIRECTION('',(1.,0.,0.));
#2410=DIRECTION('',(0.,1.,0.));
#2411=DIRECTION('',(-1.,0.,0.));
#2412=DIRECTION('',(0.,0.,1.));
#2413=DIRECTION('',(1.,0.,0.));
#2414=DIRECTION('',(0.,0.,1.));
#2415=DIRECTION('',(1.,0.,0.));
#2416=DIRECTION('',(-0.852134515012765,0.523322814641173,0.));
#2417=DIRECTION('',(-0.851997888629181,0.523545220369185,0.));
#2418=DIRECTION('',(0.,0.,1.));
#2419=DIRECTION('',(1.,0.,0.));
#2420=DIRECTION('',(0.,1.,0.));
#2421=DIRECTION('',(0.,0.,1.));
#2422=DIRECTION('',(1.,0.,0.));
#2423=DIRECTION('',(1.,0.,0.));
#2424=DIRECTION('',(0.,0.,1.));
#2425=DIRECTION('',(1.,0.,0.));
#2426=DIRECTION('',(0.,-1.,0.));
#2427=DIRECTION('',(0.447214857151263,-0.894426560173151,0.));
#2428=DIRECTION('',(1.,0.,0.));
#2429=DIRECTION('',(-1.82602459125819E-16,1.,0.));
#2430=DIRECTION('',(0.,0.,1.));
#2431=DIRECTION('',(1.,0.,0.));
#2432=DIRECTION('',(1.,0.,0.));
#2433=DIRECTION('',(0.,0.,1.));
#2434=DIRECTION('',(1.,0.,0.));
#2435=DIRECTION('',(1.82602459125819E-16,-1.,0.));
#2436=DIRECTION('',(1.,0.,0.));
#2437=DIRECTION('',(0.447214857151263,0.894426560173151,0.));
#2438=DIRECTION('',(0.,1.,0.));
#2439=DIRECTION('',(0.,0.,1.));
#2440=DIRECTION('',(1.,0.,0.));
#2441=DIRECTION('',(1.,0.,0.));
#2442=DIRECTION('',(0.,0.,1.));
#2443=DIRECTION('',(1.,0.,0.));
#2444=DIRECTION('',(0.,-1.,0.));
#2445=DIRECTION('',(0.,0.,1.));
#2446=DIRECTION('',(1.,0.,0.));
#2447=DIRECTION('',(-0.851997888629178,-0.52354522036919,0.));
#2448=DIRECTION('',(-0.852134515012765,-0.523322814641173,0.));
#2449=DIRECTION('',(-0.79147953025942,-0.61119567503405,0.));
#2450=DIRECTION('',(-1.,-1.84697431099191E-16,0.));
#2451=DIRECTION('',(-0.791479530259415,0.611195675034057,0.));
#2452=DIRECTION('',(0.,-1.,0.));
#2453=DIRECTION('',(-1.,0.,0.));
#2454=DIRECTION('',(1.,0.,0.));
#2455=DIRECTION('',(0.,0.,1.));
#2456=DIRECTION('',(1.,0.,0.));
#2457=DIRECTION('',(0.,-1.,0.));
#2458=DIRECTION('',(-1.,0.,0.));
#2459=DIRECTION('',(1.,0.,0.));
#2460=DIRECTION('',(0.,0.,1.));
#2461=DIRECTION('',(1.,0.,0.));
#2462=DIRECTION('',(1.,0.,0.));
#2463=DIRECTION('',(-1.,0.,0.));
#2464=DIRECTION('',(0.,1.,0.));
#2465=DIRECTION('',(0.,0.,1.));
#2466=DIRECTION('',(0.,-1.,0.));
#2467=DIRECTION('',(0.,0.,1.));
#2468=DIRECTION('',(0.,-1.,0.));
#2469=DIRECTION('',(0.,0.,1.));
#2470=DIRECTION('',(1.,0.,0.));
#2471=DIRECTION('',(0.,0.,1.));
#2472=DIRECTION('',(0.,-1.,0.));
#2473=DIRECTION('',(0.,0.,1.));
#2474=DIRECTION('',(0.,-1.,0.));
#2475=DIRECTION('',(0.,0.,1.));
#2476=DIRECTION('',(1.,0.,0.));
#2477=DIRECTION('',(0.,0.,1.));
#2478=DIRECTION('',(0.,-1.,0.));
#2479=DIRECTION('',(0.,0.,1.));
#2480=DIRECTION('',(0.,-1.,0.));
#2481=DIRECTION('',(0.,0.,1.));
#2482=DIRECTION('',(1.,0.,0.));
#2483=DIRECTION('',(0.,0.,1.));
#2484=DIRECTION('',(0.,-1.,0.));
#2485=DIRECTION('',(0.,0.,1.));
#2486=DIRECTION('',(0.,-1.,0.));
#2487=DIRECTION('',(0.,0.,1.));
#2488=DIRECTION('',(1.,0.,0.));
#2489=DIRECTION('',(1.,0.,0.));
#2490=DIRECTION('',(0.,-1.,0.));
#2491=DIRECTION('',(-0.999999999998265,1.86264658789173E-6,0.));
#2492=DIRECTION('',(1.86264658789173E-6,0.999999999998265,0.));
#2493=DIRECTION('',(1.,0.,0.));
#2494=DIRECTION('',(0.,-1.,0.));
#2495=DIRECTION('',(0.,0.,1.));
#2496=DIRECTION('',(0.,-1.,0.));
#2497=DIRECTION('',(1.86264657401717E-6,-0.999999999998265,0.));
#2498=DIRECTION('',(-0.999999999998265,-1.86264657401717E-6,0.));
#2499=DIRECTION('',(0.,0.,1.));
#2500=DIRECTION('',(0.,-1.,0.));
#2501=DIRECTION('',(0.,-1.,0.));
#2502=DIRECTION('',(-1.,0.,0.));
#2503=DIRECTION('',(0.,-1.,0.));
#2504=DIRECTION('',(-1.,0.,0.));
#2505=DIRECTION('',(0.,-1.,0.));
#2506=DIRECTION('',(-1.,0.,0.));
#2507=DIRECTION('',(0.,1.,0.));
#2508=DIRECTION('',(1.,0.,0.));
#2509=DIRECTION('',(0.229753606964993,0.973248827426253,0.));
#2510=DIRECTION('',(0.973248827426253,-0.229753606964993,0.));
#2511=DIRECTION('',(0.,0.,1.));
#2512=DIRECTION('',(0.,-1.,0.));
#2513=DIRECTION('',(0.447214857151263,0.894426560173151,0.));
#2514=DIRECTION('',(0.894426560173151,-0.447214857151263,0.));
#2515=DIRECTION('',(0.850651179141974,0.525730512167944,0.));
#2516=DIRECTION('',(0.525730512167944,-0.850651179141974,0.));
#2517=DIRECTION('',(-0.851997888629178,-0.52354522036919,0.));
#2518=DIRECTION('',(-0.52354522036919,0.851997888629178,0.));
#2519=DIRECTION('',(-0.851997888629177,-0.523545220369191,0.));
#2520=DIRECTION('',(-0.523545220369191,0.851997888629177,0.));
#2521=DIRECTION('',(1.,0.,0.));
#2522=DIRECTION('',(0.,-1.,0.));
#2523=DIRECTION('',(0.707106781186548,-0.707106781186548,0.));
#2524=DIRECTION('',(-0.707106781186548,-0.707106781186548,0.));
#2525=DIRECTION('',(-0.852134515012765,-0.523322814641173,0.));
#2526=DIRECTION('',(-0.523322814641173,0.852134515012765,0.));
#2527=DIRECTION('',(-0.822980675564382,-0.568069368693291,0.));
#2528=DIRECTION('',(-0.56806936869329,0.822980675564383,0.));
#2529=DIRECTION('',(1.82602459125819E-16,-1.,0.));
#2530=DIRECTION('',(-1.,-1.82602459125819E-16,0.));
#2531=DIRECTION('',(-3.91156255531031E-6,0.99999999999235,0.));
#2532=DIRECTION('',(0.99999999999235,3.91156255531031E-6,0.));
#2533=DIRECTION('',(-0.79147953025942,-0.61119567503405,0.));
#2534=DIRECTION('',(-0.61119567503405,0.79147953025942,0.));
#2535=DIRECTION('',(-0.946435293683467,-0.322893534884627,0.));
#2536=DIRECTION('',(-0.322893534884627,0.946435293683467,0.));
#2537=DIRECTION('',(0.,0.,1.));
#2538=DIRECTION('',(0.,-1.,0.));
#2539=DIRECTION('',(-1.,0.,0.));
#2540=DIRECTION('',(0.,1.,0.));
#2541=DIRECTION('',(-1.,-1.84697431099191E-16,0.));
#2542=DIRECTION('',(-1.84697431099191E-16,1.,0.));
#2543=DIRECTION('',(-0.946435293683465,0.322893534884631,0.));
#2544=DIRECTION('',(0.322893534884631,0.946435293683466,0.));
#2545=DIRECTION('',(1.,0.,0.));
#2546=DIRECTION('',(0.,-1.,0.));
#2547=DIRECTION('',(-1.,0.,0.));
#2548=DIRECTION('',(0.,1.,0.));
#2549=DIRECTION('',(-0.791479530259415,0.611195675034057,0.));
#2550=DIRECTION('',(0.611195675034057,0.791479530259415,0.));
#2551=DIRECTION('',(-0.822980675564379,0.568069368693294,0.));
#2552=DIRECTION('',(0.568069368693294,0.82298067556438,0.));
#2553=DIRECTION('',(0.,0.,1.));
#2554=DIRECTION('',(0.,-1.,0.));
#2555=DIRECTION('',(0.,-1.,0.));
#2556=DIRECTION('',(-1.,0.,0.));
#2557=DIRECTION('',(-0.852134515012765,0.523322814641173,0.));
#2558=DIRECTION('',(0.523322814641173,0.852134515012765,0.));
#2559=DIRECTION('',(-0.852134515012765,0.523322814641174,0.));
#2560=DIRECTION('',(0.523322814641174,0.852134515012765,0.));
#2561=DIRECTION('',(-1.82602459125819E-16,1.,0.));
#2562=DIRECTION('',(1.,1.82602459125819E-16,0.));
#2563=DIRECTION('',(0.707106781186548,0.707106781186548,0.));
#2564=DIRECTION('',(0.707106781186548,-0.707106781186548,0.));
#2565=DIRECTION('',(-0.851997888629181,0.523545220369185,0.));
#2566=DIRECTION('',(0.523545220369185,0.851997888629181,0.));
#2567=DIRECTION('',(-0.851997888629182,0.523545220369183,0.));
#2568=DIRECTION('',(0.523545220369184,0.851997888629182,0.));
#2569=DIRECTION('',(1.,0.,0.));
#2570=DIRECTION('',(0.,-1.,0.));
#2571=DIRECTION('',(0.850651179141974,-0.525730512167944,0.));
#2572=DIRECTION('',(-0.525730512167944,-0.850651179141975,0.));
#2573=DIRECTION('',(0.,0.,1.));
#2574=DIRECTION('',(0.,-1.,0.));
#2575=DIRECTION('',(0.447214857151264,-0.894426560173151,0.));
#2576=DIRECTION('',(-0.894426560173151,-0.447214857151264,0.));
#2577=DIRECTION('',(0.229753606964993,-0.973248827426253,0.));
#2578=DIRECTION('',(-0.973248827426253,-0.229753606964993,0.));
#2579=DIRECTION('',(0.,1.,0.));
#2580=DIRECTION('',(1.,0.,0.));
#2581=DIRECTION('',(0.,0.999999999998265,1.86264657401394E-6));
#2582=DIRECTION('',(0.,-1.86264657401394E-6,0.999999999998265));
#2583=DIRECTION('',(0.,-1.,0.));
#2584=DIRECTION('',(-1.,0.,0.));
#2585=DIRECTION('',(-1.8626465832658E-6,0.999999999998265,0.));
#2586=DIRECTION('',(0.999999999998265,1.8626465832658E-6,0.));
#2587=DIRECTION('',(0.,0.,1.));
#2588=DIRECTION('',(0.,-1.,0.));
#2589=DIRECTION('',(1.,0.,0.));
#2590=DIRECTION('',(0.,-1.,0.));
#2591=DIRECTION('',(0.,0.,1.));
#2592=DIRECTION('',(0.,-1.,0.));
#2593=DIRECTION('',(-1.,0.,0.));
#2594=DIRECTION('',(0.,1.,0.));
#2595=DIRECTION('',(1.,0.,0.));
#2596=DIRECTION('',(0.,-1.,0.));
#2597=DIRECTION('',(0.,1.,0.));
#2598=DIRECTION('',(1.,0.,0.));
#2599=DIRECTION('',(0.,1.,0.));
#2600=DIRECTION('',(1.,0.,0.));
#2601=DIRECTION('',(0.,1.,0.));
#2602=DIRECTION('',(1.,0.,0.));
#2603=DIRECTION('',(0.,1.,0.));
#2604=DIRECTION('',(1.,0.,0.));
#2605=DIRECTION('',(0.,1.,0.));
#2606=DIRECTION('',(1.,0.,0.));
#2607=DIRECTION('',(0.,1.,0.));
#2608=DIRECTION('',(1.,0.,0.));
#2609=DIRECTION('',(0.,1.,0.));
#2610=DIRECTION('',(1.,0.,0.));
#2611=DIRECTION('',(0.,1.,0.));
#2612=DIRECTION('',(1.,0.,0.));
#2613=DIRECTION('',(0.,0.707106781186548,0.707106781186548));
#2614=DIRECTION('',(1.,0.,0.));
#2615=DIRECTION('',(-0.577350269189626,-0.577350269189626,0.577350269189626));
#2616=DIRECTION('',(0.577350269189626,-0.577350269189626,0.577350269189626));
#2617=DIRECTION('',(-0.707106781186548,0.,0.707106781186548));
#2618=DIRECTION('',(0.,1.,0.));
#2619=DIRECTION('',(0.707106781186548,0.,0.707106781186548));
#2620=DIRECTION('',(0.,-1.,0.));
#2621=DIRECTION('',(0.,0.,-1.));
#2622=DIRECTION('',(-1.,0.,0.));
#2623=DIRECTION('',(0.,0.,-1.));
#2624=DIRECTION('',(-1.,0.,0.));
#2625=DIRECTION('',(0.,0.,-1.));
#2626=DIRECTION('',(-1.,0.,0.));
#2627=DIRECTION('',(0.,0.707106781186548,-0.707106781186548));
#2628=DIRECTION('',(-1.,0.,0.));
#2629=DIRECTION('',(-0.577350269189626,-0.577350269189626,-0.577350269189626));
#2630=DIRECTION('',(0.400446041196527,-0.647936327153382,-0.647936327153382));
#2631=DIRECTION('',(-0.632455085971794,0.316228658139032,-0.707106781186546));
#2632=DIRECTION('',(-0.447214857151263,-0.894426560173151,0.));
#2633=DIRECTION('',(0.697456502697419,-0.164647665304337,-0.697456502697419));
#2634=DIRECTION('',(0.707106781186547,1.29119437109206E-16,-0.707106781186548));
#2635=DIRECTION('',(-1.82602459125819E-16,1.,0.));
#2636=DIRECTION('',(-0.707106781186548,0.,-0.707106781186548));
#2637=DIRECTION('',(-0.707106781186548,0.,-0.707106781186548));
#2638=DIRECTION('',(0.,-1.,0.));
#2639=DIRECTION('',(-0.707106781186548,0.,0.707106781186548));
#2640=DIRECTION('',(0.,0.,1.));
#2641=DIRECTION('',(1.,0.,0.));
#2642=DIRECTION('',(-7.35980840008019E-15,-0.707106781186548,-0.707106781186548));
#2643=DIRECTION('',(0.,0.,1.));
#2644=DIRECTION('',(1.,0.,0.));
#2645=DIRECTION('',(0.,0.707106781187244,0.707106781185851));
#2646=DIRECTION('',(0.,0.707106781186548,-0.707106781186548));
#2647=DIRECTION('',(-1.,0.,0.));
#2648=DIRECTION('',(0.,-0.707106781186548,-0.707106781186548));
#2649=DIRECTION('',(0.,0.707106781186548,-0.707106781186548));
#2650=DIRECTION('',(-1.,0.,0.));
#2651=DIRECTION('',(0.,0.707106781186548,0.707106781186548));
#2652=DIRECTION('',(0.,0.,1.));
#2653=DIRECTION('',(1.,0.,0.));
#2654=DIRECTION('',(0.707106781181139,-2.7658924013744E-6,-0.707106781186546));
#2655=DIRECTION('',(0.,0.,1.));
#2656=DIRECTION('',(1.,0.,0.));
#2657=DIRECTION('',(0.707106781187249,0.,0.707106781185846));
#2658=DIRECTION('',(-0.707106781186548,-1.29119437109206E-16,-0.707106781186547));
#2659=DIRECTION('',(1.82602459125819E-16,-1.,0.));
#2660=DIRECTION('',(0.577350269189625,-0.577350269189626,-0.577350269189626));
#2661=DIRECTION('',(0.707106781186548,0.,-0.707106781186548));
#2662=DIRECTION('',(0.,1.,0.));
#2663=DIRECTION('',(0.707106781186548,0.,0.707106781186548));
#2664=DIRECTION('',(0.,0.707106781186548,-0.707106781186548));
#2665=DIRECTION('',(-1.,0.,0.));
#2666=DIRECTION('',(-0.400446041196527,-0.647936327153382,-0.647936327153382));
#2667=DIRECTION('',(0.,0.,1.));
#2668=DIRECTION('',(1.,0.,0.));
#2669=DIRECTION('',(0.632455085971794,0.316228658139032,-0.707106781186546));
#2670=DIRECTION('',(-0.447214857151264,0.894426560173151,0.));
#2671=DIRECTION('',(-0.69745650269742,-0.164647665304336,-0.69745650269742));
#2672=DIRECTION('',(0.370202375580858,-0.602453484606311,-0.707106781186549));
#2673=DIRECTION('',(0.851997888629178,0.52354522036919,0.));
#2674=DIRECTION('',(0.370045117290646,-0.602550104308447,0.707106769142561));
#2675=DIRECTION('',(0.707106781186548,0.,-0.707106781186548));
#2676=DIRECTION('',(0.,1.,0.));
#2677=DIRECTION('',(-0.707106781186548,0.,-0.707106781186548));
#2678=DIRECTION('',(-0.370045110982406,0.602550094048639,0.707106781186544));
#2679=DIRECTION('',(0.852134515012765,0.523322814641173,0.));
#2680=DIRECTION('',(0.401972226867014,-0.582350313283204,0.706602038948748));
#2681=DIRECTION('',(0.,0.,1.));
#2682=DIRECTION('',(1.,0.,0.));
#2683=DIRECTION('',(-9.81307786677345E-15,-0.707106781186557,-0.707106781186538));
#2684=DIRECTION('',(0.432180606448468,-0.559660543016782,-0.707106781186544));
#2685=DIRECTION('',(0.79147953025942,0.61119567503405,0.));
#2686=DIRECTION('',(-0.234514656186106,0.687387400246001,-0.687387400246001));
#2687=DIRECTION('',(0.,0.707106781186548,-0.707106781186548));
#2688=DIRECTION('',(-1.,0.,0.));
#2689=DIRECTION('',(0.,-0.707106781186548,-0.707106781186548));
#2690=DIRECTION('',(1.30600805997973E-16,-0.707106781186548,-0.707106781186548));
#2691=DIRECTION('',(1.,1.84697431099191E-16,0.));
#2692=DIRECTION('',(0.234514656186115,0.687387400246,-0.687387400246));
#2693=DIRECTION('',(0.,0.,1.));
#2694=DIRECTION('',(1.,0.,0.));
#2695=DIRECTION('',(0.707106781185321,-1.31709001689938E-6,-0.707106781186548));
#2696=DIRECTION('',(-0.432180606448472,-0.559660543016777,-0.707106781186546));
#2697=DIRECTION('',(0.791479530259415,-0.611195675034057,0.));
#2698=DIRECTION('',(0.401972226867001,0.582350313283216,-0.706602038948746));
#2699=DIRECTION('',(-0.707106781186548,0.,-0.707106781186548));
#2700=DIRECTION('',(0.,-1.,0.));
#2701=DIRECTION('',(-0.370045110982405,-0.602550094048637,-0.707106781186547));
#2702=DIRECTION('',(0.852134515012765,-0.523322814641173,0.));
#2703=DIRECTION('',(-0.370202381881073,-0.602453494871053,0.707106769142563));
#2704=DIRECTION('',(0.,0.,1.));
#2705=DIRECTION('',(1.,0.,0.));
#2706=DIRECTION('',(0.370202375580855,0.60245348460631,-0.707106781186552));
#2707=DIRECTION('',(-0.370202375580852,-0.602453484606309,-0.707106781186554));
#2708=DIRECTION('',(0.851997888629181,-0.523545220369185,0.));
#2709=CARTESIAN_POINT('',(0.,0.,0.));
#2710=CARTESIAN_POINT('',(0.068396075538102,0.0189499948173761,0.0074));
#2711=CARTESIAN_POINT('',(0.0589161103233695,0.0188999988436699,0.0074));
#2712=CARTESIAN_POINT('',(0.0589161103233695,0.0188999988436699,0.0074));
#2713=CARTESIAN_POINT('',(0.0589161103233695,0.0223999988436699,0.0074));
#2714=CARTESIAN_POINT('',(0.068396075538102,0.0188999988436699,0.0074));
#2715=CARTESIAN_POINT('',(0.0577115796148777,0.0188999988436699,0.0074));
#2716=CARTESIAN_POINT('',(0.0577115796148777,0.0188999988436699,0.0074));
#2717=CARTESIAN_POINT('',(0.0577115796148777,0.0223999988436699,0.0074));
#2718=CARTESIAN_POINT('',(0.068396075538102,0.0223999988436699,0.0074));
#2719=CARTESIAN_POINT('',(0.0531384700551629,0.0188999988436699,0.0074));
#2720=CARTESIAN_POINT('',(0.0531384700551629,0.0223999988436699,0.0074));
#2721=CARTESIAN_POINT('',(0.0531384700551629,0.0188999988436699,0.0074));
#2722=CARTESIAN_POINT('',(0.068396075538102,0.0188999988436699,0.0074));
#2723=CARTESIAN_POINT('',(0.0519339393466711,0.0188999988436699,0.0074));
#2724=CARTESIAN_POINT('',(0.0519339393466711,0.0188999988436699,0.0074));
#2725=CARTESIAN_POINT('',(0.0519339393466711,0.0223999988436699,0.0074));
#2726=CARTESIAN_POINT('',(0.068396075538102,0.0223999988436699,0.0074));
#2727=CARTESIAN_POINT('',(0.068396075538102,0.0243999988436699,0.0074));
#2728=CARTESIAN_POINT('',(0.0621000002115965,0.0243999988436699,0.0074));
#2729=CARTESIAN_POINT('',(0.0516851608807866,0.0243999988436699,0.0074));
#2730=CARTESIAN_POINT('',(0.05720736889287,0.0133556217666852,0.0074));
#2731=CARTESIAN_POINT('',(0.051290149633694,0.0251900185519088,0.0074));
#2732=CARTESIAN_POINT('',(0.0489250004142084,0.0259999959736106,0.0074));
#2733=CARTESIAN_POINT('',(0.0469250003784895,0.0244999979365371,0.0074));
#2734=CARTESIAN_POINT('',(0.0469250003784895,0.0189499948173761,0.0074));
#2735=CARTESIAN_POINT('',(0.0469250003784895,0.00595650048996169,0.0074));
#2736=CARTESIAN_POINT('',(0.0508675294066487,0.00570760126247629,0.0074));
#2737=CARTESIAN_POINT('',(0.0487993279112489,0.00234188758812032,0.0074));
#2738=CARTESIAN_POINT('',(0.0556164121788379,-0.00184715082709519,0.0074));
#2739=CARTESIAN_POINT('',(0.049347483721213,0.00200505065676831,0.0074));
#2740=CARTESIAN_POINT('',(0.0556228465508135,-0.00184884861866505,0.0074));
#2741=CARTESIAN_POINT('',(0.0499617617400136,0.00162780299550621,0.0074));
#2742=CARTESIAN_POINT('',(0.0531301598053898,-0.000818894765217283,0.0074));
#2743=CARTESIAN_POINT('',(0.050127262673644,0.0015,0.0074));
#2744=CARTESIAN_POINT('',(0.0683960755381021,0.0015,0.0074));
#2745=CARTESIAN_POINT('',(0.086672737326356,0.0015,0.0074));
#2746=CARTESIAN_POINT('',(0.0836649233159896,-0.000822691673201207,0.0074));
#2747=CARTESIAN_POINT('',(0.0868382382599865,0.00162780299550624,0.0074));
#2748=CARTESIAN_POINT('',(0.0874525163055394,0.00200505061323266,0.0074));
#2749=CARTESIAN_POINT('',(0.0874521826702064,0.00200484571719991,0.0074));
#2750=CARTESIAN_POINT('',(0.0811778902842218,-0.0018506519135097,0.0074));
#2751=CARTESIAN_POINT('',(0.0879639015878852,0.00231929243825454,0.0074));
#2752=CARTESIAN_POINT('',(0.0853749920901413,0.00600000098347665,0.0074));
#2753=CARTESIAN_POINT('',(0.0898749996215105,0.00600000098347664,0.0074));
#2754=CARTESIAN_POINT('',(0.0898749996215105,0.0189499948173761,0.0074));
#2755=CARTESIAN_POINT('',(0.0898749996215105,0.0244999996180675,0.0074));
#2756=CARTESIAN_POINT('',(0.0878749942986982,0.0259999949485064,0.0074));
#2757=CARTESIAN_POINT('',(0.0855098453854267,0.0251900085901851,0.0074));
#2758=CARTESIAN_POINT('',(0.0795910613135137,0.013352482190524,0.0074));
#2759=CARTESIAN_POINT('',(0.0851148391192135,0.0243999988436699,0.0074));
#2760=CARTESIAN_POINT('',(0.068396075538102,0.0243999988436699,0.0074));
#2761=CARTESIAN_POINT('',(0.0746999997884035,0.0243999988436699,0.0074));
#2762=CARTESIAN_POINT('',(0.0746999997884035,0.0189499948173761,0.0074));
#2763=CARTESIAN_POINT('',(0.0746999997884035,0.0353999936021748,0.0074));
#2764=CARTESIAN_POINT('',(0.0736999998442829,0.0353999896906125,0.0074));
#2765=CARTESIAN_POINT('',(0.0736999998442829,0.0363999896347523,0.0074));
#2766=CARTESIAN_POINT('',(0.068396075538102,0.0363999896347523,0.0074));
#2767=CARTESIAN_POINT('',(0.0631000001557172,0.0363999896347523,0.0074));
#2768=CARTESIAN_POINT('',(0.0631000001557172,0.0353999896906125,0.0074));
#2769=CARTESIAN_POINT('',(0.0621000002116252,0.0353999994695186,0.0074));
#2770=CARTESIAN_POINT('',(0.0621000002115965,0.0189499948173761,0.0074));
#2771=CARTESIAN_POINT('',(0.0684,0.00789999961853028,0.0074));
#2772=CARTESIAN_POINT('',(0.0623250000752509,0.00789999961853028,0.0074));
#2773=CARTESIAN_POINT('',(0.0744749999247492,0.00789999961853028,0.0074));
#2774=CARTESIAN_POINT('',(0.0623250000752509,0.0186491459608078,0.0074));
#2775=CARTESIAN_POINT('',(0.0623250000752509,0.03125,0.0074));
#2776=CARTESIAN_POINT('',(0.0684,0.03125,0.0074));
#2777=CARTESIAN_POINT('',(0.0744749999247492,0.03125,0.0074));
#2778=CARTESIAN_POINT('',(0.0744749999247492,0.0186491459608078,0.0074));
#2779=CARTESIAN_POINT('',(0.06840000274118,0.0335249925084976,0.0074));
#2780=CARTESIAN_POINT('',(0.06840000274118,0.0325249935887464,0.0074));
#2781=CARTESIAN_POINT('',(0.0684000045155373,0.00602499622304597,0.0074));
#2782=CARTESIAN_POINT('',(0.0684000045155373,0.0050250001585657,0.0074));
#2783=CARTESIAN_POINT('',(0.068396075538102,0.0189499948173761,0.0074));
#2784=CARTESIAN_POINT('',(0.0883287801384926,0.0189499948173761,0.0074));
#2785=CARTESIAN_POINT('',(0.0883287801384926,0.0320000015199184,0.0074));
#2786=CARTESIAN_POINT('',(0.0883287801384926,0.0308278582148556,0.0074));
#2787=CARTESIAN_POINT('',(0.0795910613135137,0.013352482190524,0.0074));
#2788=CARTESIAN_POINT('',(0.0871039007463771,0.0283781080694879,0.0074));
#2789=CARTESIAN_POINT('',(0.0878749942986982,0.0259999949485064,0.0074));
#2790=CARTESIAN_POINT('',(0.0898749996215105,0.0274999902789452,0.0074));
#2791=CARTESIAN_POINT('',(0.0898749996215105,0.0189499948173761,0.0074));
#2792=CARTESIAN_POINT('',(0.0898749996215105,0.0319999987259486,0.0074));
#2793=CARTESIAN_POINT('',(0.089374999293685,0.0319999977946247,0.0074));
#2794=CARTESIAN_POINT('',(0.089374999293685,0.0324999981224537,0.0074));
#2795=CARTESIAN_POINT('',(0.068396075538102,0.0324999981224537,0.0074));
#2796=CARTESIAN_POINT('',(0.0888287776723483,0.0324999981224537,0.0074));
#2797=CARTESIAN_POINT('',(0.0888287767410313,0.0320000015199184,0.0074));
#2798=CARTESIAN_POINT('',(0.0489250061285165,0.0259999986963732,0.0074));
#2799=CARTESIAN_POINT('',(0.0489250061285165,0.0259999986963732,0.00025));
#2800=CARTESIAN_POINT('',(0.0507750069650609,0.0259999986963732,0.00025));
#2801=CARTESIAN_POINT('',(0.0489250061285165,0.0259999986963732,0.0032));
#2802=CARTESIAN_POINT('',(0.0489250061285165,0.0241499978598288,0.0032));
#2803=CARTESIAN_POINT('',(0.0878749956958889,0.02599999792419,0.0074));
#2804=CARTESIAN_POINT('',(0.0878749956958889,0.02599999792419,0.00025));
#2805=CARTESIAN_POINT('',(0.0897249958785881,0.02599999792419,0.00025));
#2806=CARTESIAN_POINT('',(0.0878749956958889,0.02599999792419,0.0032));
#2807=CARTESIAN_POINT('',(0.0878749956958889,0.0241499977414909,0.0032));
#2808=CARTESIAN_POINT('',(0.0684,0.0234500020742417,0.0074));
#2809=CARTESIAN_POINT('',(0.0623250000752509,0.0234500020742417,0.0074));
#2810=CARTESIAN_POINT('',(0.0623250000752509,0.0234500020742417,0.00435));
#2811=CARTESIAN_POINT('',(0.0623250000752509,0.0234500020742417,0.00025));
#2812=CARTESIAN_POINT('',(0.0684,0.0234500020742417,0.00025));
#2813=CARTESIAN_POINT('',(0.0744749999247492,0.0234500020742417,0.00025));
#2814=CARTESIAN_POINT('',(0.0744749999247492,0.0234500020742417,0.0074));
#2815=CARTESIAN_POINT('',(0.0744749999247492,0.0234500020742417,0.00435));
#2816=CARTESIAN_POINT('',(0.0623250000752509,0.0234500020742417,0.00435));
#2817=CARTESIAN_POINT('',(0.0684,0.0143999961135551,0.0074));
#2818=CARTESIAN_POINT('',(0.0744749999247492,0.013848289847374,0.0074));
#2819=CARTESIAN_POINT('',(0.0744749999247492,0.013848289847374,0.00535));
#2820=CARTESIAN_POINT('',(0.0744749999247492,0.013848289847374,0.00025));
#2821=CARTESIAN_POINT('',(0.0684,0.0143999961135551,0.00025));
#2822=CARTESIAN_POINT('',(0.0623250000752509,0.013848289847374,0.00025));
#2823=CARTESIAN_POINT('',(0.0623250000752509,0.013848289847374,0.0074));
#2824=CARTESIAN_POINT('',(0.0623250000752509,0.013848289847374,0.00535));
#2825=CARTESIAN_POINT('',(0.0684,0.0143999961135551,0.00535));
#2826=CARTESIAN_POINT('',(0.0623250000752509,0.0186491459608078,0.0074));
#2827=CARTESIAN_POINT('',(0.0623250000752509,0.0186491459608078,0.00025));
#2828=CARTESIAN_POINT('',(0.0623250000752509,0.0244500020742416,0.00435));
#2829=CARTESIAN_POINT('',(0.0623250000752509,0.0244500020742416,0.00535));
#2830=CARTESIAN_POINT('',(0.0623250000752509,0.0195749998092652,0.00535));
#2831=CARTESIAN_POINT('',(0.0623250000752509,0.03125,0.00535));
#2832=CARTESIAN_POINT('',(0.0623250000752509,0.03125,0.00535));
#2833=CARTESIAN_POINT('',(0.0623250000752509,0.00789999961853028,0.00535));
#2834=CARTESIAN_POINT('',(0.0623250000752509,0.00789999961853028,0.00535));
#2835=CARTESIAN_POINT('',(0.0623250000752509,0.0195749998092652,0.00535));
#2836=CARTESIAN_POINT('',(0.0474250007063151,0.0319999977946247,0.0074));
#2837=CARTESIAN_POINT('',(0.0474250007063151,0.0339999981224537,0.0074));
#2838=CARTESIAN_POINT('',(0.0474250007063151,0.0339999981224537,0.0059));
#2839=CARTESIAN_POINT('',(0.0474250007063151,0.0339999981224537,0.00025));
#2840=CARTESIAN_POINT('',(0.0474250007063151,0.0319999977946247,0.00025));
#2841=CARTESIAN_POINT('',(0.0454250003784895,0.0320000015199184,0.00025));
#2842=CARTESIAN_POINT('',(0.0454250003784895,0.0320000015199184,0.0074));
#2843=CARTESIAN_POINT('',(0.0454250003784895,0.0320000015199184,0.0059));
#2844=CARTESIAN_POINT('',(0.0474250007063151,0.0319999977946247,0.0059));
#2845=CARTESIAN_POINT('',(0.0454250003784895,0.0190000012516975,0.0074));
#2846=CARTESIAN_POINT('',(0.0454250003784895,0.00600000098347664,0.00025));
#2847=CARTESIAN_POINT('',(0.0454250003784895,0.00600000098347664,0.00025));
#2848=CARTESIAN_POINT('',(0.0454250003784895,0.00600000098347664,0.0074));
#2849=CARTESIAN_POINT('',(0.0454250003784895,0.00600000098347664,0.0059));
#2850=CARTESIAN_POINT('',(0.0454250003784895,0.0190000012516975,0.0059));
#2851=CARTESIAN_POINT('',(0.0508675294066487,0.00570760126247629,0.0074));
#2852=CARTESIAN_POINT('',(0.0508675294066487,0.00570760126247629,0.00025));
#2853=CARTESIAN_POINT('',(0.0480140100806952,0.00106389075517655,0.00025));
#2854=CARTESIAN_POINT('',(0.0480140100806952,0.00106389075517655,0.0074));
#2855=CARTESIAN_POINT('',(0.0480140100806952,0.00106389075517655,0.0059));
#2856=CARTESIAN_POINT('',(0.0508675294066487,0.00570760126247629,0.0059));
#2857=CARTESIAN_POINT('',(0.048288254776597,0.000895369797945026,0.0074));
#2858=CARTESIAN_POINT('',(0.0485624994724989,0.000726848840713504,0.00025));
#2859=CARTESIAN_POINT('',(0.0485624994724989,0.000726848840713504,0.00025));
#2860=CARTESIAN_POINT('',(0.0485624994724989,0.000726848840713504,0.0074));
#2861=CARTESIAN_POINT('',(0.0485624994724989,0.000726848840713504,0.0059));
#2862=CARTESIAN_POINT('',(0.048288254776597,0.000895369797945026,0.0059));
#2863=CARTESIAN_POINT('',(0.0488354701191187,0.000559208914637569,0.0074));
#2864=CARTESIAN_POINT('',(0.0491084407657385,0.000391568988561634,0.00025));
#2865=CARTESIAN_POINT('',(0.0491084407657385,0.000391568988561634,0.00025));
#2866=CARTESIAN_POINT('',(0.0491084407657385,0.000391568988561634,0.0074));
#2867=CARTESIAN_POINT('',(0.0491084407657385,0.000391568988561634,0.0059));
#2868=CARTESIAN_POINT('',(0.0488354701191187,0.000559208914637569,0.0059));
#2869=CARTESIAN_POINT('',(0.0493619756415487,0.000195784494280818,0.0074));
#2870=CARTESIAN_POINT('',(0.0496155105173588,-6.00686678329545E-19,0.00025));
#2871=CARTESIAN_POINT('',(0.0496155105173588,0.,0.00025));
#2872=CARTESIAN_POINT('',(0.0496155105173588,0.,0.0074));
#2873=CARTESIAN_POINT('',(0.0496155105173588,0.,0.0059));
#2874=CARTESIAN_POINT('',(0.0493619756415487,0.000195784494280818,0.0059));
#2875=CARTESIAN_POINT('',(0.0684,0.,0.0074));
#2876=CARTESIAN_POINT('',(0.0871844894826412,3.46944695195361E-18,0.00025));
#2877=CARTESIAN_POINT('',(0.0871844894826412,3.46944695195361E-18,0.00025));
#2878=CARTESIAN_POINT('',(0.0871844894826412,3.46944695195361E-18,0.0074));
#2879=CARTESIAN_POINT('',(0.0871844894826412,3.46944695195361E-18,0.0059));
#2880=CARTESIAN_POINT('',(0.0684,0.,0.0059));
#2881=CARTESIAN_POINT('',(0.0874380243584514,0.000195784494280818,0.0074));
#2882=CARTESIAN_POINT('',(0.0876915592342615,0.000391568988561635,0.00025));
#2883=CARTESIAN_POINT('',(0.0876915592342615,0.000391568988561634,0.00025));
#2884=CARTESIAN_POINT('',(0.0876915592342615,0.000391568988561634,0.0074));
#2885=CARTESIAN_POINT('',(0.0876915592342615,0.000391568988561634,0.0059));
#2886=CARTESIAN_POINT('',(0.0874380243584514,0.000195784494280818,0.0059));
#2887=CARTESIAN_POINT('',(0.0879645298808813,0.000559208914637576,0.0074));
#2888=CARTESIAN_POINT('',(0.0879645298808813,0.000559208914637576,0.00025));
#2889=CARTESIAN_POINT('',(0.0882375005275011,0.000726848840713511,0.00025));
#2890=CARTESIAN_POINT('',(0.0882375005275011,0.000726848840713511,0.0074));
#2891=CARTESIAN_POINT('',(0.0882375005275011,0.000726848840713511,0.0059));
#2892=CARTESIAN_POINT('',(0.0876915592342615,0.000391568988561641,0.0059));
#2893=CARTESIAN_POINT('',(0.088511745223403,0.000895369797945026,0.0074));
#2894=CARTESIAN_POINT('',(0.0887859899193049,0.00106389075517655,0.00025));
#2895=CARTESIAN_POINT('',(0.0887859899193049,0.00106389075517655,0.00025));
#2896=CARTESIAN_POINT('',(0.0887859899193049,0.00106389075517655,0.0074));
#2897=CARTESIAN_POINT('',(0.0887859899193049,0.00106389075517655,0.0059));
#2898=CARTESIAN_POINT('',(0.088511745223403,0.000895369797945026,0.0059));
#2899=CARTESIAN_POINT('',(0.0853749920901413,0.00600000098347665,0.0074));
#2900=CARTESIAN_POINT('',(0.0853749920901413,0.00600000098347665,0.00025));
#2901=CARTESIAN_POINT('',(0.0913749996215105,0.00600000098347664,0.00025));
#2902=CARTESIAN_POINT('',(0.0913749996215105,0.00600000098347664,0.0074));
#2903=CARTESIAN_POINT('',(0.0913749996215105,0.00600000098347664,0.0059));
#2904=CARTESIAN_POINT('',(0.0853749920901413,0.00600000098347665,0.0059));
#2905=CARTESIAN_POINT('',(0.0913749996215105,0.0190000012516975,0.0074));
#2906=CARTESIAN_POINT('',(0.0913749996215105,0.0320000015199184,0.00025));
#2907=CARTESIAN_POINT('',(0.0913749996215105,0.0320000015199184,0.00025));
#2908=CARTESIAN_POINT('',(0.0913749996215105,0.0320000015199184,0.0074));
#2909=CARTESIAN_POINT('',(0.0913749996215105,0.0320000015199184,0.0059));
#2910=CARTESIAN_POINT('',(0.0913749996215105,0.0190000012516975,0.0059));
#2911=CARTESIAN_POINT('',(0.089374999293685,0.0319999977946247,0.0074));
#2912=CARTESIAN_POINT('',(0.089374999293685,0.0319999977946247,0.00025));
#2913=CARTESIAN_POINT('',(0.089374999293685,0.0339999981224537,0.00025));
#2914=CARTESIAN_POINT('',(0.089374999293685,0.0339999981224537,0.0074));
#2915=CARTESIAN_POINT('',(0.089374999293685,0.0339999981224537,0.0059));
#2916=CARTESIAN_POINT('',(0.089374999293685,0.0319999977946247,0.0059));
#2917=CARTESIAN_POINT('',(0.0891018898800016,0.0339999981224537,0.0074));
#2918=CARTESIAN_POINT('',(0.0888287804663182,0.0339999981224537,0.00025));
#2919=CARTESIAN_POINT('',(0.0888287804663182,0.0339999981224537,0.00025));
#2920=CARTESIAN_POINT('',(0.0888287804663182,0.0339999981224537,0.0074));
#2921=CARTESIAN_POINT('',(0.0888287804663182,0.0339999981224537,0.0059));
#2922=CARTESIAN_POINT('',(0.0891018898800016,0.0339999981224537,0.0059));
#2923=CARTESIAN_POINT('',(0.0888287767410313,0.0320000015199184,0.0074));
#2924=CARTESIAN_POINT('',(0.0888287767410313,0.0320000015199184,0.00025));
#2925=CARTESIAN_POINT('',(0.0868287801384926,0.0320000015199184,0.00025));
#2926=CARTESIAN_POINT('',(0.0868287801384926,0.0320000015199184,0.0074));
#2927=CARTESIAN_POINT('',(0.0868287801384926,0.0320000015199184,0.0059));
#2928=CARTESIAN_POINT('',(0.0888287767410313,0.0320000015199184,0.0059));
#2929=CARTESIAN_POINT('',(0.0868287801384926,0.0315909814089537,0.0074));
#2930=CARTESIAN_POINT('',(0.0868287801384926,0.0311819612979889,0.00025));
#2931=CARTESIAN_POINT('',(0.0868287801384926,0.0311819612979889,0.00025));
#2932=CARTESIAN_POINT('',(0.0868287801384926,0.0311819612979889,0.0074));
#2933=CARTESIAN_POINT('',(0.0868287801384926,0.0311819612979889,0.0059));
#2934=CARTESIAN_POINT('',(0.0868287801384926,0.0315909814089537,0.0059));
#2935=CARTESIAN_POINT('',(0.0855082848683,0.0285409800708294,0.0074));
#2936=CARTESIAN_POINT('',(0.0841877895981074,0.0258999988436699,0.00025));
#2937=CARTESIAN_POINT('',(0.0841877895981074,0.0258999988436699,0.00025));
#2938=CARTESIAN_POINT('',(0.0841877895981074,0.0258999988436699,0.0074));
#2939=CARTESIAN_POINT('',(0.0841877895981074,0.0258999988436699,0.0059));
#2940=CARTESIAN_POINT('',(0.0855082848683,0.0285409800708294,0.0059));
#2941=CARTESIAN_POINT('',(0.0801938946932554,0.0258999988436699,0.0074));
#2942=CARTESIAN_POINT('',(0.0761999997884035,0.0258999988436699,0.00025));
#2943=CARTESIAN_POINT('',(0.0761999997884035,0.0258999988436699,0.00025));
#2944=CARTESIAN_POINT('',(0.0761999997884035,0.0258999988436699,0.0074));
#2945=CARTESIAN_POINT('',(0.0761999997884035,0.0258999988436699,0.0059));
#2946=CARTESIAN_POINT('',(0.0801938946932554,0.0258999988436699,0.0059));
#2947=CARTESIAN_POINT('',(0.0761999997884035,0.0306499991565943,0.0074));
#2948=CARTESIAN_POINT('',(0.0761999997884035,0.0353999994695186,0.00025));
#2949=CARTESIAN_POINT('',(0.0761999997884035,0.0353999994695186,0.00025));
#2950=CARTESIAN_POINT('',(0.0761999997884035,0.0353999994695186,0.0074));
#2951=CARTESIAN_POINT('',(0.0761999997884035,0.0353999994695186,0.0059));
#2952=CARTESIAN_POINT('',(0.0761999997884035,0.0306499991565943,0.0059));
#2953=CARTESIAN_POINT('',(0.0736999998442829,0.0353999896906125,0.0074));
#2954=CARTESIAN_POINT('',(0.0736999998442829,0.0353999896906125,0.00025));
#2955=CARTESIAN_POINT('',(0.0736999998442829,0.0378999896347523,0.00025));
#2956=CARTESIAN_POINT('',(0.0736999998442829,0.0378999896347523,0.0074));
#2957=CARTESIAN_POINT('',(0.0736999998442829,0.0378999896347523,0.0059));
#2958=CARTESIAN_POINT('',(0.0736999998442829,0.0353999896906125,0.0059));
#2959=CARTESIAN_POINT('',(0.0684,0.0378999896347523,0.0074));
#2960=CARTESIAN_POINT('',(0.0631000001557172,0.0378999896347523,0.00025));
#2961=CARTESIAN_POINT('',(0.0631000001557172,0.0378999896347523,0.00025));
#2962=CARTESIAN_POINT('',(0.0631000001557172,0.0378999896347523,0.0074));
#2963=CARTESIAN_POINT('',(0.0631000001557172,0.0378999896347523,0.0059));
#2964=CARTESIAN_POINT('',(0.0684,0.0378999896347523,0.0059));
#2965=CARTESIAN_POINT('',(0.0631000001557172,0.0353999896906125,0.0074));
#2966=CARTESIAN_POINT('',(0.0631000001557172,0.0353999896906125,0.00025));
#2967=CARTESIAN_POINT('',(0.0606000002115965,0.0353999994695186,0.00025));
#2968=CARTESIAN_POINT('',(0.0606000002115965,0.0353999994695186,0.0074));
#2969=CARTESIAN_POINT('',(0.0606000002115965,0.0353999994695186,0.0059));
#2970=CARTESIAN_POINT('',(0.0631000001557172,0.0353999896906125,0.0059));
#2971=CARTESIAN_POINT('',(0.0606000002115965,0.0306499991565943,0.0074));
#2972=CARTESIAN_POINT('',(0.0606000002115965,0.0258999988436699,0.00025));
#2973=CARTESIAN_POINT('',(0.0606000002115965,0.0258999988436699,0.00025));
#2974=CARTESIAN_POINT('',(0.0606000002115965,0.0258999988436699,0.0074));
#2975=CARTESIAN_POINT('',(0.0606000002115965,0.0258999988436699,0.0059));
#2976=CARTESIAN_POINT('',(0.0606000002115965,0.0306499991565943,0.0059));
#2977=CARTESIAN_POINT('',(0.0566061053067446,0.0258999988436699,0.0074));
#2978=CARTESIAN_POINT('',(0.0526122104018927,0.0258999988436699,0.00025));
#2979=CARTESIAN_POINT('',(0.0526122104018927,0.0258999988436699,0.00025));
#2980=CARTESIAN_POINT('',(0.0526122104018927,0.0258999988436699,0.0074));
#2981=CARTESIAN_POINT('',(0.0526122104018927,0.0258999988436699,0.0059));
#2982=CARTESIAN_POINT('',(0.0566061053067446,0.0258999988436699,0.0059));
#2983=CARTESIAN_POINT('',(0.0512917151317001,0.0285409800708294,0.0074));
#2984=CARTESIAN_POINT('',(0.0499712198615074,0.0311819612979889,0.00025));
#2985=CARTESIAN_POINT('',(0.0499712198615074,0.0311819612979889,0.00025));
#2986=CARTESIAN_POINT('',(0.0499712198615074,0.0311819612979889,0.0074));
#2987=CARTESIAN_POINT('',(0.0499712198615074,0.0311819612979889,0.0059));
#2988=CARTESIAN_POINT('',(0.0512917151317001,0.0285409800708294,0.0059));
#2989=CARTESIAN_POINT('',(0.0499712198615074,0.0315909814089537,0.0074));
#2990=CARTESIAN_POINT('',(0.0499712198615074,0.0320000015199184,0.00025));
#2991=CARTESIAN_POINT('',(0.0499712198615074,0.0320000015199184,0.00025));
#2992=CARTESIAN_POINT('',(0.0499712198615074,0.0320000015199184,0.0074));
#2993=CARTESIAN_POINT('',(0.0499712198615074,0.0320000015199184,0.0059));
#2994=CARTESIAN_POINT('',(0.0499712198615074,0.0315909814089537,0.0059));
#2995=CARTESIAN_POINT('',(0.0479712195336819,0.0319999977946246,0.0074));
#2996=CARTESIAN_POINT('',(0.0479712195336819,0.0319999977946246,0.00025));
#2997=CARTESIAN_POINT('',(0.0479712195336819,0.0339999981224537,0.00025));
#2998=CARTESIAN_POINT('',(0.0479712195336819,0.0339999981224537,0.0074));
#2999=CARTESIAN_POINT('',(0.0479712195336819,0.0339999981224537,0.0059));
#3000=CARTESIAN_POINT('',(0.0479712195336819,0.0319999977946246,0.0059));
#3001=CARTESIAN_POINT('',(0.0744749999247492,0.0186491459608078,0.0074));
#3002=CARTESIAN_POINT('',(0.0744749999247492,0.0195749998092652,0.00535));
#3003=CARTESIAN_POINT('',(0.0744749999247492,0.00789999961853028,0.00535));
#3004=CARTESIAN_POINT('',(0.0744749999247492,0.00789999961853028,0.00535));
#3005=CARTESIAN_POINT('',(0.0744749999247492,0.03125,0.00535));
#3006=CARTESIAN_POINT('',(0.0744749999247492,0.03125,0.00535));
#3007=CARTESIAN_POINT('',(0.0744749999247492,0.0195749998092652,0.00535));
#3008=CARTESIAN_POINT('',(0.0744749999247492,0.0244500020742416,0.00535));
#3009=CARTESIAN_POINT('',(0.0744749999247492,0.0244500020742416,0.00435));
#3010=CARTESIAN_POINT('',(0.0744749999247492,0.0186491459608078,0.00025));
#3011=CARTESIAN_POINT('',(0.0476981101199985,0.0339999981224537,0.0074));
#3012=CARTESIAN_POINT('',(0.0474250007063151,0.0339999981224537,0.00025));
#3013=CARTESIAN_POINT('',(0.0476981101199985,0.0339999981224537,0.0059));
#3014=CARTESIAN_POINT('',(0.068396075538102,0.0189499948173761,0.0074));
#3015=CARTESIAN_POINT('',(0.0489250004142084,0.0259999959736106,0.0074));
#3016=CARTESIAN_POINT('',(0.049696101299568,0.0283781039776123,0.0074));
#3017=CARTESIAN_POINT('',(0.0469250003784895,0.0274999940106839,0.0074));
#3018=CARTESIAN_POINT('',(0.05720736889287,0.0133556217666852,0.0074));
#3019=CARTESIAN_POINT('',(0.0484712198615074,0.0308278582148556,0.0074));
#3020=CARTESIAN_POINT('',(0.0484712198615074,0.0189499948173761,0.0074));
#3021=CARTESIAN_POINT('',(0.04847121986151,0.0319999987259485,0.0074));
#3022=CARTESIAN_POINT('',(0.0479712195336819,0.0319999977946246,0.0074));
#3023=CARTESIAN_POINT('',(0.0479712195336819,0.0324999981224537,0.0074));
#3024=CARTESIAN_POINT('',(0.068396075538102,0.0324999981224537,0.0074));
#3025=CARTESIAN_POINT('',(0.0474250007063151,0.0324999981224537,0.0074));
#3026=CARTESIAN_POINT('',(0.0474250007063151,0.0319999977946247,0.0074));
#3027=CARTESIAN_POINT('',(0.0469250003784895,0.0319999987259486,0.0074));
#3028=CARTESIAN_POINT('',(0.0469250003784895,0.0189499948173761,0.0074));
#3029=CARTESIAN_POINT('',(0.068396075538102,0.0189499948173761,0.));
#3030=CARTESIAN_POINT('',(0.0620750000752509,0.0189499948173761,0.));
#3031=CARTESIAN_POINT('',(0.0620750000752509,0.0237000020742417,0.));
#3032=CARTESIAN_POINT('',(0.0620750000752509,0.0138370751589016,0.));
#3033=CARTESIAN_POINT('',(0.0684,0.0143999961135551,0.));
#3034=CARTESIAN_POINT('',(0.0747249999247492,0.0138370751589001,0.));
#3035=CARTESIAN_POINT('',(0.0747249999247492,0.0189499948173761,0.));
#3036=CARTESIAN_POINT('',(0.0747249999247492,0.0237000020742417,0.));
#3037=CARTESIAN_POINT('',(0.068396075538102,0.0237000020742417,0.));
#3038=CARTESIAN_POINT('',(0.0878749956958889,0.02599999792419,0.));
#3039=CARTESIAN_POINT('',(0.0899749958785881,0.02599999792419,0.));
#3040=CARTESIAN_POINT('',(0.0489250061285165,0.0259999986963732,0.));
#3041=CARTESIAN_POINT('',(0.0510250069650609,0.0259999986963732,0.));
#3042=CARTESIAN_POINT('',(0.0486933301761592,0.000939882469466696,0.));
#3043=CARTESIAN_POINT('',(0.0492506609281177,0.000597607989719053,0.));
#3044=CARTESIAN_POINT('',(0.048693385782048,0.000939848320127904,0.));
#3045=CARTESIAN_POINT('',(0.0481448963857875,0.00127689022733385,0.));
#3046=CARTESIAN_POINT('',(0.0481448963857875,0.00127689022733384,0.));
#3047=CARTESIAN_POINT('',(0.0508675294066487,0.00570760126247629,0.));
#3048=CARTESIAN_POINT('',(0.0456750003784895,0.00599321137248887,0.));
#3049=CARTESIAN_POINT('',(0.0456750003784895,0.0320000015199184,0.));
#3050=CARTESIAN_POINT('',(0.0456750003784895,0.0320000010542568,0.));
#3051=CARTESIAN_POINT('',(0.0474250007063151,0.0319999977946247,0.));
#3052=CARTESIAN_POINT('',(0.0474250007063151,0.0337499981224537,0.));
#3053=CARTESIAN_POINT('',(0.0479712195336819,0.0337499981224537,0.));
#3054=CARTESIAN_POINT('',(0.0479712195336819,0.0337499981224537,0.));
#3055=CARTESIAN_POINT('',(0.0479712195336819,0.0319999977946246,0.));
#3056=CARTESIAN_POINT('',(0.049721219861507,0.0320000015199184,0.));
#3057=CARTESIAN_POINT('',(0.0497212198615074,0.0311819612979889,0.));
#3058=CARTESIAN_POINT('',(0.0497212198615074,0.0311229441174667,0.));
#3059=CARTESIAN_POINT('',(0.0523886037618494,0.0257881951293821,0.));
#3060=CARTESIAN_POINT('',(0.052457702148375,0.0256499988436699,0.));
#3061=CARTESIAN_POINT('',(0.0606000002115965,0.0256499988436699,0.));
#3062=CARTESIAN_POINT('',(0.0608500002115965,0.0256499988436699,0.));
#3063=CARTESIAN_POINT('',(0.0608500002115965,0.0353999994695186,0.));
#3064=CARTESIAN_POINT('',(0.0608500002115965,0.0353999984916281,0.));
#3065=CARTESIAN_POINT('',(0.0631000001557172,0.0353999896906125,0.));
#3066=CARTESIAN_POINT('',(0.0631000001557172,0.0376499896347523,0.));
#3067=CARTESIAN_POINT('',(0.0736999998442829,0.0376499896347523,0.));
#3068=CARTESIAN_POINT('',(0.0736999998442829,0.0376499896347523,0.));
#3069=CARTESIAN_POINT('',(0.0736999998442829,0.0353999896906125,0.));
#3070=CARTESIAN_POINT('',(0.0759499997884014,0.0353999994695186,0.));
#3071=CARTESIAN_POINT('',(0.0759499997884035,0.0258999988436699,0.));
#3072=CARTESIAN_POINT('',(0.0759499997884035,0.0256499988436699,0.));
#3073=CARTESIAN_POINT('',(0.0841877895981074,0.0256499988436699,0.));
#3074=CARTESIAN_POINT('',(0.084342297851625,0.0256499988436699,0.));
#3075=CARTESIAN_POINT('',(0.0870523867785359,0.0310701575837011,0.));
#3076=CARTESIAN_POINT('',(0.0870787801384926,0.0311229441174667,0.));
#3077=CARTESIAN_POINT('',(0.0870787801384926,0.0320000015199184,0.));
#3078=CARTESIAN_POINT('',(0.0870787801384926,0.0320000015199184,0.));
#3079=CARTESIAN_POINT('',(0.0888287767410313,0.0320000015199184,0.));
#3080=CARTESIAN_POINT('',(0.0888287804663182,0.0337499981224532,0.));
#3081=CARTESIAN_POINT('',(0.089374999293685,0.0337499981224537,0.));
#3082=CARTESIAN_POINT('',(0.089374999293685,0.0337499981224537,0.));
#3083=CARTESIAN_POINT('',(0.089374999293685,0.0319999977946247,0.));
#3084=CARTESIAN_POINT('',(0.09112499962151,0.0320000015199184,0.));
#3085=CARTESIAN_POINT('',(0.0911249996215105,0.00600000098347664,0.));
#3086=CARTESIAN_POINT('',(0.0911249996215105,0.00600000098347664,0.));
#3087=CARTESIAN_POINT('',(0.0853749920901413,0.00600000098347665,0.));
#3088=CARTESIAN_POINT('',(0.088649325164812,0.00127333942092317,0.));
#3089=CARTESIAN_POINT('',(0.0881066142224088,0.000939848312870797,0.));
#3090=CARTESIAN_POINT('',(0.0881066698193821,0.000939882476722638,0.));
#3091=CARTESIAN_POINT('',(0.0818256076030869,-0.00291751692275488,0.));
#3092=CARTESIAN_POINT('',(0.0875493390718824,0.000597607989719109,0.));
#3093=CARTESIAN_POINT('',(0.0870316905638827,0.000197869882564857,0.));
#3094=CARTESIAN_POINT('',(0.0870991974565937,0.000250000000000005,0.));
#3095=CARTESIAN_POINT('',(0.0496155105173588,0.000249999999999997,0.));
#3096=CARTESIAN_POINT('',(0.0497008025434063,0.000249999999999997,0.));
#3097=CARTESIAN_POINT('',(0.049261239684497,0.000589438871126487,0.));
#3098=CARTESIAN_POINT('',(0.0684,0.00789999961853028,0.00535));
#3099=CARTESIAN_POINT('',(0.0684,0.00789999961853028,0.00535));
#3100=CARTESIAN_POINT('',(0.068396075538102,0.0189499948173761,0.00535));
#3101=CARTESIAN_POINT('',(0.0684,0.03125,0.00535));
#3102=CARTESIAN_POINT('',(0.0684,0.03125,0.00535));
#3103=CARTESIAN_POINT('',(0.068396075538102,0.0189499948173761,0.00535));
#3104=CARTESIAN_POINT('',(0.0744749999247492,0.0244500020742416,0.00535));
#3105=CARTESIAN_POINT('',(0.068396075538102,0.0244500020742416,0.00435));
#3106=CARTESIAN_POINT('',(0.06840000274118,0.0335249925084976,0.0019));
#3107=CARTESIAN_POINT('',(0.06840000274118,0.0335249925084976,0.0019));
#3108=CARTESIAN_POINT('',(0.06840000274118,0.0325249935887464,0.0019));
#3109=CARTESIAN_POINT('',(0.068396075538102,0.0189499948173761,0.0019));
#3110=CARTESIAN_POINT('',(0.0684000045155373,0.00602499622304597,0.0019));
#3111=CARTESIAN_POINT('',(0.0684000045155373,0.00602499622304597,0.0019));
#3112=CARTESIAN_POINT('',(0.0684000045155373,0.0050250001585657,0.0019));
#3113=CARTESIAN_POINT('',(0.068396075538102,0.0189499948173761,0.0019));
#3114=CARTESIAN_POINT('',(0.0489250004142084,0.0259999959736106,0.0032));
#3115=CARTESIAN_POINT('',(0.0489250004142084,0.0259999959736106,0.0032));
#3116=CARTESIAN_POINT('',(0.0489250004142084,0.0234999971227909,0.0032));
#3117=CARTESIAN_POINT('',(0.051290149633694,0.0251900185519088,0.0074));
#3118=CARTESIAN_POINT('',(0.0515082901495521,0.0258269929378565,0.00739999999999998));
#3119=CARTESIAN_POINT('',(0.0513990474997816,0.0272381093151536,0.00700178316828054));
#3120=CARTESIAN_POINT('',(0.0503372278693977,0.0281702188585213,0.0074));
#3121=CARTESIAN_POINT('',(0.049696101299568,0.0283781039776123,0.0074));
#3122=CARTESIAN_POINT('',(0.0469250003784895,0.0274999940106839,0.0074));
#3123=CARTESIAN_POINT('',(0.046599412546473,0.0270658763254813,0.0074));
#3124=CARTESIAN_POINT('',(0.0462506223002096,0.0259981074752278,0.00722842808316216));
#3125=CARTESIAN_POINT('',(0.0465993497886937,0.0249341992988898,0.0074));
#3126=CARTESIAN_POINT('',(0.0469250003784895,0.0244999979365371,0.0074));
#3127=CARTESIAN_POINT('',(0.068396075538102,0.0189499948173761,0.0032));
#3128=CARTESIAN_POINT('',(0.0878749942986982,0.0259999949485064,0.0032));
#3129=CARTESIAN_POINT('',(0.0878749942986982,0.0259999949485064,0.0032));
#3130=CARTESIAN_POINT('',(0.0878749942986982,0.0234999934919836,0.0032));
#3131=CARTESIAN_POINT('',(0.0871039007463771,0.0283781080694879,0.0074));
#3132=CARTESIAN_POINT('',(0.086463432000291,0.0281704386713366,0.00740000000000002));
#3133=CARTESIAN_POINT('',(0.0854000741944739,0.0272363736343983,0.00700177527367072));
#3134=CARTESIAN_POINT('',(0.0852914758675437,0.0258276445486262,0.00739999999999999));
#3135=CARTESIAN_POINT('',(0.0855098453854266,0.0251900085901851,0.0074));
#3136=CARTESIAN_POINT('',(0.0898749996215105,0.0244999996180675,0.0074));
#3137=CARTESIAN_POINT('',(0.0902005857509439,0.0249341169640929,0.0074));
#3138=CARTESIAN_POINT('',(0.0905493740455683,0.0260018831847665,0.00722842997914656));
#3139=CARTESIAN_POINT('',(0.0902006484969614,0.0270657892710801,0.0074));
#3140=CARTESIAN_POINT('',(0.0898749996215105,0.0274999902789452,0.0074));
#3141=CARTESIAN_POINT('',(0.068396075538102,0.0189499948173761,0.0032));
#3142=CARTESIAN_POINT('',(0.0891018898800016,0.0324999981224537,0.0059));
#3143=CARTESIAN_POINT('',(0.0888287776723483,0.0324999981224537,0.0059));
#3144=CARTESIAN_POINT('',(0.089374999293685,0.0324999981224537,0.0059));
#3145=CARTESIAN_POINT('',(0.089374999293685,0.0319999977946247,0.0059));
#3146=CARTESIAN_POINT('',(0.0898749996215131,0.0319999987259486,0.0059));
#3147=CARTESIAN_POINT('',(0.0888287767410313,0.0320000015199184,0.0059));
#3148=CARTESIAN_POINT('',(0.0883287801384926,0.0320000015199184,0.0059));
#3149=CARTESIAN_POINT('',(0.0898749996215105,0.0190000012516975,0.0059));
#3150=CARTESIAN_POINT('',(0.0898749996215105,0.00600000098347664,0.0059));
#3151=CARTESIAN_POINT('',(0.0883287801384926,0.0315909814089537,0.0059));
#3152=CARTESIAN_POINT('',(0.0883287801384926,0.0308278582148556,0.0059));
#3153=CARTESIAN_POINT('',(0.0853749920901413,0.00600000098347665,0.0059));
#3154=CARTESIAN_POINT('',(0.0887859899193049,0.00106389075517655,0.0059));
#3155=CARTESIAN_POINT('',(0.0887859899193049,0.00106389075517655,0.00629626353014107));
#3156=CARTESIAN_POINT('',(0.0886094124277164,0.00133503879668641,0.00707273644599924));
#3157=CARTESIAN_POINT('',(0.0881786267746861,0.00199293701048601,0.00740000000000001));
#3158=CARTESIAN_POINT('',(0.0879639015878852,0.00231929243825455,0.0074));
#3159=CARTESIAN_POINT('',(0.0868499247085597,0.0278701577851025,0.0059));
#3160=CARTESIAN_POINT('',(0.0851148391192135,0.0243999988436699,0.0059));
#3161=CARTESIAN_POINT('',(0.0877264273928492,0.00217336663088879,0.0059));
#3162=CARTESIAN_POINT('',(0.0874521826969473,0.00200484567365727,0.0059));
#3163=CARTESIAN_POINT('',(0.0801938946932554,0.0243999988436699,0.0059));
#3164=CARTESIAN_POINT('',(0.0746999997884035,0.0243999988436699,0.0059));
#3165=CARTESIAN_POINT('',(0.0811714540847855,-0.00185234877898892,0.0059));
#3166=CARTESIAN_POINT('',(0.0868382382599864,0.00162780299550621,0.0059));
#3167=CARTESIAN_POINT('',(0.0746999997884035,0.0306499991565943,0.0059));
#3168=CARTESIAN_POINT('',(0.0746999997884035,0.0353999936021748,0.0059));
#3169=CARTESIAN_POINT('',(0.0865212308459003,0.00138300378966995,0.0059));
#3170=CARTESIAN_POINT('',(0.086672737326356,0.0015,0.0059));
#3171=CARTESIAN_POINT('',(0.0736999998442829,0.0353999896906125,0.0059));
#3172=CARTESIAN_POINT('',(0.0736999998442829,0.0363999896347523,0.0059));
#3173=CARTESIAN_POINT('',(0.0684,0.0015,0.0059));
#3174=CARTESIAN_POINT('',(0.050127262673644,0.0015,0.0059));
#3175=CARTESIAN_POINT('',(0.0684,0.0363999896347523,0.0059));
#3176=CARTESIAN_POINT('',(0.0631000001557172,0.0363999896347523,0.0059));
#3177=CARTESIAN_POINT('',(0.0502787691540997,0.00138300378966994,0.0059));
#3178=CARTESIAN_POINT('',(0.0499617617400136,0.00162780299550622,0.0059));
#3179=CARTESIAN_POINT('',(0.0631000001557172,0.0353999896906125,0.0059));
#3180=CARTESIAN_POINT('',(0.0621000002116252,0.0353999994695186,0.0059));
#3181=CARTESIAN_POINT('',(0.0496204543410805,0.00183741068715671,0.0059));
#3182=CARTESIAN_POINT('',(0.0493474836944607,0.00200505061323265,0.0059));
#3183=CARTESIAN_POINT('',(0.0621000002115965,0.0306499991565943,0.0059));
#3184=CARTESIAN_POINT('',(0.0621000002115965,0.0243999988436699,0.0059));
#3185=CARTESIAN_POINT('',(0.0490735726071508,0.0021733666308888,0.0059));
#3186=CARTESIAN_POINT('',(0.0487993279112489,0.00234188758812032,0.0059));
#3187=CARTESIAN_POINT('',(0.0566061053067446,0.0243999988436699,0.0059));
#3188=CARTESIAN_POINT('',(0.0516851608807866,0.0243999988436699,0.0059));
#3189=CARTESIAN_POINT('',(0.0508675294066487,0.00570760126247629,0.0059));
#3190=CARTESIAN_POINT('',(0.0454250003784895,0.00600000098347664,0.0059));
#3191=CARTESIAN_POINT('',(0.0454250003784895,0.00600000098347664,0.00629626491299088));
#3192=CARTESIAN_POINT('',(0.0457484667988146,0.00599153674436643,0.00707274101791336));
#3193=CARTESIAN_POINT('',(0.0465345333006501,0.00596878972631398,0.00739999999999999));
#3194=CARTESIAN_POINT('',(0.0469250003784895,0.00595650048996169,0.0074));
#3195=CARTESIAN_POINT('',(0.0499500752914403,0.0278701577851025,0.0059));
#3196=CARTESIAN_POINT('',(0.0484712198615074,0.0308278582148557,0.0059));
#3197=CARTESIAN_POINT('',(0.0469250003784895,0.0190000012516975,0.0059));
#3198=CARTESIAN_POINT('',(0.0469250003784895,0.0320000015199184,0.0059));
#3199=CARTESIAN_POINT('',(0.0484712198615074,0.0315909814089537,0.0059));
#3200=CARTESIAN_POINT('',(0.0484712198615074,0.0319999987259485,0.0059));
#3201=CARTESIAN_POINT('',(0.0474250007063151,0.0319999977946247,0.0059));
#3202=CARTESIAN_POINT('',(0.0474250007063151,0.0324999981224537,0.0059));
#3203=CARTESIAN_POINT('',(0.0479712195336819,0.0319999977946246,0.0059));
#3204=CARTESIAN_POINT('',(0.0479712195336819,0.0324999981224537,0.0059));
#3205=CARTESIAN_POINT('',(0.0476981101199985,0.0324999981224537,0.0059));
#3206=CARTESIAN_POINT('',(0.0554250248350203,0.0188999988436699,0.0074));
#3207=CARTESIAN_POINT('',(0.0554250248350203,0.0188999988436699,0.0074));
#3208=CARTESIAN_POINT('',(0.0554250248350203,0.0223999988436699,0.0074));
#3209=CARTESIAN_POINT('',(0.0554250248350203,0.0188999988436699,0.0074));
#3210=CARTESIAN_POINT('',(0.0554250248350203,0.0223999988436699,0.0074));
#3211=CARTESIAN_POINT('',(0.0554250248350203,0.0188999988436699,0.0074));
#3212=CARTESIAN_POINT('',(0.0554250248350203,0.0188999988436699,0.0074));
#3213=CARTESIAN_POINT('',(0.0554250248350203,0.0223999988436699,0.0074));
#3214=CARTESIAN_POINT('',(0.0684,0.0234500020742417,0.00025));
#3215=CARTESIAN_POINT('',(0.0728747145536045,0.0218497167030971,0.00185028537114461));
#3216=CARTESIAN_POINT('',(0.0643500000501673,0.0214250020993252,0.00227499997491638));
#3217=CARTESIAN_POINT('',(0.0623250000752509,0.0186491459608078,0.00025));
#3218=CARTESIAN_POINT('',(0.0623250000752509,0.013848289847374,0.00025));
#3219=CARTESIAN_POINT('',(0.0622416675932345,0.0138445136624388,0.000166667517983634));
#3220=CARTESIAN_POINT('',(0.0621583342429579,0.0138407761883563,8.33341677069635E-5));
#3221=CARTESIAN_POINT('',(0.0620750000752509,0.0138370751589016,-1.67172441410785E-19));
#3222=CARTESIAN_POINT('',(0.0744749999247492,0.0186491459608078,0.00025));
#3223=CARTESIAN_POINT('',(0.0747249999247492,0.0138370751589001,0.));
#3224=CARTESIAN_POINT('',(0.0746416657570422,0.0138407761883549,8.33341677069742E-5));
#3225=CARTESIAN_POINT('',(0.0745583324067655,0.0138445136624381,0.00016666751798364));
#3226=CARTESIAN_POINT('',(0.0744749999247491,0.0138482898473732,0.000250000000000016));
#3227=CARTESIAN_POINT('',(0.0684,0.0143999961135551,0.));
#3228=CARTESIAN_POINT('',(0.0878749956958889,0.02599999792419,0.));
#3229=CARTESIAN_POINT('',(0.0489250061285165,0.0259999986963732,0.));
#3230=CARTESIAN_POINT('',(0.068396075538102,0.0256499988436699,0.));
#3231=CARTESIAN_POINT('',(0.073432025038303,0.0231320240935694,-0.0025179747501005));
#3232=CARTESIAN_POINT('',(0.0864468314100862,0.0222447866453773,-0.00340521219829257));
#3233=CARTESIAN_POINT('',(0.0784730281132973,0.0139115007619631,0.));
#3234=CARTESIAN_POINT('',(0.088476655717409,0.0307929494159126,-0.00139787557891638));
#3235=CARTESIAN_POINT('',(0.0759499997884035,0.0189499948173761,0.));
#3236=CARTESIAN_POINT('',(0.0761999997884035,0.0353999994695186,0.00025));
#3237=CARTESIAN_POINT('',(0.0870787801384926,0.0189499948173761,0.));
#3238=CARTESIAN_POINT('',(0.0870787801384926,0.0320000015199184,0.));
#3239=CARTESIAN_POINT('',(0.0736999998442829,0.0353999896906125,0.));
#3240=CARTESIAN_POINT('',(0.0736999998442829,0.0378999896347523,0.00025));
#3241=CARTESIAN_POINT('',(0.0888287767410313,0.0320000015199184,0.));
#3242=CARTESIAN_POINT('',(0.0888287804663182,0.0337499981224532,0.));
#3243=CARTESIAN_POINT('',(0.068396075538102,0.0376499896347523,0.));
#3244=CARTESIAN_POINT('',(0.0631000001557172,0.0378999896347523,0.00025));
#3245=CARTESIAN_POINT('',(0.068396075538102,0.0337499981224537,0.));
#3246=CARTESIAN_POINT('',(0.089374999293685,0.0337499981224537,0.));
#3247=CARTESIAN_POINT('',(0.0631000001557172,0.0353999896906125,0.));
#3248=CARTESIAN_POINT('',(0.0606000002115965,0.0353999994695186,0.00025));
#3249=CARTESIAN_POINT('',(0.089374999293685,0.0319999977946247,0.));
#3250=CARTESIAN_POINT('',(0.09112499962151,0.0320000015199184,0.));
#3251=CARTESIAN_POINT('',(0.0608500002115965,0.0189499948173761,0.));
#3252=CARTESIAN_POINT('',(0.0630833348870278,0.0234166641682387,-0.00223333467543125));
#3253=CARTESIAN_POINT('',(0.0911249996215105,0.0189499948173761,0.));
#3254=CARTESIAN_POINT('',(0.0911249996215105,0.00600000098347664,0.));
#3255=CARTESIAN_POINT('',(0.068396075538102,0.0256499988436699,0.));
#3256=CARTESIAN_POINT('',(0.0550135323986245,0.0297854255798814,0.00413542673621149));
#3257=CARTESIAN_POINT('',(0.0853749920901413,0.00600000098347665,0.));
#3258=CARTESIAN_POINT('',(0.0887859899193049,0.00106389075517655,0.00025));
#3259=CARTESIAN_POINT('',(0.0887404551169496,0.00113371971713173,0.000166666343715468));
#3260=CARTESIAN_POINT('',(0.0886949006315932,0.0012035362131595,8.333300343358E-5));
#3261=CARTESIAN_POINT('',(0.088649325164812,0.00127333942092316,-1.16204324419898E-19));
#3262=CARTESIAN_POINT('',(0.0583254020930864,0.0139146403381243,0.));
#3263=CARTESIAN_POINT('',(0.0519305777987121,0.0316445044223395,0.00220935793720469));
#3264=CARTESIAN_POINT('',(0.0818323218096833,-0.00291564927429617,0.));
#3265=CARTESIAN_POINT('',(0.0881066698193821,0.000939882476722638,0.));
#3266=CARTESIAN_POINT('',(0.0497212198615074,0.0189499948173761,0.));
#3267=CARTESIAN_POINT('',(0.0499712198615074,0.0320000015199184,0.00025));
#3268=CARTESIAN_POINT('',(0.0879645298808813,0.000559208914637576,0.00025));
#3269=CARTESIAN_POINT('',(0.0876092077102781,0.00051087433501539,0.00010523936514021));
#3270=CARTESIAN_POINT('',(0.0479712195336819,0.0319999977946246,0.));
#3271=CARTESIAN_POINT('',(0.0479712195336819,0.0339999981224537,0.00025));
#3272=CARTESIAN_POINT('',(0.0844289179097822,-0.00181204108602549,0.));
#3273=CARTESIAN_POINT('',(0.0872847457742008,-0.000293861853814221,0.000543861853814225));
#3274=CARTESIAN_POINT('',(0.068396075538102,0.0337499981224537,0.));
#3275=CARTESIAN_POINT('',(0.0474250007063151,0.0339999981224537,0.00025));
#3276=CARTESIAN_POINT('',(0.0683960755381021,0.00025,0.));
#3277=CARTESIAN_POINT('',(0.0507289887898755,0.00326372324622757,-0.00301372324622757));
#3278=CARTESIAN_POINT('',(0.0474250007063151,0.0319999977946247,0.));
#3279=CARTESIAN_POINT('',(0.0454250003784895,0.0320000015199184,0.00025));
#3280=CARTESIAN_POINT('',(0.0523661652115972,-0.00180824417804154,0.));
#3281=CARTESIAN_POINT('',(0.0493525586059347,0.000745230488571954,-0.000179119606025585));
#3282=CARTESIAN_POINT('',(0.0456750003784895,0.0189499948173761,0.));
#3283=CARTESIAN_POINT('',(0.0454250003784895,0.00600000098347664,0.00025));
#3284=CARTESIAN_POINT('',(0.0455083340685024,0.00599776404638042,0.000166666309987131));
#3285=CARTESIAN_POINT('',(0.0455916674103116,0.00599550146690173,8.33329681778652E-5));
#3286=CARTESIAN_POINT('',(0.0456750003784895,0.00599321137248884,-9.91666954031081E-19));
#3287=CARTESIAN_POINT('',(0.054968693032512,-0.002914016762431,0.));
#3288=CARTESIAN_POINT('',(0.048693385782048,0.000939848320127904,0.));
#3289=CARTESIAN_POINT('',(0.0508675294066487,0.00570760126247629,0.));
#3290=CARTESIAN_POINT('',(0.0480140100806952,0.00106389075517655,0.00025));
#3291=CARTESIAN_POINT('',(0.0549619806533764,-0.00291214818788167,0.));
#3292=MECHANICAL_DESIGN_GEOMETRIC_PRESENTATION_REPRESENTATION('',(#1921),
#3293);
#3293=(
GEOMETRIC_REPRESENTATION_CONTEXT(3)
GLOBAL_UNCERTAINTY_ASSIGNED_CONTEXT((#3294))
GLOBAL_UNIT_ASSIGNED_CONTEXT((#3297,#3296,#3295))
REPRESENTATION_CONTEXT('Servo_Mount','TOP_LEVEL_ASSEMBLY_PART')
);
#3294=UNCERTAINTY_MEASURE_WITH_UNIT(LENGTH_MEASURE(2.E-5),#3297,
'DISTANCE_ACCURACY_VALUE','Maximum Tolerance applied to model');
#3295=(
NAMED_UNIT(*)
SI_UNIT($,.STERADIAN.)
SOLID_ANGLE_UNIT()
);
#3296=(
NAMED_UNIT(*)
PLANE_ANGLE_UNIT()
SI_UNIT($,.RADIAN.)
);
#3297=(
LENGTH_UNIT()
NAMED_UNIT(*)
SI_UNIT($,.METRE.)
);
#3298=PRODUCT_DEFINITION_SHAPE('','',#3299);
#3299=PRODUCT_DEFINITION('','',#3301,#3300);
#3300=PRODUCT_DEFINITION_CONTEXT('',#3307,'design');
#3301=PRODUCT_DEFINITION_FORMATION_WITH_SPECIFIED_SOURCE('','',#3303,
 .NOT_KNOWN.);
#3302=PRODUCT_RELATED_PRODUCT_CATEGORY('','',(#3303));
#3303=PRODUCT('Servo_Mount','Servo_Mount','Servo_Mount',(#3305));
#3304=PRODUCT_CATEGORY('','');
#3305=PRODUCT_CONTEXT('',#3307,'mechanical');
#3306=APPLICATION_PROTOCOL_DEFINITION('international standard',
'ap242_managed_model_based_3d_engineering',2011,#3307);
#3307=APPLICATION_CONTEXT('managed model based 3d engineering');
ENDSEC;
END-ISO-10303-21;
